"","Area","Region","YearPeriod","AVG_Percent"
"1","Albania","Europe","Y20002002","122"
"2","Albania","Europe","Y20012003","121"
"3","Albania","Europe","Y20022004","120"
"4","Albania","Europe","Y20032005","120"
"5","Albania","Europe","Y20042006","120"
"6","Albania","Europe","Y20052007","121"
"7","Albania","Europe","Y20062008","122"
"8","Albania","Europe","Y20072009","125"
"9","Albania","Europe","Y20082010","128"
"10","Albania","Europe","Y20092011","130"
"11","Albania","Europe","Y20102012","132"
"12","Albania","Europe","Y20112013","133"
"13","Albania","Europe","Y20122014","134"
"14","Albania","Europe","Y20132015","134"
"15","Albania","Europe","Y20142016","134"
"16","Albania","Europe","Y20152017","135"
"17","Albania","Europe","Y20162018","135"
"18","Albania","Europe","Y20172019","136"
"19","Albania","Europe","Y20182020","135"
"20","Albania","Europe","Y20192021","135"
"21","Albania","Europe","Y20202022","135"
"22","Austria","Europe","Y20002002","146"
"23","Austria","Europe","Y20012003","144"
"24","Austria","Europe","Y20022004","143"
"25","Austria","Europe","Y20032005","142"
"26","Austria","Europe","Y20042006","144"
"27","Austria","Europe","Y20052007","145"
"28","Austria","Europe","Y20062008","146"
"29","Austria","Europe","Y20072009","147"
"30","Austria","Europe","Y20082010","147"
"31","Austria","Europe","Y20092011","149"
"32","Austria","Europe","Y20102012","150"
"33","Austria","Europe","Y20112013","150"
"34","Austria","Europe","Y20122014","149"
"35","Austria","Europe","Y20132015","148"
"36","Austria","Europe","Y20142016","147"
"37","Austria","Europe","Y20152017","147"
"38","Austria","Europe","Y20162018","147"
"39","Austria","Europe","Y20172019","149"
"40","Austria","Europe","Y20182020","149"
"41","Austria","Europe","Y20192021","150"
"42","Austria","Europe","Y20202022","150"
"43","Belarus","Europe","Y20002002","122"
"44","Belarus","Europe","Y20012003","120"
"45","Belarus","Europe","Y20022004","117"
"46","Belarus","Europe","Y20032005","117"
"47","Belarus","Europe","Y20042006","121"
"48","Belarus","Europe","Y20052007","125"
"49","Belarus","Europe","Y20062008","128"
"50","Belarus","Europe","Y20072009","129"
"51","Belarus","Europe","Y20082010","127"
"52","Belarus","Europe","Y20092011","126"
"53","Belarus","Europe","Y20102012","127"
"54","Belarus","Europe","Y20112013","129"
"55","Belarus","Europe","Y20122014","131"
"56","Belarus","Europe","Y20132015","131"
"57","Belarus","Europe","Y20142016","131"
"58","Belarus","Europe","Y20152017","131"
"59","Belarus","Europe","Y20162018","132"
"60","Belarus","Europe","Y20172019","133"
"61","Belarus","Europe","Y20182020","134"
"62","Belarus","Europe","Y20192021","134"
"63","Belarus","Europe","Y20202022","135"
"64","Belgium","Europe","Y20002002","147"
"65","Belgium","Europe","Y20012003","146"
"66","Belgium","Europe","Y20022004","146"
"67","Belgium","Europe","Y20032005","145"
"68","Belgium","Europe","Y20042006","145"
"69","Belgium","Europe","Y20052007","145"
"70","Belgium","Europe","Y20062008","145"
"71","Belgium","Europe","Y20072009","145"
"72","Belgium","Europe","Y20082010","145"
"73","Belgium","Europe","Y20092011","146"
"74","Belgium","Europe","Y20102012","146"
"75","Belgium","Europe","Y20112013","146"
"76","Belgium","Europe","Y20122014","147"
"77","Belgium","Europe","Y20132015","149"
"78","Belgium","Europe","Y20142016","150"
"79","Belgium","Europe","Y20152017","149"
"80","Belgium","Europe","Y20162018","149"
"81","Belgium","Europe","Y20172019","151"
"82","Belgium","Europe","Y20182020","152"
"83","Belgium","Europe","Y20192021","152"
"84","Belgium","Europe","Y20202022","152"
"85","Bosnia and Herzegovina","Europe","Y20002002","118"
"86","Bosnia and Herzegovina","Europe","Y20012003","119"
"87","Bosnia and Herzegovina","Europe","Y20022004","121"
"88","Bosnia and Herzegovina","Europe","Y20032005","123"
"89","Bosnia and Herzegovina","Europe","Y20042006","125"
"90","Bosnia and Herzegovina","Europe","Y20052007","124"
"91","Bosnia and Herzegovina","Europe","Y20062008","125"
"92","Bosnia and Herzegovina","Europe","Y20072009","126"
"93","Bosnia and Herzegovina","Europe","Y20082010","124"
"94","Bosnia and Herzegovina","Europe","Y20092011","122"
"95","Bosnia and Herzegovina","Europe","Y20102012","120"
"96","Bosnia and Herzegovina","Europe","Y20112013","120"
"97","Bosnia and Herzegovina","Europe","Y20122014","122"
"98","Bosnia and Herzegovina","Europe","Y20132015","124"
"99","Bosnia and Herzegovina","Europe","Y20142016","127"
"100","Bosnia and Herzegovina","Europe","Y20152017","128"
"101","Bosnia and Herzegovina","Europe","Y20162018","129"
"102","Bosnia and Herzegovina","Europe","Y20172019","130"
"103","Bosnia and Herzegovina","Europe","Y20182020","131"
"104","Bosnia and Herzegovina","Europe","Y20192021","133"
"105","Bosnia and Herzegovina","Europe","Y20202022","136"
"106","Bulgaria","Europe","Y20002002","111"
"107","Bulgaria","Europe","Y20012003","110"
"108","Bulgaria","Europe","Y20022004","110"
"109","Bulgaria","Europe","Y20032005","109"
"110","Bulgaria","Europe","Y20042006","109"
"111","Bulgaria","Europe","Y20052007","109"
"112","Bulgaria","Europe","Y20062008","110"
"113","Bulgaria","Europe","Y20072009","110"
"114","Bulgaria","Europe","Y20082010","110"
"115","Bulgaria","Europe","Y20092011","110"
"116","Bulgaria","Europe","Y20102012","109"
"117","Bulgaria","Europe","Y20112013","110"
"118","Bulgaria","Europe","Y20122014","111"
"119","Bulgaria","Europe","Y20132015","112"
"120","Bulgaria","Europe","Y20142016","112"
"121","Bulgaria","Europe","Y20152017","112"
"122","Bulgaria","Europe","Y20162018","113"
"123","Bulgaria","Europe","Y20172019","114"
"124","Bulgaria","Europe","Y20182020","116"
"125","Bulgaria","Europe","Y20192021","117"
"126","Bulgaria","Europe","Y20202022","119"
"127","Croatia","Europe","Y20002002","110"
"128","Croatia","Europe","Y20012003","114"
"129","Croatia","Europe","Y20022004","116"
"130","Croatia","Europe","Y20032005","118"
"131","Croatia","Europe","Y20042006","120"
"132","Croatia","Europe","Y20052007","122"
"133","Croatia","Europe","Y20062008","124"
"134","Croatia","Europe","Y20072009","124"
"135","Croatia","Europe","Y20082010","122"
"136","Croatia","Europe","Y20092011","120"
"137","Croatia","Europe","Y20102012","119"
"138","Croatia","Europe","Y20112013","120"
"139","Croatia","Europe","Y20122014","120"
"140","Croatia","Europe","Y20132015","121"
"141","Croatia","Europe","Y20142016","122"
"142","Croatia","Europe","Y20152017","124"
"143","Croatia","Europe","Y20162018","125"
"144","Croatia","Europe","Y20172019","126"
"145","Croatia","Europe","Y20182020","128"
"146","Croatia","Europe","Y20192021","130"
"147","Croatia","Europe","Y20202022","131"
"148","Czechia","Europe","Y20002002","123"
"149","Czechia","Europe","Y20012003","126"
"150","Czechia","Europe","Y20022004","128"
"151","Czechia","Europe","Y20032005","129"
"152","Czechia","Europe","Y20042006","128"
"153","Czechia","Europe","Y20052007","128"
"154","Czechia","Europe","Y20062008","127"
"155","Czechia","Europe","Y20072009","127"
"156","Czechia","Europe","Y20082010","128"
"157","Czechia","Europe","Y20092011","129"
"158","Czechia","Europe","Y20102012","129"
"159","Czechia","Europe","Y20112013","129"
"160","Czechia","Europe","Y20122014","128"
"161","Czechia","Europe","Y20132015","127"
"162","Czechia","Europe","Y20142016","126"
"163","Czechia","Europe","Y20152017","128"
"164","Czechia","Europe","Y20162018","130"
"165","Czechia","Europe","Y20172019","131"
"166","Czechia","Europe","Y20182020","132"
"167","Czechia","Europe","Y20192021","133"
"168","Czechia","Europe","Y20202022","134"
"169","Denmark","Europe","Y20002002","132"
"170","Denmark","Europe","Y20012003","132"
"171","Denmark","Europe","Y20022004","133"
"172","Denmark","Europe","Y20032005","133"
"173","Denmark","Europe","Y20042006","134"
"174","Denmark","Europe","Y20052007","135"
"175","Denmark","Europe","Y20062008","134"
"176","Denmark","Europe","Y20072009","133"
"177","Denmark","Europe","Y20082010","131"
"178","Denmark","Europe","Y20092011","131"
"179","Denmark","Europe","Y20102012","130"
"180","Denmark","Europe","Y20112013","130"
"181","Denmark","Europe","Y20122014","131"
"182","Denmark","Europe","Y20132015","131"
"183","Denmark","Europe","Y20142016","131"
"184","Denmark","Europe","Y20152017","132"
"185","Denmark","Europe","Y20162018","133"
"186","Denmark","Europe","Y20172019","134"
"187","Denmark","Europe","Y20182020","134"
"188","Denmark","Europe","Y20192021","135"
"189","Denmark","Europe","Y20202022","135"
"190","Estonia","Europe","Y20002002","116"
"191","Estonia","Europe","Y20012003","116"
"192","Estonia","Europe","Y20022004","116"
"193","Estonia","Europe","Y20032005","118"
"194","Estonia","Europe","Y20042006","120"
"195","Estonia","Europe","Y20052007","122"
"196","Estonia","Europe","Y20062008","124"
"197","Estonia","Europe","Y20072009","126"
"198","Estonia","Europe","Y20082010","127"
"199","Estonia","Europe","Y20092011","127"
"200","Estonia","Europe","Y20102012","126"
"201","Estonia","Europe","Y20112013","125"
"202","Estonia","Europe","Y20122014","125"
"203","Estonia","Europe","Y20132015","124"
"204","Estonia","Europe","Y20142016","123"
"205","Estonia","Europe","Y20152017","122"
"206","Estonia","Europe","Y20162018","123"
"207","Estonia","Europe","Y20172019","125"
"208","Estonia","Europe","Y20182020","127"
"209","Estonia","Europe","Y20192021","127"
"210","Estonia","Europe","Y20202022","127"
"211","Finland","Europe","Y20002002","123"
"212","Finland","Europe","Y20012003","123"
"213","Finland","Europe","Y20022004","123"
"214","Finland","Europe","Y20032005","124"
"215","Finland","Europe","Y20042006","125"
"216","Finland","Europe","Y20052007","126"
"217","Finland","Europe","Y20062008","127"
"218","Finland","Europe","Y20072009","127"
"219","Finland","Europe","Y20082010","126"
"220","Finland","Europe","Y20092011","125"
"221","Finland","Europe","Y20102012","126"
"222","Finland","Europe","Y20112013","127"
"223","Finland","Europe","Y20122014","127"
"224","Finland","Europe","Y20132015","127"
"225","Finland","Europe","Y20142016","127"
"226","Finland","Europe","Y20152017","128"
"227","Finland","Europe","Y20162018","129"
"228","Finland","Europe","Y20172019","130"
"229","Finland","Europe","Y20182020","131"
"230","Finland","Europe","Y20192021","132"
"231","Finland","Europe","Y20202022","132"
"232","France","Europe","Y20002002","146"
"233","France","Europe","Y20012003","146"
"234","France","Europe","Y20022004","145"
"235","France","Europe","Y20032005","143"
"236","France","Europe","Y20042006","142"
"237","France","Europe","Y20052007","141"
"238","France","Europe","Y20062008","141"
"239","France","Europe","Y20072009","141"
"240","France","Europe","Y20082010","142"
"241","France","Europe","Y20092011","141"
"242","France","Europe","Y20102012","140"
"243","France","Europe","Y20112013","140"
"244","France","Europe","Y20122014","140"
"245","France","Europe","Y20132015","142"
"246","France","Europe","Y20142016","144"
"247","France","Europe","Y20152017","145"
"248","France","Europe","Y20162018","145"
"249","France","Europe","Y20172019","143"
"250","France","Europe","Y20182020","141"
"251","France","Europe","Y20192021","141"
"252","France","Europe","Y20202022","142"
"253","Germany","Europe","Y20002002","136"
"254","Germany","Europe","Y20012003","137"
"255","Germany","Europe","Y20022004","138"
"256","Germany","Europe","Y20032005","138"
"257","Germany","Europe","Y20042006","139"
"258","Germany","Europe","Y20052007","140"
"259","Germany","Europe","Y20062008","141"
"260","Germany","Europe","Y20072009","142"
"261","Germany","Europe","Y20082010","142"
"262","Germany","Europe","Y20092011","142"
"263","Germany","Europe","Y20102012","141"
"264","Germany","Europe","Y20112013","141"
"265","Germany","Europe","Y20122014","140"
"266","Germany","Europe","Y20132015","140"
"267","Germany","Europe","Y20142016","140"
"268","Germany","Europe","Y20152017","141"
"269","Germany","Europe","Y20162018","141"
"270","Germany","Europe","Y20172019","142"
"271","Germany","Europe","Y20182020","143"
"272","Germany","Europe","Y20192021","145"
"273","Germany","Europe","Y20202022","146"
"274","Greece","Europe","Y20002002","141"
"275","Greece","Europe","Y20012003","141"
"276","Greece","Europe","Y20022004","142"
"277","Greece","Europe","Y20032005","141"
"278","Greece","Europe","Y20042006","140"
"279","Greece","Europe","Y20052007","138"
"280","Greece","Europe","Y20062008","138"
"281","Greece","Europe","Y20072009","139"
"282","Greece","Europe","Y20082010","140"
"283","Greece","Europe","Y20092011","140"
"284","Greece","Europe","Y20102012","140"
"285","Greece","Europe","Y20112013","140"
"286","Greece","Europe","Y20122014","139"
"287","Greece","Europe","Y20132015","137"
"288","Greece","Europe","Y20142016","135"
"289","Greece","Europe","Y20152017","134"
"290","Greece","Europe","Y20162018","134"
"291","Greece","Europe","Y20172019","135"
"292","Greece","Europe","Y20182020","135"
"293","Greece","Europe","Y20192021","135"
"294","Greece","Europe","Y20202022","136"
"295","Hungary","Europe","Y20002002","123"
"296","Hungary","Europe","Y20012003","121"
"297","Hungary","Europe","Y20022004","123"
"298","Hungary","Europe","Y20032005","125"
"299","Hungary","Europe","Y20042006","128"
"300","Hungary","Europe","Y20052007","128"
"301","Hungary","Europe","Y20062008","126"
"302","Hungary","Europe","Y20072009","125"
"303","Hungary","Europe","Y20082010","123"
"304","Hungary","Europe","Y20092011","122"
"305","Hungary","Europe","Y20102012","120"
"306","Hungary","Europe","Y20112013","119"
"307","Hungary","Europe","Y20122014","119"
"308","Hungary","Europe","Y20132015","122"
"309","Hungary","Europe","Y20142016","125"
"310","Hungary","Europe","Y20152017","127"
"311","Hungary","Europe","Y20162018","128"
"312","Hungary","Europe","Y20172019","130"
"313","Hungary","Europe","Y20182020","130"
"314","Hungary","Europe","Y20192021","131"
"315","Hungary","Europe","Y20202022","130"
"316","Iceland","Europe","Y20002002","126"
"317","Iceland","Europe","Y20012003","127"
"318","Iceland","Europe","Y20022004","129"
"319","Iceland","Europe","Y20032005","131"
"320","Iceland","Europe","Y20042006","133"
"321","Iceland","Europe","Y20052007","134"
"322","Iceland","Europe","Y20062008","135"
"323","Iceland","Europe","Y20072009","134"
"324","Iceland","Europe","Y20082010","133"
"325","Iceland","Europe","Y20092011","132"
"326","Iceland","Europe","Y20102012","131"
"327","Iceland","Europe","Y20112013","132"
"328","Iceland","Europe","Y20122014","133"
"329","Iceland","Europe","Y20132015","134"
"330","Iceland","Europe","Y20142016","136"
"331","Iceland","Europe","Y20152017","136"
"332","Iceland","Europe","Y20162018","135"
"333","Iceland","Europe","Y20172019","134"
"334","Iceland","Europe","Y20182020","133"
"335","Iceland","Europe","Y20192021","130"
"336","Iceland","Europe","Y20202022","129"
"337","Ireland","Europe","Y20002002","149"
"338","Ireland","Europe","Y20012003","147"
"339","Ireland","Europe","Y20022004","145"
"340","Ireland","Europe","Y20032005","143"
"341","Ireland","Europe","Y20042006","141"
"342","Ireland","Europe","Y20052007","140"
"343","Ireland","Europe","Y20062008","141"
"344","Ireland","Europe","Y20072009","141"
"345","Ireland","Europe","Y20082010","143"
"346","Ireland","Europe","Y20092011","144"
"347","Ireland","Europe","Y20102012","146"
"348","Ireland","Europe","Y20112013","147"
"349","Ireland","Europe","Y20122014","148"
"350","Ireland","Europe","Y20132015","150"
"351","Ireland","Europe","Y20142016","153"
"352","Ireland","Europe","Y20152017","155"
"353","Ireland","Europe","Y20162018","157"
"354","Ireland","Europe","Y20172019","159"
"355","Ireland","Europe","Y20182020","160"
"356","Ireland","Europe","Y20192021","160"
"357","Ireland","Europe","Y20202022","159"
"358","Italy","Europe","Y20002002","146"
"359","Italy","Europe","Y20012003","145"
"360","Italy","Europe","Y20022004","145"
"361","Italy","Europe","Y20032005","143"
"362","Italy","Europe","Y20042006","144"
"363","Italy","Europe","Y20052007","144"
"364","Italy","Europe","Y20062008","145"
"365","Italy","Europe","Y20072009","145"
"366","Italy","Europe","Y20082010","146"
"367","Italy","Europe","Y20092011","146"
"368","Italy","Europe","Y20102012","146"
"369","Italy","Europe","Y20112013","145"
"370","Italy","Europe","Y20122014","143"
"371","Italy","Europe","Y20132015","142"
"372","Italy","Europe","Y20142016","141"
"373","Italy","Europe","Y20152017","141"
"374","Italy","Europe","Y20162018","141"
"375","Italy","Europe","Y20172019","142"
"376","Italy","Europe","Y20182020","144"
"377","Italy","Europe","Y20192021","146"
"378","Italy","Europe","Y20202022","148"
"379","Latvia","Europe","Y20002002","116"
"380","Latvia","Europe","Y20012003","119"
"381","Latvia","Europe","Y20022004","122"
"382","Latvia","Europe","Y20032005","123"
"383","Latvia","Europe","Y20042006","125"
"384","Latvia","Europe","Y20052007","126"
"385","Latvia","Europe","Y20062008","126"
"386","Latvia","Europe","Y20072009","125"
"387","Latvia","Europe","Y20082010","126"
"388","Latvia","Europe","Y20092011","127"
"389","Latvia","Europe","Y20102012","127"
"390","Latvia","Europe","Y20112013","129"
"391","Latvia","Europe","Y20122014","129"
"392","Latvia","Europe","Y20132015","130"
"393","Latvia","Europe","Y20142016","130"
"394","Latvia","Europe","Y20152017","130"
"395","Latvia","Europe","Y20162018","131"
"396","Latvia","Europe","Y20172019","132"
"397","Latvia","Europe","Y20182020","133"
"398","Latvia","Europe","Y20192021","134"
"399","Latvia","Europe","Y20202022","136"
"400","Lithuania","Europe","Y20002002","131"
"401","Lithuania","Europe","Y20012003","132"
"402","Lithuania","Europe","Y20022004","133"
"403","Lithuania","Europe","Y20032005","134"
"404","Lithuania","Europe","Y20042006","136"
"405","Lithuania","Europe","Y20052007","138"
"406","Lithuania","Europe","Y20062008","139"
"407","Lithuania","Europe","Y20072009","139"
"408","Lithuania","Europe","Y20082010","135"
"409","Lithuania","Europe","Y20092011","133"
"410","Lithuania","Europe","Y20102012","131"
"411","Lithuania","Europe","Y20112013","132"
"412","Lithuania","Europe","Y20122014","133"
"413","Lithuania","Europe","Y20132015","134"
"414","Lithuania","Europe","Y20142016","135"
"415","Lithuania","Europe","Y20152017","135"
"416","Lithuania","Europe","Y20162018","134"
"417","Lithuania","Europe","Y20172019","134"
"418","Lithuania","Europe","Y20182020","134"
"419","Lithuania","Europe","Y20192021","135"
"420","Lithuania","Europe","Y20202022","137"
"421","Luxembourg","Europe","Y20002002","137"
"422","Luxembourg","Europe","Y20012003","137"
"423","Luxembourg","Europe","Y20022004","137"
"424","Luxembourg","Europe","Y20032005","137"
"425","Luxembourg","Europe","Y20042006","138"
"426","Luxembourg","Europe","Y20052007","138"
"427","Luxembourg","Europe","Y20062008","138"
"428","Luxembourg","Europe","Y20072009","138"
"429","Luxembourg","Europe","Y20082010","137"
"430","Luxembourg","Europe","Y20092011","136"
"431","Luxembourg","Europe","Y20102012","135"
"432","Luxembourg","Europe","Y20112013","134"
"433","Luxembourg","Europe","Y20122014","134"
"434","Luxembourg","Europe","Y20132015","133"
"435","Luxembourg","Europe","Y20142016","131"
"436","Luxembourg","Europe","Y20152017","130"
"437","Luxembourg","Europe","Y20162018","131"
"438","Luxembourg","Europe","Y20172019","132"
"439","Luxembourg","Europe","Y20182020","134"
"440","Luxembourg","Europe","Y20192021","134"
"441","Luxembourg","Europe","Y20202022","133"
"442","Malta","Europe","Y20002002","136"
"443","Malta","Europe","Y20012003","136"
"444","Malta","Europe","Y20022004","136"
"445","Malta","Europe","Y20032005","136"
"446","Malta","Europe","Y20042006","136"
"447","Malta","Europe","Y20052007","136"
"448","Malta","Europe","Y20062008","136"
"449","Malta","Europe","Y20072009","136"
"450","Malta","Europe","Y20082010","137"
"451","Malta","Europe","Y20092011","138"
"452","Malta","Europe","Y20102012","137"
"453","Malta","Europe","Y20112013","135"
"454","Malta","Europe","Y20122014","134"
"455","Malta","Europe","Y20132015","132"
"456","Malta","Europe","Y20142016","130"
"457","Malta","Europe","Y20152017","128"
"458","Malta","Europe","Y20162018","125"
"459","Malta","Europe","Y20172019","122"
"460","Malta","Europe","Y20182020","118"
"461","Malta","Europe","Y20192021","115"
"462","Malta","Europe","Y20202022","113"
"463","Montenegro","Europe","Y20002002","106"
"464","Montenegro","Europe","Y20012003","107"
"465","Montenegro","Europe","Y20022004","108"
"466","Montenegro","Europe","Y20032005","109"
"467","Montenegro","Europe","Y20042006","117"
"468","Montenegro","Europe","Y20052007","134"
"469","Montenegro","Europe","Y20062008","136"
"470","Montenegro","Europe","Y20072009","139"
"471","Montenegro","Europe","Y20082010","139"
"472","Montenegro","Europe","Y20092011","138"
"473","Montenegro","Europe","Y20102012","136"
"474","Montenegro","Europe","Y20112013","135"
"475","Montenegro","Europe","Y20122014","134"
"476","Montenegro","Europe","Y20132015","135"
"477","Montenegro","Europe","Y20142016","136"
"478","Montenegro","Europe","Y20152017","138"
"479","Montenegro","Europe","Y20162018","140"
"480","Montenegro","Europe","Y20172019","140"
"481","Montenegro","Europe","Y20182020","141"
"482","Montenegro","Europe","Y20192021","144"
"483","Montenegro","Europe","Y20202022","148"
"484","Netherlands (Kingdom of the)","Europe","Y20002002","126"
"485","Netherlands (Kingdom of the)","Europe","Y20012003","125"
"486","Netherlands (Kingdom of the)","Europe","Y20022004","124"
"487","Netherlands (Kingdom of the)","Europe","Y20032005","124"
"488","Netherlands (Kingdom of the)","Europe","Y20042006","124"
"489","Netherlands (Kingdom of the)","Europe","Y20052007","125"
"490","Netherlands (Kingdom of the)","Europe","Y20062008","125"
"491","Netherlands (Kingdom of the)","Europe","Y20072009","125"
"492","Netherlands (Kingdom of the)","Europe","Y20082010","125"
"493","Netherlands (Kingdom of the)","Europe","Y20092011","125"
"494","Netherlands (Kingdom of the)","Europe","Y20102012","125"
"495","Netherlands (Kingdom of the)","Europe","Y20112013","126"
"496","Netherlands (Kingdom of the)","Europe","Y20122014","126"
"497","Netherlands (Kingdom of the)","Europe","Y20132015","126"
"498","Netherlands (Kingdom of the)","Europe","Y20142016","126"
"499","Netherlands (Kingdom of the)","Europe","Y20152017","127"
"500","Netherlands (Kingdom of the)","Europe","Y20162018","127"
"501","Netherlands (Kingdom of the)","Europe","Y20172019","130"
"502","Netherlands (Kingdom of the)","Europe","Y20182020","133"
"503","Netherlands (Kingdom of the)","Europe","Y20192021","135"
"504","Netherlands (Kingdom of the)","Europe","Y20202022","136"
"505","North Macedonia","Europe","Y20002002","110"
"506","North Macedonia","Europe","Y20012003","110"
"507","North Macedonia","Europe","Y20022004","113"
"508","North Macedonia","Europe","Y20032005","114"
"509","North Macedonia","Europe","Y20042006","115"
"510","North Macedonia","Europe","Y20052007","117"
"511","North Macedonia","Europe","Y20062008","119"
"512","North Macedonia","Europe","Y20072009","121"
"513","North Macedonia","Europe","Y20082010","120"
"514","North Macedonia","Europe","Y20092011","119"
"515","North Macedonia","Europe","Y20102012","118"
"516","North Macedonia","Europe","Y20112013","117"
"517","North Macedonia","Europe","Y20122014","117"
"518","North Macedonia","Europe","Y20132015","118"
"519","North Macedonia","Europe","Y20142016","118"
"520","North Macedonia","Europe","Y20152017","119"
"521","North Macedonia","Europe","Y20162018","120"
"522","North Macedonia","Europe","Y20172019","121"
"523","North Macedonia","Europe","Y20182020","123"
"524","North Macedonia","Europe","Y20192021","123"
"525","North Macedonia","Europe","Y20202022","123"
"526","Norway","Europe","Y20002002","135"
"527","Norway","Europe","Y20012003","135"
"528","Norway","Europe","Y20022004","136"
"529","Norway","Europe","Y20032005","137"
"530","Norway","Europe","Y20042006","137"
"531","Norway","Europe","Y20052007","137"
"532","Norway","Europe","Y20062008","137"
"533","Norway","Europe","Y20072009","137"
"534","Norway","Europe","Y20082010","138"
"535","Norway","Europe","Y20092011","139"
"536","Norway","Europe","Y20102012","141"
"537","Norway","Europe","Y20112013","140"
"538","Norway","Europe","Y20122014","140"
"539","Norway","Europe","Y20132015","138"
"540","Norway","Europe","Y20142016","136"
"541","Norway","Europe","Y20152017","135"
"542","Norway","Europe","Y20162018","135"
"543","Norway","Europe","Y20172019","136"
"544","Norway","Europe","Y20182020","138"
"545","Norway","Europe","Y20192021","139"
"546","Norway","Europe","Y20202022","139"
"547","Poland","Europe","Y20002002","135"
"548","Poland","Europe","Y20012003","135"
"549","Poland","Europe","Y20022004","134"
"550","Poland","Europe","Y20032005","133"
"551","Poland","Europe","Y20042006","132"
"552","Poland","Europe","Y20052007","132"
"553","Poland","Europe","Y20062008","131"
"554","Poland","Europe","Y20072009","132"
"555","Poland","Europe","Y20082010","133"
"556","Poland","Europe","Y20092011","134"
"557","Poland","Europe","Y20102012","134"
"558","Poland","Europe","Y20112013","133"
"559","Poland","Europe","Y20122014","133"
"560","Poland","Europe","Y20132015","132"
"561","Poland","Europe","Y20142016","133"
"562","Poland","Europe","Y20152017","134"
"563","Poland","Europe","Y20162018","137"
"564","Poland","Europe","Y20172019","138"
"565","Poland","Europe","Y20182020","139"
"566","Poland","Europe","Y20192021","141"
"567","Poland","Europe","Y20202022","140"
"568","Portugal","Europe","Y20002002","142"
"569","Portugal","Europe","Y20012003","142"
"570","Portugal","Europe","Y20022004","142"
"571","Portugal","Europe","Y20032005","142"
"572","Portugal","Europe","Y20042006","142"
"573","Portugal","Europe","Y20052007","142"
"574","Portugal","Europe","Y20062008","142"
"575","Portugal","Europe","Y20072009","142"
"576","Portugal","Europe","Y20082010","141"
"577","Portugal","Europe","Y20092011","141"
"578","Portugal","Europe","Y20102012","140"
"579","Portugal","Europe","Y20112013","139"
"580","Portugal","Europe","Y20122014","138"
"581","Portugal","Europe","Y20132015","138"
"582","Portugal","Europe","Y20142016","137"
"583","Portugal","Europe","Y20152017","138"
"584","Portugal","Europe","Y20162018","138"
"585","Portugal","Europe","Y20172019","139"
"586","Portugal","Europe","Y20182020","140"
"587","Portugal","Europe","Y20192021","141"
"588","Portugal","Europe","Y20202022","142"
"589","Republic of Moldova","Europe","Y20002002","98"
"590","Republic of Moldova","Europe","Y20012003","97"
"591","Republic of Moldova","Europe","Y20022004","96"
"592","Republic of Moldova","Europe","Y20032005","95"
"593","Republic of Moldova","Europe","Y20042006","95"
"594","Republic of Moldova","Europe","Y20052007","96"
"595","Republic of Moldova","Europe","Y20062008","97"
"596","Republic of Moldova","Europe","Y20072009","97"
"597","Republic of Moldova","Europe","Y20082010","103"
"598","Republic of Moldova","Europe","Y20092011","111"
"599","Republic of Moldova","Europe","Y20102012","121"
"600","Republic of Moldova","Europe","Y20112013","124"
"601","Republic of Moldova","Europe","Y20122014","128"
"602","Republic of Moldova","Europe","Y20132015","131"
"603","Republic of Moldova","Europe","Y20142016","134"
"604","Republic of Moldova","Europe","Y20152017","136"
"605","Republic of Moldova","Europe","Y20162018","139"
"606","Republic of Moldova","Europe","Y20172019","140"
"607","Republic of Moldova","Europe","Y20182020","140"
"608","Republic of Moldova","Europe","Y20192021","140"
"609","Republic of Moldova","Europe","Y20202022","137"
"610","Romania","Europe","Y20002002","131"
"611","Romania","Europe","Y20012003","134"
"612","Romania","Europe","Y20022004","136"
"613","Romania","Europe","Y20032005","138"
"614","Romania","Europe","Y20042006","139"
"615","Romania","Europe","Y20052007","141"
"616","Romania","Europe","Y20062008","142"
"617","Romania","Europe","Y20072009","142"
"618","Romania","Europe","Y20082010","144"
"619","Romania","Europe","Y20092011","145"
"620","Romania","Europe","Y20102012","146"
"621","Romania","Europe","Y20112013","146"
"622","Romania","Europe","Y20122014","144"
"623","Romania","Europe","Y20132015","143"
"624","Romania","Europe","Y20142016","142"
"625","Romania","Europe","Y20152017","144"
"626","Romania","Europe","Y20162018","145"
"627","Romania","Europe","Y20172019","146"
"628","Romania","Europe","Y20182020","147"
"629","Romania","Europe","Y20192021","148"
"630","Romania","Europe","Y20202022","148"
"631","Russian Federation","Europe","Y20002002","118"
"632","Russian Federation","Europe","Y20012003","120"
"633","Russian Federation","Europe","Y20022004","122"
"634","Russian Federation","Europe","Y20032005","124"
"635","Russian Federation","Europe","Y20042006","127"
"636","Russian Federation","Europe","Y20052007","129"
"637","Russian Federation","Europe","Y20062008","131"
"638","Russian Federation","Europe","Y20072009","132"
"639","Russian Federation","Europe","Y20082010","132"
"640","Russian Federation","Europe","Y20092011","132"
"641","Russian Federation","Europe","Y20102012","134"
"642","Russian Federation","Europe","Y20112013","134"
"643","Russian Federation","Europe","Y20122014","135"
"644","Russian Federation","Europe","Y20132015","135"
"645","Russian Federation","Europe","Y20142016","135"
"646","Russian Federation","Europe","Y20152017","135"
"647","Russian Federation","Europe","Y20162018","136"
"648","Russian Federation","Europe","Y20172019","136"
"649","Russian Federation","Europe","Y20182020","137"
"650","Russian Federation","Europe","Y20192021","137"
"651","Russian Federation","Europe","Y20202022","138"
"652","Serbia","Europe","Y20002002","114"
"653","Serbia","Europe","Y20012003","115"
"654","Serbia","Europe","Y20022004","116"
"655","Serbia","Europe","Y20032005","117"
"656","Serbia","Europe","Y20042006","118"
"657","Serbia","Europe","Y20052007","118"
"658","Serbia","Europe","Y20062008","118"
"659","Serbia","Europe","Y20072009","117"
"660","Serbia","Europe","Y20082010","124"
"661","Serbia","Europe","Y20092011","130"
"662","Serbia","Europe","Y20102012","136"
"663","Serbia","Europe","Y20112013","136"
"664","Serbia","Europe","Y20122014","134"
"665","Serbia","Europe","Y20132015","132"
"666","Serbia","Europe","Y20142016","130"
"667","Serbia","Europe","Y20152017","131"
"668","Serbia","Europe","Y20162018","131"
"669","Serbia","Europe","Y20172019","133"
"670","Serbia","Europe","Y20182020","135"
"671","Serbia","Europe","Y20192021","138"
"672","Serbia","Europe","Y20202022","140"
"673","Slovakia","Europe","Y20002002","109"
"674","Slovakia","Europe","Y20012003","109"
"675","Slovakia","Europe","Y20022004","109"
"676","Slovakia","Europe","Y20032005","110"
"677","Slovakia","Europe","Y20042006","110"
"678","Slovakia","Europe","Y20052007","110"
"679","Slovakia","Europe","Y20062008","110"
"680","Slovakia","Europe","Y20072009","111"
"681","Slovakia","Europe","Y20082010","112"
"682","Slovakia","Europe","Y20092011","111"
"683","Slovakia","Europe","Y20102012","109"
"684","Slovakia","Europe","Y20112013","110"
"685","Slovakia","Europe","Y20122014","110"
"686","Slovakia","Europe","Y20132015","110"
"687","Slovakia","Europe","Y20142016","110"
"688","Slovakia","Europe","Y20152017","111"
"689","Slovakia","Europe","Y20162018","113"
"690","Slovakia","Europe","Y20172019","115"
"691","Slovakia","Europe","Y20182020","118"
"692","Slovakia","Europe","Y20192021","120"
"693","Slovakia","Europe","Y20202022","119"
"694","Slovenia","Europe","Y20002002","121"
"695","Slovenia","Europe","Y20012003","122"
"696","Slovenia","Europe","Y20022004","124"
"697","Slovenia","Europe","Y20032005","124"
"698","Slovenia","Europe","Y20042006","124"
"699","Slovenia","Europe","Y20052007","124"
"700","Slovenia","Europe","Y20062008","125"
"701","Slovenia","Europe","Y20072009","126"
"702","Slovenia","Europe","Y20082010","127"
"703","Slovenia","Europe","Y20092011","128"
"704","Slovenia","Europe","Y20102012","128"
"705","Slovenia","Europe","Y20112013","128"
"706","Slovenia","Europe","Y20122014","129"
"707","Slovenia","Europe","Y20132015","129"
"708","Slovenia","Europe","Y20142016","129"
"709","Slovenia","Europe","Y20152017","128"
"710","Slovenia","Europe","Y20162018","128"
"711","Slovenia","Europe","Y20172019","128"
"712","Slovenia","Europe","Y20182020","127"
"713","Slovenia","Europe","Y20192021","126"
"714","Slovenia","Europe","Y20202022","126"
"715","Spain","Europe","Y20002002","131"
"716","Spain","Europe","Y20012003","130"
"717","Spain","Europe","Y20022004","129"
"718","Spain","Europe","Y20032005","127"
"719","Spain","Europe","Y20042006","126"
"720","Spain","Europe","Y20052007","126"
"721","Spain","Europe","Y20062008","126"
"722","Spain","Europe","Y20072009","126"
"723","Spain","Europe","Y20082010","127"
"724","Spain","Europe","Y20092011","128"
"725","Spain","Europe","Y20102012","129"
"726","Spain","Europe","Y20112013","129"
"727","Spain","Europe","Y20122014","129"
"728","Spain","Europe","Y20132015","129"
"729","Spain","Europe","Y20142016","130"
"730","Spain","Europe","Y20152017","131"
"731","Spain","Europe","Y20162018","133"
"732","Spain","Europe","Y20172019","134"
"733","Spain","Europe","Y20182020","135"
"734","Spain","Europe","Y20192021","134"
"735","Spain","Europe","Y20202022","134"
"736","Sweden","Europe","Y20002002","123"
"737","Sweden","Europe","Y20012003","123"
"738","Sweden","Europe","Y20022004","123"
"739","Sweden","Europe","Y20032005","122"
"740","Sweden","Europe","Y20042006","122"
"741","Sweden","Europe","Y20052007","121"
"742","Sweden","Europe","Y20062008","122"
"743","Sweden","Europe","Y20072009","122"
"744","Sweden","Europe","Y20082010","124"
"745","Sweden","Europe","Y20092011","125"
"746","Sweden","Europe","Y20102012","127"
"747","Sweden","Europe","Y20112013","127"
"748","Sweden","Europe","Y20122014","127"
"749","Sweden","Europe","Y20132015","127"
"750","Sweden","Europe","Y20142016","127"
"751","Sweden","Europe","Y20152017","127"
"752","Sweden","Europe","Y20162018","126"
"753","Sweden","Europe","Y20172019","126"
"754","Sweden","Europe","Y20182020","127"
"755","Sweden","Europe","Y20192021","129"
"756","Sweden","Europe","Y20202022","129"
"757","Switzerland","Europe","Y20002002","134"
"758","Switzerland","Europe","Y20012003","134"
"759","Switzerland","Europe","Y20022004","134"
"760","Switzerland","Europe","Y20032005","134"
"761","Switzerland","Europe","Y20042006","134"
"762","Switzerland","Europe","Y20052007","134"
"763","Switzerland","Europe","Y20062008","134"
"764","Switzerland","Europe","Y20072009","135"
"765","Switzerland","Europe","Y20082010","134"
"766","Switzerland","Europe","Y20092011","134"
"767","Switzerland","Europe","Y20102012","133"
"768","Switzerland","Europe","Y20112013","133"
"769","Switzerland","Europe","Y20122014","132"
"770","Switzerland","Europe","Y20132015","132"
"771","Switzerland","Europe","Y20142016","132"
"772","Switzerland","Europe","Y20152017","132"
"773","Switzerland","Europe","Y20162018","132"
"774","Switzerland","Europe","Y20172019","132"
"775","Switzerland","Europe","Y20182020","133"
"776","Switzerland","Europe","Y20192021","134"
"777","Switzerland","Europe","Y20202022","134"
"778","Ukraine","Europe","Y20002002","120"
"779","Ukraine","Europe","Y20012003","121"
"780","Ukraine","Europe","Y20022004","124"
"781","Ukraine","Europe","Y20032005","126"
"782","Ukraine","Europe","Y20042006","129"
"783","Ukraine","Europe","Y20052007","129"
"784","Ukraine","Europe","Y20062008","131"
"785","Ukraine","Europe","Y20072009","130"
"786","Ukraine","Europe","Y20082010","128"
"787","Ukraine","Europe","Y20092011","127"
"788","Ukraine","Europe","Y20102012","127"
"789","Ukraine","Europe","Y20112013","127"
"790","Ukraine","Europe","Y20122014","127"
"791","Ukraine","Europe","Y20132015","126"
"792","Ukraine","Europe","Y20142016","124"
"793","Ukraine","Europe","Y20152017","123"
"794","Ukraine","Europe","Y20162018","122"
"795","Ukraine","Europe","Y20172019","120"
"796","Ukraine","Europe","Y20182020","119"
"797","Ukraine","Europe","Y20192021","118"
"798","Ukraine","Europe","Y20202022","118"
"799","United Kingdom of Great Britain and Northern Ireland","Europe","Y20002002","137"
"800","United Kingdom of Great Britain and Northern Ireland","Europe","Y20012003","137"
"801","United Kingdom of Great Britain and Northern Ireland","Europe","Y20022004","138"
"802","United Kingdom of Great Britain and Northern Ireland","Europe","Y20032005","138"
"803","United Kingdom of Great Britain and Northern Ireland","Europe","Y20042006","138"
"804","United Kingdom of Great Britain and Northern Ireland","Europe","Y20052007","137"
"805","United Kingdom of Great Britain and Northern Ireland","Europe","Y20062008","137"
"806","United Kingdom of Great Britain and Northern Ireland","Europe","Y20072009","136"
"807","United Kingdom of Great Britain and Northern Ireland","Europe","Y20082010","135"
"808","United Kingdom of Great Britain and Northern Ireland","Europe","Y20092011","134"
"809","United Kingdom of Great Britain and Northern Ireland","Europe","Y20102012","133"
"810","United Kingdom of Great Britain and Northern Ireland","Europe","Y20112013","134"
"811","United Kingdom of Great Britain and Northern Ireland","Europe","Y20122014","134"
"812","United Kingdom of Great Britain and Northern Ireland","Europe","Y20132015","135"
"813","United Kingdom of Great Britain and Northern Ireland","Europe","Y20142016","135"
"814","United Kingdom of Great Britain and Northern Ireland","Europe","Y20152017","136"
"815","United Kingdom of Great Britain and Northern Ireland","Europe","Y20162018","135"
"816","United Kingdom of Great Britain and Northern Ireland","Europe","Y20172019","135"
"817","United Kingdom of Great Britain and Northern Ireland","Europe","Y20182020","135"
"818","United Kingdom of Great Britain and Northern Ireland","Europe","Y20192021","137"
"819","United Kingdom of Great Britain and Northern Ireland","Europe","Y20202022","138"
"820","Algeria","Africa","Y20002002","127"
"821","Algeria","Africa","Y20012003","129"
"822","Algeria","Africa","Y20022004","130"
"823","Algeria","Africa","Y20032005","130"
"824","Algeria","Africa","Y20042006","131"
"825","Algeria","Africa","Y20052007","132"
"826","Algeria","Africa","Y20062008","133"
"827","Algeria","Africa","Y20072009","135"
"828","Algeria","Africa","Y20082010","136"
"829","Algeria","Africa","Y20092011","139"
"830","Algeria","Africa","Y20102012","142"
"831","Algeria","Africa","Y20112013","145"
"832","Algeria","Africa","Y20122014","147"
"833","Algeria","Africa","Y20132015","148"
"834","Algeria","Africa","Y20142016","149"
"835","Algeria","Africa","Y20152017","149"
"836","Algeria","Africa","Y20162018","149"
"837","Algeria","Africa","Y20172019","149"
"838","Algeria","Africa","Y20182020","150"
"839","Algeria","Africa","Y20192021","151"
"840","Algeria","Africa","Y20202022","152"
"841","Angola","Africa","Y20002002","74"
"842","Angola","Africa","Y20012003","77"
"843","Angola","Africa","Y20022004","80"
"844","Angola","Africa","Y20032005","82"
"845","Angola","Africa","Y20042006","84"
"846","Angola","Africa","Y20052007","85"
"847","Angola","Africa","Y20062008","87"
"848","Angola","Africa","Y20072009","90"
"849","Angola","Africa","Y20082010","99"
"850","Angola","Africa","Y20092011","109"
"851","Angola","Africa","Y20102012","116"
"852","Angola","Africa","Y20112013","118"
"853","Angola","Africa","Y20122014","119"
"854","Angola","Africa","Y20132015","119"
"855","Angola","Africa","Y20142016","118"
"856","Angola","Africa","Y20152017","116"
"857","Angola","Africa","Y20162018","116"
"858","Angola","Africa","Y20172019","115"
"859","Angola","Africa","Y20182020","114"
"860","Angola","Africa","Y20192021","113"
"861","Angola","Africa","Y20202022","114"
"862","Benin","Africa","Y20002002","109"
"863","Benin","Africa","Y20012003","111"
"864","Benin","Africa","Y20022004","113"
"865","Benin","Africa","Y20032005","114"
"866","Benin","Africa","Y20042006","116"
"867","Benin","Africa","Y20052007","118"
"868","Benin","Africa","Y20062008","119"
"869","Benin","Africa","Y20072009","121"
"870","Benin","Africa","Y20082010","120"
"871","Benin","Africa","Y20092011","120"
"872","Benin","Africa","Y20102012","120"
"873","Benin","Africa","Y20112013","120"
"874","Benin","Africa","Y20122014","121"
"875","Benin","Africa","Y20132015","121"
"876","Benin","Africa","Y20142016","121"
"877","Benin","Africa","Y20152017","121"
"878","Benin","Africa","Y20162018","120"
"879","Benin","Africa","Y20172019","121"
"880","Benin","Africa","Y20182020","122"
"881","Benin","Africa","Y20192021","124"
"882","Benin","Africa","Y20202022","126"
"883","Botswana","Africa","Y20002002","99"
"884","Botswana","Africa","Y20012003","98"
"885","Botswana","Africa","Y20022004","98"
"886","Botswana","Africa","Y20032005","99"
"887","Botswana","Africa","Y20042006","101"
"888","Botswana","Africa","Y20052007","101"
"889","Botswana","Africa","Y20062008","102"
"890","Botswana","Africa","Y20072009","103"
"891","Botswana","Africa","Y20082010","103"
"892","Botswana","Africa","Y20092011","103"
"893","Botswana","Africa","Y20102012","103"
"894","Botswana","Africa","Y20112013","103"
"895","Botswana","Africa","Y20122014","104"
"896","Botswana","Africa","Y20132015","104"
"897","Botswana","Africa","Y20142016","104"
"898","Botswana","Africa","Y20152017","103"
"899","Botswana","Africa","Y20162018","103"
"900","Botswana","Africa","Y20172019","103"
"901","Botswana","Africa","Y20182020","104"
"902","Botswana","Africa","Y20192021","107"
"903","Botswana","Africa","Y20202022","109"
"904","Burkina Faso","Africa","Y20002002","109"
"905","Burkina Faso","Africa","Y20012003","111"
"906","Burkina Faso","Africa","Y20022004","114"
"907","Burkina Faso","Africa","Y20032005","114"
"908","Burkina Faso","Africa","Y20042006","115"
"909","Burkina Faso","Africa","Y20052007","116"
"910","Burkina Faso","Africa","Y20062008","117"
"911","Burkina Faso","Africa","Y20072009","119"
"912","Burkina Faso","Africa","Y20082010","119"
"913","Burkina Faso","Africa","Y20092011","119"
"914","Burkina Faso","Africa","Y20102012","119"
"915","Burkina Faso","Africa","Y20112013","120"
"916","Burkina Faso","Africa","Y20122014","121"
"917","Burkina Faso","Africa","Y20132015","121"
"918","Burkina Faso","Africa","Y20142016","121"
"919","Burkina Faso","Africa","Y20152017","120"
"920","Burkina Faso","Africa","Y20162018","120"
"921","Burkina Faso","Africa","Y20172019","120"
"922","Burkina Faso","Africa","Y20182020","120"
"923","Burkina Faso","Africa","Y20192021","120"
"924","Burkina Faso","Africa","Y20202022","120"
"925","Cabo Verde","Africa","Y20002002","108"
"926","Cabo Verde","Africa","Y20012003","108"
"927","Cabo Verde","Africa","Y20022004","110"
"928","Cabo Verde","Africa","Y20032005","112"
"929","Cabo Verde","Africa","Y20042006","113"
"930","Cabo Verde","Africa","Y20052007","112"
"931","Cabo Verde","Africa","Y20062008","111"
"932","Cabo Verde","Africa","Y20072009","110"
"933","Cabo Verde","Africa","Y20082010","106"
"934","Cabo Verde","Africa","Y20092011","104"
"935","Cabo Verde","Africa","Y20102012","102"
"936","Cabo Verde","Africa","Y20112013","102"
"937","Cabo Verde","Africa","Y20122014","101"
"938","Cabo Verde","Africa","Y20132015","100"
"939","Cabo Verde","Africa","Y20142016","99"
"940","Cabo Verde","Africa","Y20152017","99"
"941","Cabo Verde","Africa","Y20162018","100"
"942","Cabo Verde","Africa","Y20172019","101"
"943","Cabo Verde","Africa","Y20182020","102"
"944","Cabo Verde","Africa","Y20192021","102"
"945","Cabo Verde","Africa","Y20202022","101"
"946","Cameroon","Africa","Y20002002","101"
"947","Cameroon","Africa","Y20012003","103"
"948","Cameroon","Africa","Y20022004","104"
"949","Cameroon","Africa","Y20032005","106"
"950","Cameroon","Africa","Y20042006","107"
"951","Cameroon","Africa","Y20052007","109"
"952","Cameroon","Africa","Y20062008","111"
"953","Cameroon","Africa","Y20072009","113"
"954","Cameroon","Africa","Y20082010","118"
"955","Cameroon","Africa","Y20092011","123"
"956","Cameroon","Africa","Y20102012","127"
"957","Cameroon","Africa","Y20112013","128"
"958","Cameroon","Africa","Y20122014","127"
"959","Cameroon","Africa","Y20132015","126"
"960","Cameroon","Africa","Y20142016","125"
"961","Cameroon","Africa","Y20152017","125"
"962","Cameroon","Africa","Y20162018","124"
"963","Cameroon","Africa","Y20172019","125"
"964","Cameroon","Africa","Y20182020","126"
"965","Cameroon","Africa","Y20192021","126"
"966","Cameroon","Africa","Y20202022","124"
"967","Central African Republic","Africa","Y20002002","92"
"968","Central African Republic","Africa","Y20012003","91"
"969","Central African Republic","Africa","Y20022004","91"
"970","Central African Republic","Africa","Y20032005","91"
"971","Central African Republic","Africa","Y20042006","92"
"972","Central African Republic","Africa","Y20052007","94"
"973","Central African Republic","Africa","Y20062008","95"
"974","Central African Republic","Africa","Y20072009","97"
"975","Central African Republic","Africa","Y20082010","96"
"976","Central African Republic","Africa","Y20092011","95"
"977","Central African Republic","Africa","Y20102012","93"
"978","Central African Republic","Africa","Y20112013","92"
"979","Central African Republic","Africa","Y20122014","89"
"980","Central African Republic","Africa","Y20132015","86"
"981","Central African Republic","Africa","Y20142016","84"
"982","Central African Republic","Africa","Y20152017","85"
"983","Central African Republic","Africa","Y20162018","86"
"984","Central African Republic","Africa","Y20172019","87"
"985","Central African Republic","Africa","Y20182020","87"
"986","Central African Republic","Africa","Y20192021","86"
"987","Central African Republic","Africa","Y20202022","84"
"988","Chad","Africa","Y20002002","92"
"989","Chad","Africa","Y20012003","93"
"990","Chad","Africa","Y20022004","93"
"991","Chad","Africa","Y20032005","94"
"992","Chad","Africa","Y20042006","94"
"993","Chad","Africa","Y20052007","94"
"994","Chad","Africa","Y20062008","94"
"995","Chad","Africa","Y20072009","93"
"996","Chad","Africa","Y20082010","99"
"997","Chad","Africa","Y20092011","104"
"998","Chad","Africa","Y20102012","110"
"999","Chad","Africa","Y20112013","111"
"1000","Chad","Africa","Y20122014","110"
"1001","Chad","Africa","Y20132015","109"
"1002","Chad","Africa","Y20142016","108"
"1003","Chad","Africa","Y20152017","108"
"1004","Chad","Africa","Y20162018","109"
"1005","Chad","Africa","Y20172019","108"
"1006","Chad","Africa","Y20182020","106"
"1007","Chad","Africa","Y20192021","104"
"1008","Chad","Africa","Y20202022","102"
"1009","Comoros","Africa","Y20002002","100"
"1010","Comoros","Africa","Y20012003","103"
"1011","Comoros","Africa","Y20022004","106"
"1012","Comoros","Africa","Y20032005","107"
"1013","Comoros","Africa","Y20042006","107"
"1014","Comoros","Africa","Y20052007","106"
"1015","Comoros","Africa","Y20062008","105"
"1016","Comoros","Africa","Y20072009","104"
"1017","Comoros","Africa","Y20082010","105"
"1018","Comoros","Africa","Y20092011","107"
"1019","Comoros","Africa","Y20102012","108"
"1020","Comoros","Africa","Y20112013","109"
"1021","Comoros","Africa","Y20122014","109"
"1022","Comoros","Africa","Y20132015","110"
"1023","Comoros","Africa","Y20142016","111"
"1024","Comoros","Africa","Y20152017","111"
"1025","Comoros","Africa","Y20162018","112"
"1026","Comoros","Africa","Y20172019","112"
"1027","Comoros","Africa","Y20182020","112"
"1028","Comoros","Africa","Y20192021","111"
"1029","Comoros","Africa","Y20202022","109"
"1030","Congo","Africa","Y20002002","100"
"1031","Congo","Africa","Y20012003","100"
"1032","Congo","Africa","Y20022004","100"
"1033","Congo","Africa","Y20032005","97"
"1034","Congo","Africa","Y20042006","95"
"1035","Congo","Africa","Y20052007","92"
"1036","Congo","Africa","Y20062008","93"
"1037","Congo","Africa","Y20072009","93"
"1038","Congo","Africa","Y20082010","91"
"1039","Congo","Africa","Y20092011","90"
"1040","Congo","Africa","Y20102012","89"
"1041","Congo","Africa","Y20112013","91"
"1042","Congo","Africa","Y20122014","94"
"1043","Congo","Africa","Y20132015","96"
"1044","Congo","Africa","Y20142016","97"
"1045","Congo","Africa","Y20152017","97"
"1046","Congo","Africa","Y20162018","96"
"1047","Congo","Africa","Y20172019","97"
"1048","Congo","Africa","Y20182020","97"
"1049","Congo","Africa","Y20192021","98"
"1050","Congo","Africa","Y20202022","98"
"1051","Côte d'Ivoire","Africa","Y20002002","118"
"1052","Côte d'Ivoire","Africa","Y20012003","119"
"1053","Côte d'Ivoire","Africa","Y20022004","119"
"1054","Côte d'Ivoire","Africa","Y20032005","120"
"1055","Côte d'Ivoire","Africa","Y20042006","121"
"1056","Côte d'Ivoire","Africa","Y20052007","121"
"1057","Côte d'Ivoire","Africa","Y20062008","119"
"1058","Côte d'Ivoire","Africa","Y20072009","118"
"1059","Côte d'Ivoire","Africa","Y20082010","118"
"1060","Côte d'Ivoire","Africa","Y20092011","120"
"1061","Côte d'Ivoire","Africa","Y20102012","122"
"1062","Côte d'Ivoire","Africa","Y20112013","123"
"1063","Côte d'Ivoire","Africa","Y20122014","122"
"1064","Côte d'Ivoire","Africa","Y20132015","123"
"1065","Côte d'Ivoire","Africa","Y20142016","123"
"1066","Côte d'Ivoire","Africa","Y20152017","125"
"1067","Côte d'Ivoire","Africa","Y20162018","126"
"1068","Côte d'Ivoire","Africa","Y20172019","127"
"1069","Côte d'Ivoire","Africa","Y20182020","129"
"1070","Côte d'Ivoire","Africa","Y20192021","130"
"1071","Côte d'Ivoire","Africa","Y20202022","131"
"1072","Democratic Republic of the Congo","Africa","Y20002002","103"
"1073","Democratic Republic of the Congo","Africa","Y20012003","103"
"1074","Democratic Republic of the Congo","Africa","Y20022004","103"
"1075","Democratic Republic of the Congo","Africa","Y20032005","103"
"1076","Democratic Republic of the Congo","Africa","Y20042006","103"
"1077","Democratic Republic of the Congo","Africa","Y20052007","103"
"1078","Democratic Republic of the Congo","Africa","Y20062008","103"
"1079","Democratic Republic of the Congo","Africa","Y20072009","103"
"1080","Democratic Republic of the Congo","Africa","Y20082010","104"
"1081","Democratic Republic of the Congo","Africa","Y20092011","105"
"1082","Democratic Republic of the Congo","Africa","Y20102012","106"
"1083","Democratic Republic of the Congo","Africa","Y20112013","105"
"1084","Democratic Republic of the Congo","Africa","Y20122014","105"
"1085","Democratic Republic of the Congo","Africa","Y20132015","105"
"1086","Democratic Republic of the Congo","Africa","Y20142016","104"
"1087","Democratic Republic of the Congo","Africa","Y20152017","103"
"1088","Democratic Republic of the Congo","Africa","Y20162018","103"
"1089","Democratic Republic of the Congo","Africa","Y20172019","103"
"1090","Democratic Republic of the Congo","Africa","Y20182020","102"
"1091","Democratic Republic of the Congo","Africa","Y20192021","101"
"1092","Democratic Republic of the Congo","Africa","Y20202022","99"
"1093","Djibouti","Africa","Y20002002","88"
"1094","Djibouti","Africa","Y20012003","89"
"1095","Djibouti","Africa","Y20022004","91"
"1096","Djibouti","Africa","Y20032005","94"
"1097","Djibouti","Africa","Y20042006","97"
"1098","Djibouti","Africa","Y20052007","101"
"1099","Djibouti","Africa","Y20062008","103"
"1100","Djibouti","Africa","Y20072009","105"
"1101","Djibouti","Africa","Y20082010","102"
"1102","Djibouti","Africa","Y20092011","100"
"1103","Djibouti","Africa","Y20102012","97"
"1104","Djibouti","Africa","Y20112013","98"
"1105","Djibouti","Africa","Y20122014","100"
"1106","Djibouti","Africa","Y20132015","102"
"1107","Djibouti","Africa","Y20142016","104"
"1108","Djibouti","Africa","Y20152017","105"
"1109","Djibouti","Africa","Y20162018","105"
"1110","Djibouti","Africa","Y20172019","106"
"1111","Djibouti","Africa","Y20182020","106"
"1112","Djibouti","Africa","Y20192021","108"
"1113","Djibouti","Africa","Y20202022","109"
"1114","Egypt","Africa","Y20002002","142"
"1115","Egypt","Africa","Y20012003","141"
"1116","Egypt","Africa","Y20022004","139"
"1117","Egypt","Africa","Y20032005","138"
"1118","Egypt","Africa","Y20042006","137"
"1119","Egypt","Africa","Y20052007","139"
"1120","Egypt","Africa","Y20062008","140"
"1121","Egypt","Africa","Y20072009","141"
"1122","Egypt","Africa","Y20082010","141"
"1123","Egypt","Africa","Y20092011","140"
"1124","Egypt","Africa","Y20102012","140"
"1125","Egypt","Africa","Y20112013","139"
"1126","Egypt","Africa","Y20122014","138"
"1127","Egypt","Africa","Y20132015","137"
"1128","Egypt","Africa","Y20142016","136"
"1129","Egypt","Africa","Y20152017","136"
"1130","Egypt","Africa","Y20162018","135"
"1131","Egypt","Africa","Y20172019","135"
"1132","Egypt","Africa","Y20182020","135"
"1133","Egypt","Africa","Y20192021","134"
"1134","Egypt","Africa","Y20202022","133"
"1135","Eswatini","Africa","Y20002002","112"
"1136","Eswatini","Africa","Y20012003","113"
"1137","Eswatini","Africa","Y20022004","116"
"1138","Eswatini","Africa","Y20032005","115"
"1139","Eswatini","Africa","Y20042006","114"
"1140","Eswatini","Africa","Y20052007","112"
"1141","Eswatini","Africa","Y20062008","111"
"1142","Eswatini","Africa","Y20072009","110"
"1143","Eswatini","Africa","Y20082010","105"
"1144","Eswatini","Africa","Y20092011","101"
"1145","Eswatini","Africa","Y20102012","98"
"1146","Eswatini","Africa","Y20112013","101"
"1147","Eswatini","Africa","Y20122014","104"
"1148","Eswatini","Africa","Y20132015","106"
"1149","Eswatini","Africa","Y20142016","106"
"1150","Eswatini","Africa","Y20152017","106"
"1151","Eswatini","Africa","Y20162018","107"
"1152","Eswatini","Africa","Y20172019","108"
"1153","Eswatini","Africa","Y20182020","109"
"1154","Eswatini","Africa","Y20192021","109"
"1155","Eswatini","Africa","Y20202022","109"
"1156","Ethiopia","Africa","Y20002002","87"
"1157","Ethiopia","Africa","Y20012003","88"
"1158","Ethiopia","Africa","Y20022004","89"
"1159","Ethiopia","Africa","Y20032005","90"
"1160","Ethiopia","Africa","Y20042006","91"
"1161","Ethiopia","Africa","Y20052007","92"
"1162","Ethiopia","Africa","Y20062008","93"
"1163","Ethiopia","Africa","Y20072009","94"
"1164","Ethiopia","Africa","Y20082010","97"
"1165","Ethiopia","Africa","Y20092011","100"
"1166","Ethiopia","Africa","Y20102012","104"
"1167","Ethiopia","Africa","Y20112013","105"
"1168","Ethiopia","Africa","Y20122014","107"
"1169","Ethiopia","Africa","Y20132015","109"
"1170","Ethiopia","Africa","Y20142016","110"
"1171","Ethiopia","Africa","Y20152017","111"
"1172","Ethiopia","Africa","Y20162018","111"
"1173","Ethiopia","Africa","Y20172019","111"
"1174","Ethiopia","Africa","Y20182020","110"
"1175","Ethiopia","Africa","Y20192021","110"
"1176","Ethiopia","Africa","Y20202022","112"
"1177","Gabon","Africa","Y20002002","120"
"1178","Gabon","Africa","Y20012003","119"
"1179","Gabon","Africa","Y20022004","118"
"1180","Gabon","Africa","Y20032005","118"
"1181","Gabon","Africa","Y20042006","119"
"1182","Gabon","Africa","Y20052007","119"
"1183","Gabon","Africa","Y20062008","117"
"1184","Gabon","Africa","Y20072009","116"
"1185","Gabon","Africa","Y20082010","114"
"1186","Gabon","Africa","Y20092011","114"
"1187","Gabon","Africa","Y20102012","114"
"1188","Gabon","Africa","Y20112013","114"
"1189","Gabon","Africa","Y20122014","114"
"1190","Gabon","Africa","Y20132015","114"
"1191","Gabon","Africa","Y20142016","113"
"1192","Gabon","Africa","Y20152017","112"
"1193","Gabon","Africa","Y20162018","111"
"1194","Gabon","Africa","Y20172019","110"
"1195","Gabon","Africa","Y20182020","109"
"1196","Gabon","Africa","Y20192021","108"
"1197","Gabon","Africa","Y20202022","108"
"1198","Gambia","Africa","Y20002002","107"
"1199","Gambia","Africa","Y20012003","105"
"1200","Gambia","Africa","Y20022004","104"
"1201","Gambia","Africa","Y20032005","104"
"1202","Gambia","Africa","Y20042006","103"
"1203","Gambia","Africa","Y20052007","104"
"1204","Gambia","Africa","Y20062008","107"
"1205","Gambia","Africa","Y20072009","110"
"1206","Gambia","Africa","Y20082010","111"
"1207","Gambia","Africa","Y20092011","112"
"1208","Gambia","Africa","Y20102012","112"
"1209","Gambia","Africa","Y20112013","112"
"1210","Gambia","Africa","Y20122014","111"
"1211","Gambia","Africa","Y20132015","109"
"1212","Gambia","Africa","Y20142016","109"
"1213","Gambia","Africa","Y20152017","108"
"1214","Gambia","Africa","Y20162018","107"
"1215","Gambia","Africa","Y20172019","106"
"1216","Gambia","Africa","Y20182020","106"
"1217","Gambia","Africa","Y20192021","107"
"1218","Gambia","Africa","Y20202022","106"
"1219","Ghana","Africa","Y20002002","114"
"1220","Ghana","Africa","Y20012003","116"
"1221","Ghana","Africa","Y20022004","118"
"1222","Ghana","Africa","Y20032005","119"
"1223","Ghana","Africa","Y20042006","121"
"1224","Ghana","Africa","Y20052007","123"
"1225","Ghana","Africa","Y20062008","125"
"1226","Ghana","Africa","Y20072009","128"
"1227","Ghana","Africa","Y20082010","130"
"1228","Ghana","Africa","Y20092011","130"
"1229","Ghana","Africa","Y20102012","129"
"1230","Ghana","Africa","Y20112013","128"
"1231","Ghana","Africa","Y20122014","127"
"1232","Ghana","Africa","Y20132015","125"
"1233","Ghana","Africa","Y20142016","124"
"1234","Ghana","Africa","Y20152017","124"
"1235","Ghana","Africa","Y20162018","126"
"1236","Ghana","Africa","Y20172019","129"
"1237","Ghana","Africa","Y20182020","132"
"1238","Ghana","Africa","Y20192021","133"
"1239","Ghana","Africa","Y20202022","135"
"1240","Guinea","Africa","Y20002002","116"
"1241","Guinea","Africa","Y20012003","116"
"1242","Guinea","Africa","Y20022004","117"
"1243","Guinea","Africa","Y20032005","118"
"1244","Guinea","Africa","Y20042006","120"
"1245","Guinea","Africa","Y20052007","121"
"1246","Guinea","Africa","Y20062008","123"
"1247","Guinea","Africa","Y20072009","124"
"1248","Guinea","Africa","Y20082010","121"
"1249","Guinea","Africa","Y20092011","118"
"1250","Guinea","Africa","Y20102012","115"
"1251","Guinea","Africa","Y20112013","118"
"1252","Guinea","Africa","Y20122014","119"
"1253","Guinea","Africa","Y20132015","120"
"1254","Guinea","Africa","Y20142016","121"
"1255","Guinea","Africa","Y20152017","121"
"1256","Guinea","Africa","Y20162018","123"
"1257","Guinea","Africa","Y20172019","125"
"1258","Guinea","Africa","Y20182020","127"
"1259","Guinea","Africa","Y20192021","129"
"1260","Guinea","Africa","Y20202022","129"
"1261","Guinea-Bissau","Africa","Y20002002","111"
"1262","Guinea-Bissau","Africa","Y20012003","110"
"1263","Guinea-Bissau","Africa","Y20022004","110"
"1264","Guinea-Bissau","Africa","Y20032005","110"
"1265","Guinea-Bissau","Africa","Y20042006","110"
"1266","Guinea-Bissau","Africa","Y20052007","110"
"1267","Guinea-Bissau","Africa","Y20062008","110"
"1268","Guinea-Bissau","Africa","Y20072009","110"
"1269","Guinea-Bissau","Africa","Y20082010","106"
"1270","Guinea-Bissau","Africa","Y20092011","101"
"1271","Guinea-Bissau","Africa","Y20102012","97"
"1272","Guinea-Bissau","Africa","Y20112013","95"
"1273","Guinea-Bissau","Africa","Y20122014","93"
"1274","Guinea-Bissau","Africa","Y20132015","92"
"1275","Guinea-Bissau","Africa","Y20142016","92"
"1276","Guinea-Bissau","Africa","Y20152017","93"
"1277","Guinea-Bissau","Africa","Y20162018","93"
"1278","Guinea-Bissau","Africa","Y20172019","94"
"1279","Guinea-Bissau","Africa","Y20182020","93"
"1280","Guinea-Bissau","Africa","Y20192021","94"
"1281","Guinea-Bissau","Africa","Y20202022","94"
"1282","Kenya","Africa","Y20002002","94"
"1283","Kenya","Africa","Y20012003","93"
"1284","Kenya","Africa","Y20022004","92"
"1285","Kenya","Africa","Y20032005","94"
"1286","Kenya","Africa","Y20042006","96"
"1287","Kenya","Africa","Y20052007","97"
"1288","Kenya","Africa","Y20062008","96"
"1289","Kenya","Africa","Y20072009","96"
"1290","Kenya","Africa","Y20082010","98"
"1291","Kenya","Africa","Y20092011","100"
"1292","Kenya","Africa","Y20102012","101"
"1293","Kenya","Africa","Y20112013","102"
"1294","Kenya","Africa","Y20122014","102"
"1295","Kenya","Africa","Y20132015","102"
"1296","Kenya","Africa","Y20142016","101"
"1297","Kenya","Africa","Y20152017","100"
"1298","Kenya","Africa","Y20162018","99"
"1299","Kenya","Africa","Y20172019","101"
"1300","Kenya","Africa","Y20182020","101"
"1301","Kenya","Africa","Y20192021","101"
"1302","Kenya","Africa","Y20202022","99"
"1303","Lesotho","Africa","Y20002002","102"
"1304","Lesotho","Africa","Y20012003","104"
"1305","Lesotho","Africa","Y20022004","106"
"1306","Lesotho","Africa","Y20032005","108"
"1307","Lesotho","Africa","Y20042006","110"
"1308","Lesotho","Africa","Y20052007","112"
"1309","Lesotho","Africa","Y20062008","113"
"1310","Lesotho","Africa","Y20072009","113"
"1311","Lesotho","Africa","Y20082010","113"
"1312","Lesotho","Africa","Y20092011","113"
"1313","Lesotho","Africa","Y20102012","111"
"1314","Lesotho","Africa","Y20112013","108"
"1315","Lesotho","Africa","Y20122014","103"
"1316","Lesotho","Africa","Y20132015","97"
"1317","Lesotho","Africa","Y20142016","93"
"1318","Lesotho","Africa","Y20152017","91"
"1319","Lesotho","Africa","Y20162018","93"
"1320","Lesotho","Africa","Y20172019","92"
"1321","Lesotho","Africa","Y20182020","89"
"1322","Lesotho","Africa","Y20192021","86"
"1323","Lesotho","Africa","Y20202022","85"
"1324","Liberia","Africa","Y20002002","98"
"1325","Liberia","Africa","Y20012003","97"
"1326","Liberia","Africa","Y20022004","98"
"1327","Liberia","Africa","Y20032005","99"
"1328","Liberia","Africa","Y20042006","100"
"1329","Liberia","Africa","Y20052007","101"
"1330","Liberia","Africa","Y20062008","103"
"1331","Liberia","Africa","Y20072009","105"
"1332","Liberia","Africa","Y20082010","104"
"1333","Liberia","Africa","Y20092011","101"
"1334","Liberia","Africa","Y20102012","98"
"1335","Liberia","Africa","Y20112013","97"
"1336","Liberia","Africa","Y20122014","97"
"1337","Liberia","Africa","Y20132015","97"
"1338","Liberia","Africa","Y20142016","98"
"1339","Liberia","Africa","Y20152017","99"
"1340","Liberia","Africa","Y20162018","99"
"1341","Liberia","Africa","Y20172019","98"
"1342","Liberia","Africa","Y20182020","97"
"1343","Liberia","Africa","Y20192021","96"
"1344","Liberia","Africa","Y20202022","95"
"1345","Libya","Africa","Y20002002","132"
"1346","Libya","Africa","Y20012003","132"
"1347","Libya","Africa","Y20022004","132"
"1348","Libya","Africa","Y20032005","132"
"1349","Libya","Africa","Y20042006","132"
"1350","Libya","Africa","Y20052007","132"
"1351","Libya","Africa","Y20062008","132"
"1352","Libya","Africa","Y20072009","132"
"1353","Libya","Africa","Y20082010","129"
"1354","Libya","Africa","Y20092011","128"
"1355","Libya","Africa","Y20102012","130"
"1356","Libya","Africa","Y20112013","136"
"1357","Libya","Africa","Y20122014","139"
"1358","Libya","Africa","Y20132015","137"
"1359","Libya","Africa","Y20142016","136"
"1360","Libya","Africa","Y20152017","135"
"1361","Libya","Africa","Y20162018","135"
"1362","Libya","Africa","Y20172019","136"
"1363","Libya","Africa","Y20182020","136"
"1364","Libya","Africa","Y20192021","137"
"1365","Libya","Africa","Y20202022","136"
"1366","Madagascar","Africa","Y20002002","95"
"1367","Madagascar","Africa","Y20012003","94"
"1368","Madagascar","Africa","Y20022004","94"
"1369","Madagascar","Africa","Y20032005","95"
"1370","Madagascar","Africa","Y20042006","96"
"1371","Madagascar","Africa","Y20052007","98"
"1372","Madagascar","Africa","Y20062008","98"
"1373","Madagascar","Africa","Y20072009","98"
"1374","Madagascar","Africa","Y20082010","97"
"1375","Madagascar","Africa","Y20092011","97"
"1376","Madagascar","Africa","Y20102012","97"
"1377","Madagascar","Africa","Y20112013","96"
"1378","Madagascar","Africa","Y20122014","93"
"1379","Madagascar","Africa","Y20132015","90"
"1380","Madagascar","Africa","Y20142016","89"
"1381","Madagascar","Africa","Y20152017","88"
"1382","Madagascar","Africa","Y20162018","87"
"1383","Madagascar","Africa","Y20172019","86"
"1384","Madagascar","Africa","Y20182020","84"
"1385","Madagascar","Africa","Y20192021","83"
"1386","Madagascar","Africa","Y20202022","82"
"1387","Malawi","Africa","Y20002002","107"
"1388","Malawi","Africa","Y20012003","107"
"1389","Malawi","Africa","Y20022004","106"
"1390","Malawi","Africa","Y20032005","106"
"1391","Malawi","Africa","Y20042006","108"
"1392","Malawi","Africa","Y20052007","110"
"1393","Malawi","Africa","Y20062008","113"
"1394","Malawi","Africa","Y20072009","114"
"1395","Malawi","Africa","Y20082010","117"
"1396","Malawi","Africa","Y20092011","120"
"1397","Malawi","Africa","Y20102012","123"
"1398","Malawi","Africa","Y20112013","123"
"1399","Malawi","Africa","Y20122014","123"
"1400","Malawi","Africa","Y20132015","123"
"1401","Malawi","Africa","Y20142016","122"
"1402","Malawi","Africa","Y20152017","122"
"1403","Malawi","Africa","Y20162018","121"
"1404","Malawi","Africa","Y20172019","121"
"1405","Malawi","Africa","Y20182020","121"
"1406","Malawi","Africa","Y20192021","121"
"1407","Malawi","Africa","Y20202022","121"
"1408","Mali","Africa","Y20002002","110"
"1409","Mali","Africa","Y20012003","111"
"1410","Mali","Africa","Y20022004","112"
"1411","Mali","Africa","Y20032005","113"
"1412","Mali","Africa","Y20042006","115"
"1413","Mali","Africa","Y20052007","118"
"1414","Mali","Africa","Y20062008","121"
"1415","Mali","Africa","Y20072009","124"
"1416","Mali","Africa","Y20082010","127"
"1417","Mali","Africa","Y20092011","130"
"1418","Mali","Africa","Y20102012","132"
"1419","Mali","Africa","Y20112013","133"
"1420","Mali","Africa","Y20122014","132"
"1421","Mali","Africa","Y20132015","132"
"1422","Mali","Africa","Y20142016","131"
"1423","Mali","Africa","Y20152017","132"
"1424","Mali","Africa","Y20162018","130"
"1425","Mali","Africa","Y20172019","129"
"1426","Mali","Africa","Y20182020","128"
"1427","Mali","Africa","Y20192021","127"
"1428","Mali","Africa","Y20202022","126"
"1429","Mauritania","Africa","Y20002002","124"
"1430","Mauritania","Africa","Y20012003","126"
"1431","Mauritania","Africa","Y20022004","125"
"1432","Mauritania","Africa","Y20032005","125"
"1433","Mauritania","Africa","Y20042006","123"
"1434","Mauritania","Africa","Y20052007","125"
"1435","Mauritania","Africa","Y20062008","128"
"1436","Mauritania","Africa","Y20072009","130"
"1437","Mauritania","Africa","Y20082010","130"
"1438","Mauritania","Africa","Y20092011","130"
"1439","Mauritania","Africa","Y20102012","132"
"1440","Mauritania","Africa","Y20112013","134"
"1441","Mauritania","Africa","Y20122014","134"
"1442","Mauritania","Africa","Y20132015","134"
"1443","Mauritania","Africa","Y20142016","133"
"1444","Mauritania","Africa","Y20152017","132"
"1445","Mauritania","Africa","Y20162018","132"
"1446","Mauritania","Africa","Y20172019","133"
"1447","Mauritania","Africa","Y20182020","134"
"1448","Mauritania","Africa","Y20192021","133"
"1449","Mauritania","Africa","Y20202022","132"
"1450","Mauritius","Africa","Y20002002","123"
"1451","Mauritius","Africa","Y20012003","124"
"1452","Mauritius","Africa","Y20022004","124"
"1453","Mauritius","Africa","Y20032005","125"
"1454","Mauritius","Africa","Y20042006","125"
"1455","Mauritius","Africa","Y20052007","126"
"1456","Mauritius","Africa","Y20062008","125"
"1457","Mauritius","Africa","Y20072009","126"
"1458","Mauritius","Africa","Y20082010","126"
"1459","Mauritius","Africa","Y20092011","126"
"1460","Mauritius","Africa","Y20102012","124"
"1461","Mauritius","Africa","Y20112013","123"
"1462","Mauritius","Africa","Y20122014","122"
"1463","Mauritius","Africa","Y20132015","122"
"1464","Mauritius","Africa","Y20142016","122"
"1465","Mauritius","Africa","Y20152017","122"
"1466","Mauritius","Africa","Y20162018","122"
"1467","Mauritius","Africa","Y20172019","123"
"1468","Mauritius","Africa","Y20182020","123"
"1469","Mauritius","Africa","Y20192021","124"
"1470","Mauritius","Africa","Y20202022","125"
"1471","Morocco","Africa","Y20002002","133"
"1472","Morocco","Africa","Y20012003","134"
"1473","Morocco","Africa","Y20022004","136"
"1474","Morocco","Africa","Y20032005","136"
"1475","Morocco","Africa","Y20042006","136"
"1476","Morocco","Africa","Y20052007","135"
"1477","Morocco","Africa","Y20062008","136"
"1478","Morocco","Africa","Y20072009","135"
"1479","Morocco","Africa","Y20082010","136"
"1480","Morocco","Africa","Y20092011","138"
"1481","Morocco","Africa","Y20102012","139"
"1482","Morocco","Africa","Y20112013","140"
"1483","Morocco","Africa","Y20122014","141"
"1484","Morocco","Africa","Y20132015","142"
"1485","Morocco","Africa","Y20142016","143"
"1486","Morocco","Africa","Y20152017","143"
"1487","Morocco","Africa","Y20162018","143"
"1488","Morocco","Africa","Y20172019","143"
"1489","Morocco","Africa","Y20182020","143"
"1490","Morocco","Africa","Y20192021","142"
"1491","Morocco","Africa","Y20202022","142"
"1492","Mozambique","Africa","Y20002002","98"
"1493","Mozambique","Africa","Y20012003","99"
"1494","Mozambique","Africa","Y20022004","100"
"1495","Mozambique","Africa","Y20032005","100"
"1496","Mozambique","Africa","Y20042006","100"
"1497","Mozambique","Africa","Y20052007","100"
"1498","Mozambique","Africa","Y20062008","102"
"1499","Mozambique","Africa","Y20072009","103"
"1500","Mozambique","Africa","Y20082010","107"
"1501","Mozambique","Africa","Y20092011","111"
"1502","Mozambique","Africa","Y20102012","114"
"1503","Mozambique","Africa","Y20112013","112"
"1504","Mozambique","Africa","Y20122014","105"
"1505","Mozambique","Africa","Y20132015","97"
"1506","Mozambique","Africa","Y20142016","90"
"1507","Mozambique","Africa","Y20152017","89"
"1508","Mozambique","Africa","Y20162018","93"
"1509","Mozambique","Africa","Y20172019","97"
"1510","Mozambique","Africa","Y20182020","99"
"1511","Mozambique","Africa","Y20192021","97"
"1512","Mozambique","Africa","Y20202022","96"
"1513","Namibia","Africa","Y20002002","106"
"1514","Namibia","Africa","Y20012003","106"
"1515","Namibia","Africa","Y20022004","105"
"1516","Namibia","Africa","Y20032005","104"
"1517","Namibia","Africa","Y20042006","103"
"1518","Namibia","Africa","Y20052007","102"
"1519","Namibia","Africa","Y20062008","99"
"1520","Namibia","Africa","Y20072009","96"
"1521","Namibia","Africa","Y20082010","94"
"1522","Namibia","Africa","Y20092011","95"
"1523","Namibia","Africa","Y20102012","99"
"1524","Namibia","Africa","Y20112013","102"
"1525","Namibia","Africa","Y20122014","104"
"1526","Namibia","Africa","Y20132015","105"
"1527","Namibia","Africa","Y20142016","106"
"1528","Namibia","Africa","Y20152017","108"
"1529","Namibia","Africa","Y20162018","109"
"1530","Namibia","Africa","Y20172019","110"
"1531","Namibia","Africa","Y20182020","112"
"1532","Namibia","Africa","Y20192021","113"
"1533","Namibia","Africa","Y20202022","113"
"1534","Niger","Africa","Y20002002","106"
"1535","Niger","Africa","Y20012003","108"
"1536","Niger","Africa","Y20022004","109"
"1537","Niger","Africa","Y20032005","111"
"1538","Niger","Africa","Y20042006","112"
"1539","Niger","Africa","Y20052007","112"
"1540","Niger","Africa","Y20062008","113"
"1541","Niger","Africa","Y20072009","114"
"1542","Niger","Africa","Y20082010","117"
"1543","Niger","Africa","Y20092011","117"
"1544","Niger","Africa","Y20102012","118"
"1545","Niger","Africa","Y20112013","117"
"1546","Niger","Africa","Y20122014","118"
"1547","Niger","Africa","Y20132015","119"
"1548","Niger","Africa","Y20142016","120"
"1549","Niger","Africa","Y20152017","121"
"1550","Niger","Africa","Y20162018","122"
"1551","Niger","Africa","Y20172019","122"
"1552","Niger","Africa","Y20182020","123"
"1553","Niger","Africa","Y20192021","122"
"1554","Niger","Africa","Y20202022","121"
"1555","Nigeria","Africa","Y20002002","121"
"1556","Nigeria","Africa","Y20012003","121"
"1557","Nigeria","Africa","Y20022004","122"
"1558","Nigeria","Africa","Y20032005","124"
"1559","Nigeria","Africa","Y20042006","126"
"1560","Nigeria","Africa","Y20052007","127"
"1561","Nigeria","Africa","Y20062008","127"
"1562","Nigeria","Africa","Y20072009","127"
"1563","Nigeria","Africa","Y20082010","125"
"1564","Nigeria","Africa","Y20092011","122"
"1565","Nigeria","Africa","Y20102012","119"
"1566","Nigeria","Africa","Y20112013","118"
"1567","Nigeria","Africa","Y20122014","119"
"1568","Nigeria","Africa","Y20132015","119"
"1569","Nigeria","Africa","Y20142016","119"
"1570","Nigeria","Africa","Y20152017","119"
"1571","Nigeria","Africa","Y20162018","118"
"1572","Nigeria","Africa","Y20172019","117"
"1573","Nigeria","Africa","Y20182020","116"
"1574","Nigeria","Africa","Y20192021","115"
"1575","Nigeria","Africa","Y20202022","115"
"1576","Rwanda","Africa","Y20002002","97"
"1577","Rwanda","Africa","Y20012003","100"
"1578","Rwanda","Africa","Y20022004","101"
"1579","Rwanda","Africa","Y20032005","100"
"1580","Rwanda","Africa","Y20042006","100"
"1581","Rwanda","Africa","Y20052007","102"
"1582","Rwanda","Africa","Y20062008","103"
"1583","Rwanda","Africa","Y20072009","106"
"1584","Rwanda","Africa","Y20082010","104"
"1585","Rwanda","Africa","Y20092011","102"
"1586","Rwanda","Africa","Y20102012","98"
"1587","Rwanda","Africa","Y20112013","98"
"1588","Rwanda","Africa","Y20122014","98"
"1589","Rwanda","Africa","Y20132015","98"
"1590","Rwanda","Africa","Y20142016","99"
"1591","Rwanda","Africa","Y20152017","100"
"1592","Rwanda","Africa","Y20162018","100"
"1593","Rwanda","Africa","Y20172019","100"
"1594","Rwanda","Africa","Y20182020","99"
"1595","Rwanda","Africa","Y20192021","100"
"1596","Rwanda","Africa","Y20202022","101"
"1597","Sao Tome and Principe","Africa","Y20002002","106"
"1598","Sao Tome and Principe","Africa","Y20012003","108"
"1599","Sao Tome and Principe","Africa","Y20022004","110"
"1600","Sao Tome and Principe","Africa","Y20032005","111"
"1601","Sao Tome and Principe","Africa","Y20042006","112"
"1602","Sao Tome and Principe","Africa","Y20052007","112"
"1603","Sao Tome and Principe","Africa","Y20062008","111"
"1604","Sao Tome and Principe","Africa","Y20072009","109"
"1605","Sao Tome and Principe","Africa","Y20082010","107"
"1606","Sao Tome and Principe","Africa","Y20092011","106"
"1607","Sao Tome and Principe","Africa","Y20102012","104"
"1608","Sao Tome and Principe","Africa","Y20112013","104"
"1609","Sao Tome and Principe","Africa","Y20122014","104"
"1610","Sao Tome and Principe","Africa","Y20132015","104"
"1611","Sao Tome and Principe","Africa","Y20142016","105"
"1612","Sao Tome and Principe","Africa","Y20152017","105"
"1613","Sao Tome and Principe","Africa","Y20162018","105"
"1614","Sao Tome and Principe","Africa","Y20172019","105"
"1615","Sao Tome and Principe","Africa","Y20182020","106"
"1616","Sao Tome and Principe","Africa","Y20192021","107"
"1617","Sao Tome and Principe","Africa","Y20202022","108"
"1618","Senegal","Africa","Y20002002","98"
"1619","Senegal","Africa","Y20012003","99"
"1620","Senegal","Africa","Y20022004","100"
"1621","Senegal","Africa","Y20032005","102"
"1622","Senegal","Africa","Y20042006","103"
"1623","Senegal","Africa","Y20052007","105"
"1624","Senegal","Africa","Y20062008","108"
"1625","Senegal","Africa","Y20072009","110"
"1626","Senegal","Africa","Y20082010","111"
"1627","Senegal","Africa","Y20092011","111"
"1628","Senegal","Africa","Y20102012","111"
"1629","Senegal","Africa","Y20112013","111"
"1630","Senegal","Africa","Y20122014","111"
"1631","Senegal","Africa","Y20132015","111"
"1632","Senegal","Africa","Y20142016","113"
"1633","Senegal","Africa","Y20152017","115"
"1634","Senegal","Africa","Y20162018","117"
"1635","Senegal","Africa","Y20172019","118"
"1636","Senegal","Africa","Y20182020","120"
"1637","Senegal","Africa","Y20192021","122"
"1638","Senegal","Africa","Y20202022","124"
"1639","Seychelles","Africa","Y20002002","126"
"1640","Seychelles","Africa","Y20012003","126"
"1641","Seychelles","Africa","Y20022004","126"
"1642","Seychelles","Africa","Y20032005","127"
"1643","Seychelles","Africa","Y20042006","127"
"1644","Seychelles","Africa","Y20052007","127"
"1645","Seychelles","Africa","Y20062008","127"
"1646","Seychelles","Africa","Y20072009","127"
"1647","Seychelles","Africa","Y20082010","124"
"1648","Seychelles","Africa","Y20092011","122"
"1649","Seychelles","Africa","Y20102012","118"
"1650","Seychelles","Africa","Y20112013","116"
"1651","Seychelles","Africa","Y20122014","116"
"1652","Seychelles","Africa","Y20132015","116"
"1653","Seychelles","Africa","Y20142016","117"
"1654","Seychelles","Africa","Y20152017","119"
"1655","Seychelles","Africa","Y20162018","120"
"1656","Seychelles","Africa","Y20172019","121"
"1657","Seychelles","Africa","Y20182020","121"
"1658","Seychelles","Africa","Y20192021","122"
"1659","Seychelles","Africa","Y20202022","120"
"1660","Sierra Leone","Africa","Y20002002","85"
"1661","Sierra Leone","Africa","Y20012003","86"
"1662","Sierra Leone","Africa","Y20022004","86"
"1663","Sierra Leone","Africa","Y20032005","87"
"1664","Sierra Leone","Africa","Y20042006","88"
"1665","Sierra Leone","Africa","Y20052007","91"
"1666","Sierra Leone","Africa","Y20062008","92"
"1667","Sierra Leone","Africa","Y20072009","93"
"1668","Sierra Leone","Africa","Y20082010","99"
"1669","Sierra Leone","Africa","Y20092011","105"
"1670","Sierra Leone","Africa","Y20102012","110"
"1671","Sierra Leone","Africa","Y20112013","109"
"1672","Sierra Leone","Africa","Y20122014","107"
"1673","Sierra Leone","Africa","Y20132015","107"
"1674","Sierra Leone","Africa","Y20142016","106"
"1675","Sierra Leone","Africa","Y20152017","106"
"1676","Sierra Leone","Africa","Y20162018","105"
"1677","Sierra Leone","Africa","Y20172019","105"
"1678","Sierra Leone","Africa","Y20182020","104"
"1679","Sierra Leone","Africa","Y20192021","104"
"1680","Sierra Leone","Africa","Y20202022","104"
"1681","Somalia","Africa","Y20002002","72"
"1682","Somalia","Africa","Y20012003","72"
"1683","Somalia","Africa","Y20022004","72"
"1684","Somalia","Africa","Y20032005","72"
"1685","Somalia","Africa","Y20042006","72"
"1686","Somalia","Africa","Y20052007","72"
"1687","Somalia","Africa","Y20062008","72"
"1688","Somalia","Africa","Y20072009","72"
"1689","Somalia","Africa","Y20082010","71"
"1690","Somalia","Africa","Y20092011","71"
"1691","Somalia","Africa","Y20102012","72"
"1692","Somalia","Africa","Y20112013","75"
"1693","Somalia","Africa","Y20122014","77"
"1694","Somalia","Africa","Y20132015","78"
"1695","Somalia","Africa","Y20142016","78"
"1696","Somalia","Africa","Y20152017","79"
"1697","Somalia","Africa","Y20162018","79"
"1698","Somalia","Africa","Y20172019","81"
"1699","Somalia","Africa","Y20182020","82"
"1700","Somalia","Africa","Y20192021","84"
"1701","Somalia","Africa","Y20202022","85"
"1702","South Africa","Africa","Y20002002","122"
"1703","South Africa","Africa","Y20012003","122"
"1704","South Africa","Africa","Y20022004","123"
"1705","South Africa","Africa","Y20032005","123"
"1706","South Africa","Africa","Y20042006","123"
"1707","South Africa","Africa","Y20052007","123"
"1708","South Africa","Africa","Y20062008","122"
"1709","South Africa","Africa","Y20072009","122"
"1710","South Africa","Africa","Y20082010","121"
"1711","South Africa","Africa","Y20092011","120"
"1712","South Africa","Africa","Y20102012","119"
"1713","South Africa","Africa","Y20112013","120"
"1714","South Africa","Africa","Y20122014","119"
"1715","South Africa","Africa","Y20132015","118"
"1716","South Africa","Africa","Y20142016","118"
"1717","South Africa","Africa","Y20152017","119"
"1718","South Africa","Africa","Y20162018","120"
"1719","South Africa","Africa","Y20172019","121"
"1720","South Africa","Africa","Y20182020","120"
"1721","South Africa","Africa","Y20192021","119"
"1722","South Africa","Africa","Y20202022","117"
"1723","South Sudan","Africa","Y20002002",""
"1724","South Sudan","Africa","Y20012003",""
"1725","South Sudan","Africa","Y20022004",""
"1726","South Sudan","Africa","Y20032005",""
"1727","South Sudan","Africa","Y20042006",""
"1728","South Sudan","Africa","Y20052007",""
"1729","South Sudan","Africa","Y20062008",""
"1730","South Sudan","Africa","Y20072009",""
"1731","South Sudan","Africa","Y20082010",""
"1732","South Sudan","Africa","Y20092011",""
"1733","South Sudan","Africa","Y20102012",""
"1734","South Sudan","Africa","Y20112013",""
"1735","South Sudan","Africa","Y20122014",""
"1736","South Sudan","Africa","Y20132015",""
"1737","South Sudan","Africa","Y20142016",""
"1738","South Sudan","Africa","Y20152017",""
"1739","South Sudan","Africa","Y20162018",""
"1740","South Sudan","Africa","Y20172019","35"
"1741","South Sudan","Africa","Y20182020","72"
"1742","South Sudan","Africa","Y20192021","107"
"1743","South Sudan","Africa","Y20202022","106"
"1744","Sudan","Africa","Y20002002","105"
"1745","Sudan","Africa","Y20012003","106"
"1746","Sudan","Africa","Y20022004","106"
"1747","Sudan","Africa","Y20032005","106"
"1748","Sudan","Africa","Y20042006","107"
"1749","Sudan","Africa","Y20052007","109"
"1750","Sudan","Africa","Y20062008","110"
"1751","Sudan","Africa","Y20072009","110"
"1752","Sudan","Africa","Y20082010","110"
"1753","Sudan","Africa","Y20092011","110"
"1754","Sudan","Africa","Y20102012","112"
"1755","Sudan","Africa","Y20112013","120"
"1756","Sudan","Africa","Y20122014","120"
"1757","Sudan","Africa","Y20132015","121"
"1758","Sudan","Africa","Y20142016","120"
"1759","Sudan","Africa","Y20152017","119"
"1760","Sudan","Africa","Y20162018","118"
"1761","Sudan","Africa","Y20172019","117"
"1762","Sudan","Africa","Y20182020","118"
"1763","Sudan","Africa","Y20192021","118"
"1764","Sudan","Africa","Y20202022","119"
"1765","Togo","Africa","Y20002002","97"
"1766","Togo","Africa","Y20012003","98"
"1767","Togo","Africa","Y20022004","99"
"1768","Togo","Africa","Y20032005","100"
"1769","Togo","Africa","Y20042006","101"
"1770","Togo","Africa","Y20052007","101"
"1771","Togo","Africa","Y20062008","102"
"1772","Togo","Africa","Y20072009","103"
"1773","Togo","Africa","Y20082010","105"
"1774","Togo","Africa","Y20092011","107"
"1775","Togo","Africa","Y20102012","109"
"1776","Togo","Africa","Y20112013","109"
"1777","Togo","Africa","Y20122014","109"
"1778","Togo","Africa","Y20132015","108"
"1779","Togo","Africa","Y20142016","108"
"1780","Togo","Africa","Y20152017","107"
"1781","Togo","Africa","Y20162018","107"
"1782","Togo","Africa","Y20172019","107"
"1783","Togo","Africa","Y20182020","109"
"1784","Togo","Africa","Y20192021","111"
"1785","Togo","Africa","Y20202022","112"
"1786","Tunisia","Africa","Y20002002","136"
"1787","Tunisia","Africa","Y20012003","136"
"1788","Tunisia","Africa","Y20022004","135"
"1789","Tunisia","Africa","Y20032005","136"
"1790","Tunisia","Africa","Y20042006","136"
"1791","Tunisia","Africa","Y20052007","136"
"1792","Tunisia","Africa","Y20062008","138"
"1793","Tunisia","Africa","Y20072009","139"
"1794","Tunisia","Africa","Y20082010","139"
"1795","Tunisia","Africa","Y20092011","138"
"1796","Tunisia","Africa","Y20102012","138"
"1797","Tunisia","Africa","Y20112013","139"
"1798","Tunisia","Africa","Y20122014","140"
"1799","Tunisia","Africa","Y20132015","141"
"1800","Tunisia","Africa","Y20142016","142"
"1801","Tunisia","Africa","Y20152017","142"
"1802","Tunisia","Africa","Y20162018","143"
"1803","Tunisia","Africa","Y20172019","145"
"1804","Tunisia","Africa","Y20182020","147"
"1805","Tunisia","Africa","Y20192021","148"
"1806","Tunisia","Africa","Y20202022","148"
"1807","Uganda","Africa","Y20002002","113"
"1808","Uganda","Africa","Y20012003","115"
"1809","Uganda","Africa","Y20022004","117"
"1810","Uganda","Africa","Y20032005","117"
"1811","Uganda","Africa","Y20042006","115"
"1812","Uganda","Africa","Y20052007","113"
"1813","Uganda","Africa","Y20062008","110"
"1814","Uganda","Africa","Y20072009","109"
"1815","Uganda","Africa","Y20082010","109"
"1816","Uganda","Africa","Y20092011","109"
"1817","Uganda","Africa","Y20102012","109"
"1818","Uganda","Africa","Y20112013","108"
"1819","Uganda","Africa","Y20122014","106"
"1820","Uganda","Africa","Y20132015","104"
"1821","Uganda","Africa","Y20142016","99"
"1822","Uganda","Africa","Y20152017","96"
"1823","Uganda","Africa","Y20162018","96"
"1824","Uganda","Africa","Y20172019","98"
"1825","Uganda","Africa","Y20182020","100"
"1826","Uganda","Africa","Y20192021","101"
"1827","Uganda","Africa","Y20202022","101"
"1828","United Republic of Tanzania","Africa","Y20002002","99"
"1829","United Republic of Tanzania","Africa","Y20012003","98"
"1830","United Republic of Tanzania","Africa","Y20022004","99"
"1831","United Republic of Tanzania","Africa","Y20032005","99"
"1832","United Republic of Tanzania","Africa","Y20042006","102"
"1833","United Republic of Tanzania","Africa","Y20052007","104"
"1834","United Republic of Tanzania","Africa","Y20062008","104"
"1835","United Republic of Tanzania","Africa","Y20072009","104"
"1836","United Republic of Tanzania","Africa","Y20082010","104"
"1837","United Republic of Tanzania","Africa","Y20092011","106"
"1838","United Republic of Tanzania","Africa","Y20102012","108"
"1839","United Republic of Tanzania","Africa","Y20112013","109"
"1840","United Republic of Tanzania","Africa","Y20122014","110"
"1841","United Republic of Tanzania","Africa","Y20132015","111"
"1842","United Republic of Tanzania","Africa","Y20142016","111"
"1843","United Republic of Tanzania","Africa","Y20152017","111"
"1844","United Republic of Tanzania","Africa","Y20162018","111"
"1845","United Republic of Tanzania","Africa","Y20172019","111"
"1846","United Republic of Tanzania","Africa","Y20182020","111"
"1847","United Republic of Tanzania","Africa","Y20192021","111"
"1848","United Republic of Tanzania","Africa","Y20202022","110"
"1849","Zambia","Africa","Y20002002","86"
"1850","Zambia","Africa","Y20012003","86"
"1851","Zambia","Africa","Y20022004","86"
"1852","Zambia","Africa","Y20032005","86"
"1853","Zambia","Africa","Y20042006","85"
"1854","Zambia","Africa","Y20052007","84"
"1855","Zambia","Africa","Y20062008","82"
"1856","Zambia","Africa","Y20072009","83"
"1857","Zambia","Africa","Y20082010","87"
"1858","Zambia","Africa","Y20092011","90"
"1859","Zambia","Africa","Y20102012","93"
"1860","Zambia","Africa","Y20112013","94"
"1861","Zambia","Africa","Y20122014","96"
"1862","Zambia","Africa","Y20132015","98"
"1863","Zambia","Africa","Y20142016","99"
"1864","Zambia","Africa","Y20152017","101"
"1865","Zambia","Africa","Y20162018","103"
"1866","Zambia","Africa","Y20172019","103"
"1867","Zambia","Africa","Y20182020","103"
"1868","Zambia","Africa","Y20192021","102"
"1869","Zambia","Africa","Y20202022","101"
"1870","Zimbabwe","Africa","Y20002002","95"
"1871","Zimbabwe","Africa","Y20012003","96"
"1872","Zimbabwe","Africa","Y20022004","96"
"1873","Zimbabwe","Africa","Y20032005","96"
"1874","Zimbabwe","Africa","Y20042006","98"
"1875","Zimbabwe","Africa","Y20052007","98"
"1876","Zimbabwe","Africa","Y20062008","99"
"1877","Zimbabwe","Africa","Y20072009","99"
"1878","Zimbabwe","Africa","Y20082010","100"
"1879","Zimbabwe","Africa","Y20092011","101"
"1880","Zimbabwe","Africa","Y20102012","103"
"1881","Zimbabwe","Africa","Y20112013","103"
"1882","Zimbabwe","Africa","Y20122014","101"
"1883","Zimbabwe","Africa","Y20132015","98"
"1884","Zimbabwe","Africa","Y20142016","96"
"1885","Zimbabwe","Africa","Y20152017","95"
"1886","Zimbabwe","Africa","Y20162018","94"
"1887","Zimbabwe","Africa","Y20172019","92"
"1888","Zimbabwe","Africa","Y20182020","91"
"1889","Zimbabwe","Africa","Y20192021","91"
"1890","Zimbabwe","Africa","Y20202022","91"
