"","Area","Region","YearPeriod","AVG_kcal/cap/day"
"1","Albania","Europe","Y20002002","50"
"2","Albania","Europe","Y20012003","48"
"3","Albania","Europe","Y20022004","46"
"4","Albania","Europe","Y20032005","44"
"5","Albania","Europe","Y20042006","43"
"6","Albania","Europe","Y20052007","42"
"7","Albania","Europe","Y20062008","41"
"8","Albania","Europe","Y20072009","40"
"9","Albania","Europe","Y20082010","39"
"10","Albania","Europe","Y20092011","39"
"11","Albania","Europe","Y20102012","39"
"12","Albania","Europe","Y20112013","38"
"13","Albania","Europe","Y20122014","38"
"14","Albania","Europe","Y20132015","38"
"15","Albania","Europe","Y20142016","37"
"16","Albania","Europe","Y20152017","36"
"17","Albania","Europe","Y20162018","36"
"18","Albania","Europe","Y20172019","35"
"19","Albania","Europe","Y20182020","35"
"20","Albania","Europe","Y20192021",""
"21","Albania","Europe","Y20202022",""
"22","Austria","Europe","Y20002002","28"
"23","Austria","Europe","Y20012003","28"
"24","Austria","Europe","Y20022004","28"
"25","Austria","Europe","Y20032005","29"
"26","Austria","Europe","Y20042006","28"
"27","Austria","Europe","Y20052007","28"
"28","Austria","Europe","Y20062008","28"
"29","Austria","Europe","Y20072009","27"
"30","Austria","Europe","Y20082010","27"
"31","Austria","Europe","Y20092011","26"
"32","Austria","Europe","Y20102012","26"
"33","Austria","Europe","Y20112013","27"
"34","Austria","Europe","Y20122014","27"
"35","Austria","Europe","Y20132015","28"
"36","Austria","Europe","Y20142016","28"
"37","Austria","Europe","Y20152017","28"
"38","Austria","Europe","Y20162018","28"
"39","Austria","Europe","Y20172019","28"
"40","Austria","Europe","Y20182020","27"
"41","Austria","Europe","Y20192021",""
"42","Austria","Europe","Y20202022",""
"43","Belarus","Europe","Y20002002","45"
"44","Belarus","Europe","Y20012003","44"
"45","Belarus","Europe","Y20022004","45"
"46","Belarus","Europe","Y20032005","44"
"47","Belarus","Europe","Y20042006","43"
"48","Belarus","Europe","Y20052007","41"
"49","Belarus","Europe","Y20062008","40"
"50","Belarus","Europe","Y20072009","39"
"51","Belarus","Europe","Y20082010","37"
"52","Belarus","Europe","Y20092011","37"
"53","Belarus","Europe","Y20102012","36"
"54","Belarus","Europe","Y20112013","37"
"55","Belarus","Europe","Y20122014","38"
"56","Belarus","Europe","Y20132015","38"
"57","Belarus","Europe","Y20142016","38"
"58","Belarus","Europe","Y20152017","37"
"59","Belarus","Europe","Y20162018","36"
"60","Belarus","Europe","Y20172019","36"
"61","Belarus","Europe","Y20182020","36"
"62","Belarus","Europe","Y20192021",""
"63","Belarus","Europe","Y20202022",""
"64","Belgium","Europe","Y20002002","27"
"65","Belgium","Europe","Y20012003","27"
"66","Belgium","Europe","Y20022004","27"
"67","Belgium","Europe","Y20032005","27"
"68","Belgium","Europe","Y20042006","27"
"69","Belgium","Europe","Y20052007","27"
"70","Belgium","Europe","Y20062008","27"
"71","Belgium","Europe","Y20072009","28"
"72","Belgium","Europe","Y20082010","28"
"73","Belgium","Europe","Y20092011","29"
"74","Belgium","Europe","Y20102012","29"
"75","Belgium","Europe","Y20112013","29"
"76","Belgium","Europe","Y20122014","29"
"77","Belgium","Europe","Y20132015","29"
"78","Belgium","Europe","Y20142016","29"
"79","Belgium","Europe","Y20152017","28"
"80","Belgium","Europe","Y20162018","28"
"81","Belgium","Europe","Y20172019","27"
"82","Belgium","Europe","Y20182020","26"
"83","Belgium","Europe","Y20192021",""
"84","Belgium","Europe","Y20202022",""
"85","Bosnia and Herzegovina","Europe","Y20002002","60"
"86","Bosnia and Herzegovina","Europe","Y20012003","58"
"87","Bosnia and Herzegovina","Europe","Y20022004","57"
"88","Bosnia and Herzegovina","Europe","Y20032005","55"
"89","Bosnia and Herzegovina","Europe","Y20042006","53"
"90","Bosnia and Herzegovina","Europe","Y20052007","52"
"91","Bosnia and Herzegovina","Europe","Y20062008","51"
"92","Bosnia and Herzegovina","Europe","Y20072009","51"
"93","Bosnia and Herzegovina","Europe","Y20082010","49"
"94","Bosnia and Herzegovina","Europe","Y20092011","48"
"95","Bosnia and Herzegovina","Europe","Y20102012","47"
"96","Bosnia and Herzegovina","Europe","Y20112013","47"
"97","Bosnia and Herzegovina","Europe","Y20122014","47"
"98","Bosnia and Herzegovina","Europe","Y20132015","47"
"99","Bosnia and Herzegovina","Europe","Y20142016","47"
"100","Bosnia and Herzegovina","Europe","Y20152017","46"
"101","Bosnia and Herzegovina","Europe","Y20162018","46"
"102","Bosnia and Herzegovina","Europe","Y20172019","45"
"103","Bosnia and Herzegovina","Europe","Y20182020","45"
"104","Bosnia and Herzegovina","Europe","Y20192021",""
"105","Bosnia and Herzegovina","Europe","Y20202022",""
"106","Bulgaria","Europe","Y20002002","42"
"107","Bulgaria","Europe","Y20012003","42"
"108","Bulgaria","Europe","Y20022004","41"
"109","Bulgaria","Europe","Y20032005","41"
"110","Bulgaria","Europe","Y20042006","40"
"111","Bulgaria","Europe","Y20052007","40"
"112","Bulgaria","Europe","Y20062008","40"
"113","Bulgaria","Europe","Y20072009","41"
"114","Bulgaria","Europe","Y20082010","41"
"115","Bulgaria","Europe","Y20092011","41"
"116","Bulgaria","Europe","Y20102012","42"
"117","Bulgaria","Europe","Y20112013","42"
"118","Bulgaria","Europe","Y20122014","43"
"119","Bulgaria","Europe","Y20132015","42"
"120","Bulgaria","Europe","Y20142016","43"
"121","Bulgaria","Europe","Y20152017","42"
"122","Bulgaria","Europe","Y20162018","41"
"123","Bulgaria","Europe","Y20172019","39"
"124","Bulgaria","Europe","Y20182020","36"
"125","Bulgaria","Europe","Y20192021",""
"126","Bulgaria","Europe","Y20202022",""
"127","Croatia","Europe","Y20002002","39"
"128","Croatia","Europe","Y20012003","38"
"129","Croatia","Europe","Y20022004","37"
"130","Croatia","Europe","Y20032005","35"
"131","Croatia","Europe","Y20042006","33"
"132","Croatia","Europe","Y20052007","32"
"133","Croatia","Europe","Y20062008","31"
"134","Croatia","Europe","Y20072009","32"
"135","Croatia","Europe","Y20082010","32"
"136","Croatia","Europe","Y20092011","33"
"137","Croatia","Europe","Y20102012","33"
"138","Croatia","Europe","Y20112013","33"
"139","Croatia","Europe","Y20122014","32"
"140","Croatia","Europe","Y20132015","33"
"141","Croatia","Europe","Y20142016","33"
"142","Croatia","Europe","Y20152017","32"
"143","Croatia","Europe","Y20162018","31"
"144","Croatia","Europe","Y20172019","30"
"145","Croatia","Europe","Y20182020","30"
"146","Croatia","Europe","Y20192021",""
"147","Croatia","Europe","Y20202022",""
"148","Czechia","Europe","Y20002002","32"
"149","Czechia","Europe","Y20012003","32"
"150","Czechia","Europe","Y20022004","32"
"151","Czechia","Europe","Y20032005","32"
"152","Czechia","Europe","Y20042006","32"
"153","Czechia","Europe","Y20052007","32"
"154","Czechia","Europe","Y20062008","31"
"155","Czechia","Europe","Y20072009","31"
"156","Czechia","Europe","Y20082010","31"
"157","Czechia","Europe","Y20092011","31"
"158","Czechia","Europe","Y20102012","31"
"159","Czechia","Europe","Y20112013","31"
"160","Czechia","Europe","Y20122014","31"
"161","Czechia","Europe","Y20132015","32"
"162","Czechia","Europe","Y20142016","31"
"163","Czechia","Europe","Y20152017","30"
"164","Czechia","Europe","Y20162018","28"
"165","Czechia","Europe","Y20172019","27"
"166","Czechia","Europe","Y20182020","26"
"167","Czechia","Europe","Y20192021",""
"168","Czechia","Europe","Y20202022",""
"169","Denmark","Europe","Y20002002","28"
"170","Denmark","Europe","Y20012003","28"
"171","Denmark","Europe","Y20022004","28"
"172","Denmark","Europe","Y20032005","28"
"173","Denmark","Europe","Y20042006","29"
"174","Denmark","Europe","Y20052007","29"
"175","Denmark","Europe","Y20062008","29"
"176","Denmark","Europe","Y20072009","29"
"177","Denmark","Europe","Y20082010","30"
"178","Denmark","Europe","Y20092011","30"
"179","Denmark","Europe","Y20102012","29"
"180","Denmark","Europe","Y20112013","28"
"181","Denmark","Europe","Y20122014","29"
"182","Denmark","Europe","Y20132015","29"
"183","Denmark","Europe","Y20142016","29"
"184","Denmark","Europe","Y20152017","29"
"185","Denmark","Europe","Y20162018","28"
"186","Denmark","Europe","Y20172019","28"
"187","Denmark","Europe","Y20182020","27"
"188","Denmark","Europe","Y20192021",""
"189","Denmark","Europe","Y20202022",""
"190","Estonia","Europe","Y20002002","36"
"191","Estonia","Europe","Y20012003","35"
"192","Estonia","Europe","Y20022004","33"
"193","Estonia","Europe","Y20032005","33"
"194","Estonia","Europe","Y20042006","33"
"195","Estonia","Europe","Y20052007","35"
"196","Estonia","Europe","Y20062008","35"
"197","Estonia","Europe","Y20072009","36"
"198","Estonia","Europe","Y20082010","37"
"199","Estonia","Europe","Y20092011","37"
"200","Estonia","Europe","Y20102012","38"
"201","Estonia","Europe","Y20112013","38"
"202","Estonia","Europe","Y20122014","36"
"203","Estonia","Europe","Y20132015","33"
"204","Estonia","Europe","Y20142016","31"
"205","Estonia","Europe","Y20152017","29"
"206","Estonia","Europe","Y20162018","29"
"207","Estonia","Europe","Y20172019","27"
"208","Estonia","Europe","Y20182020","25"
"209","Estonia","Europe","Y20192021",""
"210","Estonia","Europe","Y20202022",""
"211","Finland","Europe","Y20002002","32"
"212","Finland","Europe","Y20012003","32"
"213","Finland","Europe","Y20022004","32"
"214","Finland","Europe","Y20032005","32"
"215","Finland","Europe","Y20042006","32"
"216","Finland","Europe","Y20052007","32"
"217","Finland","Europe","Y20062008","33"
"218","Finland","Europe","Y20072009","32"
"219","Finland","Europe","Y20082010","32"
"220","Finland","Europe","Y20092011","32"
"221","Finland","Europe","Y20102012","32"
"222","Finland","Europe","Y20112013","32"
"223","Finland","Europe","Y20122014","32"
"224","Finland","Europe","Y20132015","32"
"225","Finland","Europe","Y20142016","32"
"226","Finland","Europe","Y20152017","32"
"227","Finland","Europe","Y20162018","32"
"228","Finland","Europe","Y20172019","32"
"229","Finland","Europe","Y20182020","32"
"230","Finland","Europe","Y20192021",""
"231","Finland","Europe","Y20202022",""
"232","France","Europe","Y20002002","28"
"233","France","Europe","Y20012003","28"
"234","France","Europe","Y20022004","28"
"235","France","Europe","Y20032005","28"
"236","France","Europe","Y20042006","29"
"237","France","Europe","Y20052007","29"
"238","France","Europe","Y20062008","29"
"239","France","Europe","Y20072009","29"
"240","France","Europe","Y20082010","29"
"241","France","Europe","Y20092011","30"
"242","France","Europe","Y20102012","30"
"243","France","Europe","Y20112013","30"
"244","France","Europe","Y20122014","31"
"245","France","Europe","Y20132015","32"
"246","France","Europe","Y20142016","34"
"247","France","Europe","Y20152017","34"
"248","France","Europe","Y20162018","34"
"249","France","Europe","Y20172019","33"
"250","France","Europe","Y20182020","33"
"251","France","Europe","Y20192021",""
"252","France","Europe","Y20202022",""
"253","Germany","Europe","Y20002002","28"
"254","Germany","Europe","Y20012003","29"
"255","Germany","Europe","Y20022004","29"
"256","Germany","Europe","Y20032005","28"
"257","Germany","Europe","Y20042006","28"
"258","Germany","Europe","Y20052007","28"
"259","Germany","Europe","Y20062008","28"
"260","Germany","Europe","Y20072009","28"
"261","Germany","Europe","Y20082010","28"
"262","Germany","Europe","Y20092011","28"
"263","Germany","Europe","Y20102012","28"
"264","Germany","Europe","Y20112013","28"
"265","Germany","Europe","Y20122014","28"
"266","Germany","Europe","Y20132015","28"
"267","Germany","Europe","Y20142016","28"
"268","Germany","Europe","Y20152017","28"
"269","Germany","Europe","Y20162018","28"
"270","Germany","Europe","Y20172019","27"
"271","Germany","Europe","Y20182020","26"
"272","Germany","Europe","Y20192021",""
"273","Germany","Europe","Y20202022",""
"274","Greece","Europe","Y20002002","32"
"275","Greece","Europe","Y20012003","32"
"276","Greece","Europe","Y20022004","32"
"277","Greece","Europe","Y20032005","31"
"278","Greece","Europe","Y20042006","31"
"279","Greece","Europe","Y20052007","30"
"280","Greece","Europe","Y20062008","30"
"281","Greece","Europe","Y20072009","30"
"282","Greece","Europe","Y20082010","30"
"283","Greece","Europe","Y20092011","30"
"284","Greece","Europe","Y20102012","30"
"285","Greece","Europe","Y20112013","31"
"286","Greece","Europe","Y20122014","32"
"287","Greece","Europe","Y20132015","32"
"288","Greece","Europe","Y20142016","32"
"289","Greece","Europe","Y20152017","32"
"290","Greece","Europe","Y20162018","31"
"291","Greece","Europe","Y20172019","29"
"292","Greece","Europe","Y20182020","28"
"293","Greece","Europe","Y20192021",""
"294","Greece","Europe","Y20202022",""
"295","Hungary","Europe","Y20002002","29"
"296","Hungary","Europe","Y20012003","28"
"297","Hungary","Europe","Y20022004","28"
"298","Hungary","Europe","Y20032005","30"
"299","Hungary","Europe","Y20042006","30"
"300","Hungary","Europe","Y20052007","30"
"301","Hungary","Europe","Y20062008","29"
"302","Hungary","Europe","Y20072009","29"
"303","Hungary","Europe","Y20082010","30"
"304","Hungary","Europe","Y20092011","31"
"305","Hungary","Europe","Y20102012","30"
"306","Hungary","Europe","Y20112013","30"
"307","Hungary","Europe","Y20122014","30"
"308","Hungary","Europe","Y20132015","30"
"309","Hungary","Europe","Y20142016","29"
"310","Hungary","Europe","Y20152017","29"
"311","Hungary","Europe","Y20162018","29"
"312","Hungary","Europe","Y20172019","29"
"313","Hungary","Europe","Y20182020","29"
"314","Hungary","Europe","Y20192021",""
"315","Hungary","Europe","Y20202022",""
"316","Iceland","Europe","Y20002002","23"
"317","Iceland","Europe","Y20012003","22"
"318","Iceland","Europe","Y20022004","22"
"319","Iceland","Europe","Y20032005","22"
"320","Iceland","Europe","Y20042006","22"
"321","Iceland","Europe","Y20052007","23"
"322","Iceland","Europe","Y20062008","23"
"323","Iceland","Europe","Y20072009","23"
"324","Iceland","Europe","Y20082010","23"
"325","Iceland","Europe","Y20092011","23"
"326","Iceland","Europe","Y20102012","23"
"327","Iceland","Europe","Y20112013","23"
"328","Iceland","Europe","Y20122014","23"
"329","Iceland","Europe","Y20132015","23"
"330","Iceland","Europe","Y20142016","24"
"331","Iceland","Europe","Y20152017","24"
"332","Iceland","Europe","Y20162018","24"
"333","Iceland","Europe","Y20172019","24"
"334","Iceland","Europe","Y20182020","23"
"335","Iceland","Europe","Y20192021",""
"336","Iceland","Europe","Y20202022",""
"337","Ireland","Europe","Y20002002","31"
"338","Ireland","Europe","Y20012003","31"
"339","Ireland","Europe","Y20022004","31"
"340","Ireland","Europe","Y20032005","31"
"341","Ireland","Europe","Y20042006","32"
"342","Ireland","Europe","Y20052007","31"
"343","Ireland","Europe","Y20062008","32"
"344","Ireland","Europe","Y20072009","32"
"345","Ireland","Europe","Y20082010","33"
"346","Ireland","Europe","Y20092011","34"
"347","Ireland","Europe","Y20102012","34"
"348","Ireland","Europe","Y20112013","34"
"349","Ireland","Europe","Y20122014","33"
"350","Ireland","Europe","Y20132015","33"
"351","Ireland","Europe","Y20142016","33"
"352","Ireland","Europe","Y20152017","33"
"353","Ireland","Europe","Y20162018","32"
"354","Ireland","Europe","Y20172019","32"
"355","Ireland","Europe","Y20182020","31"
"356","Ireland","Europe","Y20192021",""
"357","Ireland","Europe","Y20202022",""
"358","Italy","Europe","Y20002002","34"
"359","Italy","Europe","Y20012003","34"
"360","Italy","Europe","Y20022004","34"
"361","Italy","Europe","Y20032005","34"
"362","Italy","Europe","Y20042006","33"
"363","Italy","Europe","Y20052007","33"
"364","Italy","Europe","Y20062008","33"
"365","Italy","Europe","Y20072009","33"
"366","Italy","Europe","Y20082010","33"
"367","Italy","Europe","Y20092011","33"
"368","Italy","Europe","Y20102012","33"
"369","Italy","Europe","Y20112013","34"
"370","Italy","Europe","Y20122014","34"
"371","Italy","Europe","Y20132015","35"
"372","Italy","Europe","Y20142016","35"
"373","Italy","Europe","Y20152017","35"
"374","Italy","Europe","Y20162018","35"
"375","Italy","Europe","Y20172019","35"
"376","Italy","Europe","Y20182020","34"
"377","Italy","Europe","Y20192021",""
"378","Italy","Europe","Y20202022",""
"379","Latvia","Europe","Y20002002","39"
"380","Latvia","Europe","Y20012003","38"
"381","Latvia","Europe","Y20022004","37"
"382","Latvia","Europe","Y20032005","36"
"383","Latvia","Europe","Y20042006","35"
"384","Latvia","Europe","Y20052007","34"
"385","Latvia","Europe","Y20062008","33"
"386","Latvia","Europe","Y20072009","34"
"387","Latvia","Europe","Y20082010","34"
"388","Latvia","Europe","Y20092011","35"
"389","Latvia","Europe","Y20102012","36"
"390","Latvia","Europe","Y20112013","36"
"391","Latvia","Europe","Y20122014","37"
"392","Latvia","Europe","Y20132015","37"
"393","Latvia","Europe","Y20142016","37"
"394","Latvia","Europe","Y20152017","37"
"395","Latvia","Europe","Y20162018","36"
"396","Latvia","Europe","Y20172019","35"
"397","Latvia","Europe","Y20182020","33"
"398","Latvia","Europe","Y20192021",""
"399","Latvia","Europe","Y20202022",""
"400","Lithuania","Europe","Y20002002","47"
"401","Lithuania","Europe","Y20012003","45"
"402","Lithuania","Europe","Y20022004","44"
"403","Lithuania","Europe","Y20032005","43"
"404","Lithuania","Europe","Y20042006","41"
"405","Lithuania","Europe","Y20052007","40"
"406","Lithuania","Europe","Y20062008","39"
"407","Lithuania","Europe","Y20072009","39"
"408","Lithuania","Europe","Y20082010","39"
"409","Lithuania","Europe","Y20092011","40"
"410","Lithuania","Europe","Y20102012","40"
"411","Lithuania","Europe","Y20112013","40"
"412","Lithuania","Europe","Y20122014","39"
"413","Lithuania","Europe","Y20132015","39"
"414","Lithuania","Europe","Y20142016","38"
"415","Lithuania","Europe","Y20152017","38"
"416","Lithuania","Europe","Y20162018","38"
"417","Lithuania","Europe","Y20172019","37"
"418","Lithuania","Europe","Y20182020","36"
"419","Lithuania","Europe","Y20192021",""
"420","Lithuania","Europe","Y20202022",""
"421","Luxembourg","Europe","Y20002002","24"
"422","Luxembourg","Europe","Y20012003","24"
"423","Luxembourg","Europe","Y20022004","23"
"424","Luxembourg","Europe","Y20032005","23"
"425","Luxembourg","Europe","Y20042006","24"
"426","Luxembourg","Europe","Y20052007","26"
"427","Luxembourg","Europe","Y20062008","27"
"428","Luxembourg","Europe","Y20072009","28"
"429","Luxembourg","Europe","Y20082010","29"
"430","Luxembourg","Europe","Y20092011","29"
"431","Luxembourg","Europe","Y20102012","29"
"432","Luxembourg","Europe","Y20112013","29"
"433","Luxembourg","Europe","Y20122014","29"
"434","Luxembourg","Europe","Y20132015","29"
"435","Luxembourg","Europe","Y20142016","29"
"436","Luxembourg","Europe","Y20152017","29"
"437","Luxembourg","Europe","Y20162018","29"
"438","Luxembourg","Europe","Y20172019","29"
"439","Luxembourg","Europe","Y20182020","30"
"440","Luxembourg","Europe","Y20192021",""
"441","Luxembourg","Europe","Y20202022",""
"442","Malta","Europe","Y20002002","37"
"443","Malta","Europe","Y20012003","37"
"444","Malta","Europe","Y20022004","37"
"445","Malta","Europe","Y20032005","36"
"446","Malta","Europe","Y20042006","36"
"447","Malta","Europe","Y20052007","36"
"448","Malta","Europe","Y20062008","36"
"449","Malta","Europe","Y20072009","35"
"450","Malta","Europe","Y20082010","35"
"451","Malta","Europe","Y20092011","36"
"452","Malta","Europe","Y20102012","36"
"453","Malta","Europe","Y20112013","35"
"454","Malta","Europe","Y20122014","34"
"455","Malta","Europe","Y20132015","34"
"456","Malta","Europe","Y20142016","33"
"457","Malta","Europe","Y20152017","34"
"458","Malta","Europe","Y20162018","34"
"459","Malta","Europe","Y20172019","34"
"460","Malta","Europe","Y20182020","34"
"461","Malta","Europe","Y20192021",""
"462","Malta","Europe","Y20202022",""
"463","Montenegro","Europe","Y20002002",""
"464","Montenegro","Europe","Y20012003",""
"465","Montenegro","Europe","Y20022004",""
"466","Montenegro","Europe","Y20032005",""
"467","Montenegro","Europe","Y20042006",""
"468","Montenegro","Europe","Y20052007","37"
"469","Montenegro","Europe","Y20062008","37"
"470","Montenegro","Europe","Y20072009","37"
"471","Montenegro","Europe","Y20082010","36"
"472","Montenegro","Europe","Y20092011","35"
"473","Montenegro","Europe","Y20102012","34"
"474","Montenegro","Europe","Y20112013","33"
"475","Montenegro","Europe","Y20122014","33"
"476","Montenegro","Europe","Y20132015","33"
"477","Montenegro","Europe","Y20142016","32"
"478","Montenegro","Europe","Y20152017","32"
"479","Montenegro","Europe","Y20162018","32"
"480","Montenegro","Europe","Y20172019","33"
"481","Montenegro","Europe","Y20182020","33"
"482","Montenegro","Europe","Y20192021",""
"483","Montenegro","Europe","Y20202022",""
"484","Netherlands (Kingdom of the)","Europe","Y20002002","22"
"485","Netherlands (Kingdom of the)","Europe","Y20012003","23"
"486","Netherlands (Kingdom of the)","Europe","Y20022004","23"
"487","Netherlands (Kingdom of the)","Europe","Y20032005","23"
"488","Netherlands (Kingdom of the)","Europe","Y20042006","23"
"489","Netherlands (Kingdom of the)","Europe","Y20052007","23"
"490","Netherlands (Kingdom of the)","Europe","Y20062008","24"
"491","Netherlands (Kingdom of the)","Europe","Y20072009","25"
"492","Netherlands (Kingdom of the)","Europe","Y20082010","26"
"493","Netherlands (Kingdom of the)","Europe","Y20092011","27"
"494","Netherlands (Kingdom of the)","Europe","Y20102012","28"
"495","Netherlands (Kingdom of the)","Europe","Y20112013","27"
"496","Netherlands (Kingdom of the)","Europe","Y20122014","27"
"497","Netherlands (Kingdom of the)","Europe","Y20132015","27"
"498","Netherlands (Kingdom of the)","Europe","Y20142016","27"
"499","Netherlands (Kingdom of the)","Europe","Y20152017","28"
"500","Netherlands (Kingdom of the)","Europe","Y20162018","28"
"501","Netherlands (Kingdom of the)","Europe","Y20172019","29"
"502","Netherlands (Kingdom of the)","Europe","Y20182020","28"
"503","Netherlands (Kingdom of the)","Europe","Y20192021",""
"504","Netherlands (Kingdom of the)","Europe","Y20202022",""
"505","North Macedonia","Europe","Y20002002","41"
"506","North Macedonia","Europe","Y20012003","40"
"507","North Macedonia","Europe","Y20022004","39"
"508","North Macedonia","Europe","Y20032005","39"
"509","North Macedonia","Europe","Y20042006","38"
"510","North Macedonia","Europe","Y20052007","37"
"511","North Macedonia","Europe","Y20062008","36"
"512","North Macedonia","Europe","Y20072009","36"
"513","North Macedonia","Europe","Y20082010","37"
"514","North Macedonia","Europe","Y20092011","38"
"515","North Macedonia","Europe","Y20102012","37"
"516","North Macedonia","Europe","Y20112013","38"
"517","North Macedonia","Europe","Y20122014","38"
"518","North Macedonia","Europe","Y20132015","38"
"519","North Macedonia","Europe","Y20142016","37"
"520","North Macedonia","Europe","Y20152017","37"
"521","North Macedonia","Europe","Y20162018","36"
"522","North Macedonia","Europe","Y20172019","36"
"523","North Macedonia","Europe","Y20182020","35"
"524","North Macedonia","Europe","Y20192021",""
"525","North Macedonia","Europe","Y20202022",""
"526","Norway","Europe","Y20002002","32"
"527","Norway","Europe","Y20012003","32"
"528","Norway","Europe","Y20022004","32"
"529","Norway","Europe","Y20032005","32"
"530","Norway","Europe","Y20042006","32"
"531","Norway","Europe","Y20052007","32"
"532","Norway","Europe","Y20062008","32"
"533","Norway","Europe","Y20072009","32"
"534","Norway","Europe","Y20082010","31"
"535","Norway","Europe","Y20092011","31"
"536","Norway","Europe","Y20102012","30"
"537","Norway","Europe","Y20112013","31"
"538","Norway","Europe","Y20122014","32"
"539","Norway","Europe","Y20132015","32"
"540","Norway","Europe","Y20142016","32"
"541","Norway","Europe","Y20152017","32"
"542","Norway","Europe","Y20162018","32"
"543","Norway","Europe","Y20172019","32"
"544","Norway","Europe","Y20182020","33"
"545","Norway","Europe","Y20192021",""
"546","Norway","Europe","Y20202022",""
"547","Poland","Europe","Y20002002","42"
"548","Poland","Europe","Y20012003","42"
"549","Poland","Europe","Y20022004","42"
"550","Poland","Europe","Y20032005","42"
"551","Poland","Europe","Y20042006","42"
"552","Poland","Europe","Y20052007","42"
"553","Poland","Europe","Y20062008","42"
"554","Poland","Europe","Y20072009","41"
"555","Poland","Europe","Y20082010","41"
"556","Poland","Europe","Y20092011","40"
"557","Poland","Europe","Y20102012","40"
"558","Poland","Europe","Y20112013","40"
"559","Poland","Europe","Y20122014","40"
"560","Poland","Europe","Y20132015","39"
"561","Poland","Europe","Y20142016","38"
"562","Poland","Europe","Y20152017","38"
"563","Poland","Europe","Y20162018","38"
"564","Poland","Europe","Y20172019","38"
"565","Poland","Europe","Y20182020","37"
"566","Poland","Europe","Y20192021",""
"567","Poland","Europe","Y20202022",""
"568","Portugal","Europe","Y20002002","32"
"569","Portugal","Europe","Y20012003","32"
"570","Portugal","Europe","Y20022004","32"
"571","Portugal","Europe","Y20032005","32"
"572","Portugal","Europe","Y20042006","32"
"573","Portugal","Europe","Y20052007","32"
"574","Portugal","Europe","Y20062008","32"
"575","Portugal","Europe","Y20072009","31"
"576","Portugal","Europe","Y20082010","31"
"577","Portugal","Europe","Y20092011","32"
"578","Portugal","Europe","Y20102012","33"
"579","Portugal","Europe","Y20112013","34"
"580","Portugal","Europe","Y20122014","34"
"581","Portugal","Europe","Y20132015","34"
"582","Portugal","Europe","Y20142016","33"
"583","Portugal","Europe","Y20152017","33"
"584","Portugal","Europe","Y20162018","32"
"585","Portugal","Europe","Y20172019","32"
"586","Portugal","Europe","Y20182020","31"
"587","Portugal","Europe","Y20192021",""
"588","Portugal","Europe","Y20202022",""
"589","Republic of Moldova","Europe","Y20002002","60"
"590","Republic of Moldova","Europe","Y20012003","58"
"591","Republic of Moldova","Europe","Y20022004","57"
"592","Republic of Moldova","Europe","Y20032005","55"
"593","Republic of Moldova","Europe","Y20042006","53"
"594","Republic of Moldova","Europe","Y20052007","50"
"595","Republic of Moldova","Europe","Y20062008","47"
"596","Republic of Moldova","Europe","Y20072009","45"
"597","Republic of Moldova","Europe","Y20082010","48"
"598","Republic of Moldova","Europe","Y20092011","51"
"599","Republic of Moldova","Europe","Y20102012","54"
"600","Republic of Moldova","Europe","Y20112013","53"
"601","Republic of Moldova","Europe","Y20122014","51"
"602","Republic of Moldova","Europe","Y20132015","50"
"603","Republic of Moldova","Europe","Y20142016","49"
"604","Republic of Moldova","Europe","Y20152017","49"
"605","Republic of Moldova","Europe","Y20162018","49"
"606","Republic of Moldova","Europe","Y20172019","49"
"607","Republic of Moldova","Europe","Y20182020","49"
"608","Republic of Moldova","Europe","Y20192021",""
"609","Republic of Moldova","Europe","Y20202022",""
"610","Romania","Europe","Y20002002","49"
"611","Romania","Europe","Y20012003","47"
"612","Romania","Europe","Y20022004","47"
"613","Romania","Europe","Y20032005","46"
"614","Romania","Europe","Y20042006","45"
"615","Romania","Europe","Y20052007","44"
"616","Romania","Europe","Y20062008","44"
"617","Romania","Europe","Y20072009","44"
"618","Romania","Europe","Y20082010","44"
"619","Romania","Europe","Y20092011","45"
"620","Romania","Europe","Y20102012","45"
"621","Romania","Europe","Y20112013","46"
"622","Romania","Europe","Y20122014","44"
"623","Romania","Europe","Y20132015","43"
"624","Romania","Europe","Y20142016","41"
"625","Romania","Europe","Y20152017","40"
"626","Romania","Europe","Y20162018","40"
"627","Romania","Europe","Y20172019","41"
"628","Romania","Europe","Y20182020","41"
"629","Romania","Europe","Y20192021",""
"630","Romania","Europe","Y20202022",""
"631","Russian Federation","Europe","Y20002002","47"
"632","Russian Federation","Europe","Y20012003","46"
"633","Russian Federation","Europe","Y20022004","45"
"634","Russian Federation","Europe","Y20032005","44"
"635","Russian Federation","Europe","Y20042006","43"
"636","Russian Federation","Europe","Y20052007","43"
"637","Russian Federation","Europe","Y20062008","42"
"638","Russian Federation","Europe","Y20072009","41"
"639","Russian Federation","Europe","Y20082010","41"
"640","Russian Federation","Europe","Y20092011","41"
"641","Russian Federation","Europe","Y20102012","41"
"642","Russian Federation","Europe","Y20112013","41"
"643","Russian Federation","Europe","Y20122014","41"
"644","Russian Federation","Europe","Y20132015","41"
"645","Russian Federation","Europe","Y20142016","42"
"646","Russian Federation","Europe","Y20152017","42"
"647","Russian Federation","Europe","Y20162018","41"
"648","Russian Federation","Europe","Y20172019","41"
"649","Russian Federation","Europe","Y20182020","41"
"650","Russian Federation","Europe","Y20192021",""
"651","Russian Federation","Europe","Y20202022",""
"652","Serbia","Europe","Y20002002",""
"653","Serbia","Europe","Y20012003",""
"654","Serbia","Europe","Y20022004",""
"655","Serbia","Europe","Y20032005",""
"656","Serbia","Europe","Y20042006",""
"657","Serbia","Europe","Y20052007","38"
"658","Serbia","Europe","Y20062008","38"
"659","Serbia","Europe","Y20072009","38"
"660","Serbia","Europe","Y20082010","39"
"661","Serbia","Europe","Y20092011","40"
"662","Serbia","Europe","Y20102012","42"
"663","Serbia","Europe","Y20112013","42"
"664","Serbia","Europe","Y20122014","42"
"665","Serbia","Europe","Y20132015","42"
"666","Serbia","Europe","Y20142016","42"
"667","Serbia","Europe","Y20152017","43"
"668","Serbia","Europe","Y20162018","42"
"669","Serbia","Europe","Y20172019","43"
"670","Serbia","Europe","Y20182020","43"
"671","Serbia","Europe","Y20192021",""
"672","Serbia","Europe","Y20202022",""
"673","Slovakia","Europe","Y20002002","39"
"674","Slovakia","Europe","Y20012003","38"
"675","Slovakia","Europe","Y20022004","38"
"676","Slovakia","Europe","Y20032005","38"
"677","Slovakia","Europe","Y20042006","37"
"678","Slovakia","Europe","Y20052007","37"
"679","Slovakia","Europe","Y20062008","37"
"680","Slovakia","Europe","Y20072009","37"
"681","Slovakia","Europe","Y20082010","35"
"682","Slovakia","Europe","Y20092011","35"
"683","Slovakia","Europe","Y20102012","35"
"684","Slovakia","Europe","Y20112013","36"
"685","Slovakia","Europe","Y20122014","37"
"686","Slovakia","Europe","Y20132015","36"
"687","Slovakia","Europe","Y20142016","35"
"688","Slovakia","Europe","Y20152017","32"
"689","Slovakia","Europe","Y20162018","30"
"690","Slovakia","Europe","Y20172019","30"
"691","Slovakia","Europe","Y20182020","31"
"692","Slovakia","Europe","Y20192021",""
"693","Slovakia","Europe","Y20202022",""
"694","Slovenia","Europe","Y20002002","38"
"695","Slovenia","Europe","Y20012003","38"
"696","Slovenia","Europe","Y20022004","37"
"697","Slovenia","Europe","Y20032005","36"
"698","Slovenia","Europe","Y20042006","36"
"699","Slovenia","Europe","Y20052007","37"
"700","Slovenia","Europe","Y20062008","38"
"701","Slovenia","Europe","Y20072009","38"
"702","Slovenia","Europe","Y20082010","38"
"703","Slovenia","Europe","Y20092011","38"
"704","Slovenia","Europe","Y20102012","39"
"705","Slovenia","Europe","Y20112013","39"
"706","Slovenia","Europe","Y20122014","40"
"707","Slovenia","Europe","Y20132015","41"
"708","Slovenia","Europe","Y20142016","41"
"709","Slovenia","Europe","Y20152017","40"
"710","Slovenia","Europe","Y20162018","40"
"711","Slovenia","Europe","Y20172019","39"
"712","Slovenia","Europe","Y20182020","40"
"713","Slovenia","Europe","Y20192021",""
"714","Slovenia","Europe","Y20202022",""
"715","Spain","Europe","Y20002002","26"
"716","Spain","Europe","Y20012003","26"
"717","Spain","Europe","Y20022004","26"
"718","Spain","Europe","Y20032005","26"
"719","Spain","Europe","Y20042006","26"
"720","Spain","Europe","Y20052007","26"
"721","Spain","Europe","Y20062008","26"
"722","Spain","Europe","Y20072009","27"
"723","Spain","Europe","Y20082010","27"
"724","Spain","Europe","Y20092011","28"
"725","Spain","Europe","Y20102012","28"
"726","Spain","Europe","Y20112013","28"
"727","Spain","Europe","Y20122014","28"
"728","Spain","Europe","Y20132015","28"
"729","Spain","Europe","Y20142016","28"
"730","Spain","Europe","Y20152017","27"
"731","Spain","Europe","Y20162018","27"
"732","Spain","Europe","Y20172019","27"
"733","Spain","Europe","Y20182020","27"
"734","Spain","Europe","Y20192021",""
"735","Spain","Europe","Y20202022",""
"736","Sweden","Europe","Y20002002","28"
"737","Sweden","Europe","Y20012003","28"
"738","Sweden","Europe","Y20022004","28"
"739","Sweden","Europe","Y20032005","28"
"740","Sweden","Europe","Y20042006","28"
"741","Sweden","Europe","Y20052007","28"
"742","Sweden","Europe","Y20062008","28"
"743","Sweden","Europe","Y20072009","28"
"744","Sweden","Europe","Y20082010","28"
"745","Sweden","Europe","Y20092011","28"
"746","Sweden","Europe","Y20102012","28"
"747","Sweden","Europe","Y20112013","27"
"748","Sweden","Europe","Y20122014","27"
"749","Sweden","Europe","Y20132015","28"
"750","Sweden","Europe","Y20142016","28"
"751","Sweden","Europe","Y20152017","28"
"752","Sweden","Europe","Y20162018","29"
"753","Sweden","Europe","Y20172019","30"
"754","Sweden","Europe","Y20182020","30"
"755","Sweden","Europe","Y20192021",""
"756","Sweden","Europe","Y20202022",""
"757","Switzerland","Europe","Y20002002","25"
"758","Switzerland","Europe","Y20012003","24"
"759","Switzerland","Europe","Y20022004","24"
"760","Switzerland","Europe","Y20032005","24"
"761","Switzerland","Europe","Y20042006","24"
"762","Switzerland","Europe","Y20052007","23"
"763","Switzerland","Europe","Y20062008","23"
"764","Switzerland","Europe","Y20072009","23"
"765","Switzerland","Europe","Y20082010","23"
"766","Switzerland","Europe","Y20092011","23"
"767","Switzerland","Europe","Y20102012","23"
"768","Switzerland","Europe","Y20112013","23"
"769","Switzerland","Europe","Y20122014","23"
"770","Switzerland","Europe","Y20132015","23"
"771","Switzerland","Europe","Y20142016","24"
"772","Switzerland","Europe","Y20152017","24"
"773","Switzerland","Europe","Y20162018","25"
"774","Switzerland","Europe","Y20172019","25"
"775","Switzerland","Europe","Y20182020","25"
"776","Switzerland","Europe","Y20192021",""
"777","Switzerland","Europe","Y20202022",""
"778","Ukraine","Europe","Y20002002","50"
"779","Ukraine","Europe","Y20012003","49"
"780","Ukraine","Europe","Y20022004","48"
"781","Ukraine","Europe","Y20032005","47"
"782","Ukraine","Europe","Y20042006","45"
"783","Ukraine","Europe","Y20052007","44"
"784","Ukraine","Europe","Y20062008","42"
"785","Ukraine","Europe","Y20072009","42"
"786","Ukraine","Europe","Y20082010","42"
"787","Ukraine","Europe","Y20092011","42"
"788","Ukraine","Europe","Y20102012","42"
"789","Ukraine","Europe","Y20112013","42"
"790","Ukraine","Europe","Y20122014","42"
"791","Ukraine","Europe","Y20132015","44"
"792","Ukraine","Europe","Y20142016","46"
"793","Ukraine","Europe","Y20152017","49"
"794","Ukraine","Europe","Y20162018","48"
"795","Ukraine","Europe","Y20172019","46"
"796","Ukraine","Europe","Y20182020","45"
"797","Ukraine","Europe","Y20192021",""
"798","Ukraine","Europe","Y20202022",""
"799","United Kingdom of Great Britain and Northern Ireland","Europe","Y20002002","31"
"800","United Kingdom of Great Britain and Northern Ireland","Europe","Y20012003","32"
"801","United Kingdom of Great Britain and Northern Ireland","Europe","Y20022004","32"
"802","United Kingdom of Great Britain and Northern Ireland","Europe","Y20032005","32"
"803","United Kingdom of Great Britain and Northern Ireland","Europe","Y20042006","31"
"804","United Kingdom of Great Britain and Northern Ireland","Europe","Y20052007","31"
"805","United Kingdom of Great Britain and Northern Ireland","Europe","Y20062008","32"
"806","United Kingdom of Great Britain and Northern Ireland","Europe","Y20072009","32"
"807","United Kingdom of Great Britain and Northern Ireland","Europe","Y20082010","32"
"808","United Kingdom of Great Britain and Northern Ireland","Europe","Y20092011","32"
"809","United Kingdom of Great Britain and Northern Ireland","Europe","Y20102012","32"
"810","United Kingdom of Great Britain and Northern Ireland","Europe","Y20112013","31"
"811","United Kingdom of Great Britain and Northern Ireland","Europe","Y20122014","32"
"812","United Kingdom of Great Britain and Northern Ireland","Europe","Y20132015","32"
"813","United Kingdom of Great Britain and Northern Ireland","Europe","Y20142016","33"
"814","United Kingdom of Great Britain and Northern Ireland","Europe","Y20152017","33"
"815","United Kingdom of Great Britain and Northern Ireland","Europe","Y20162018","33"
"816","United Kingdom of Great Britain and Northern Ireland","Europe","Y20172019","33"
"817","United Kingdom of Great Britain and Northern Ireland","Europe","Y20182020","33"
"818","United Kingdom of Great Britain and Northern Ireland","Europe","Y20192021",""
"819","United Kingdom of Great Britain and Northern Ireland","Europe","Y20202022",""
"820","Algeria","Africa","Y20002002","59"
"821","Algeria","Africa","Y20012003","60"
"822","Algeria","Africa","Y20022004","60"
"823","Algeria","Africa","Y20032005","60"
"824","Algeria","Africa","Y20042006","59"
"825","Algeria","Africa","Y20052007","59"
"826","Algeria","Africa","Y20062008","58"
"827","Algeria","Africa","Y20072009","58"
"828","Algeria","Africa","Y20082010","57"
"829","Algeria","Africa","Y20092011","54"
"830","Algeria","Africa","Y20102012","53"
"831","Algeria","Africa","Y20112013","51"
"832","Algeria","Africa","Y20122014","51"
"833","Algeria","Africa","Y20132015","50"
"834","Algeria","Africa","Y20142016","50"
"835","Algeria","Africa","Y20152017","50"
"836","Algeria","Africa","Y20162018","50"
"837","Algeria","Africa","Y20172019","51"
"838","Algeria","Africa","Y20182020","51"
"839","Algeria","Africa","Y20192021",""
"840","Algeria","Africa","Y20202022",""
"841","Angola","Africa","Y20002002","66"
"842","Angola","Africa","Y20012003","65"
"843","Angola","Africa","Y20022004","64"
"844","Angola","Africa","Y20032005","64"
"845","Angola","Africa","Y20042006","64"
"846","Angola","Africa","Y20052007","63"
"847","Angola","Africa","Y20062008","62"
"848","Angola","Africa","Y20072009","61"
"849","Angola","Africa","Y20082010","61"
"850","Angola","Africa","Y20092011","62"
"851","Angola","Africa","Y20102012","62"
"852","Angola","Africa","Y20112013","62"
"853","Angola","Africa","Y20122014","60"
"854","Angola","Africa","Y20132015","59"
"855","Angola","Africa","Y20142016","59"
"856","Angola","Africa","Y20152017","60"
"857","Angola","Africa","Y20162018","61"
"858","Angola","Africa","Y20172019","61"
"859","Angola","Africa","Y20182020","62"
"860","Angola","Africa","Y20192021",""
"861","Angola","Africa","Y20202022",""
"862","Benin","Africa","Y20002002","72"
"863","Benin","Africa","Y20012003","71"
"864","Benin","Africa","Y20022004","71"
"865","Benin","Africa","Y20032005","72"
"866","Benin","Africa","Y20042006","74"
"867","Benin","Africa","Y20052007","74"
"868","Benin","Africa","Y20062008","73"
"869","Benin","Africa","Y20072009","72"
"870","Benin","Africa","Y20082010","70"
"871","Benin","Africa","Y20092011","69"
"872","Benin","Africa","Y20102012","68"
"873","Benin","Africa","Y20112013","67"
"874","Benin","Africa","Y20122014","67"
"875","Benin","Africa","Y20132015","67"
"876","Benin","Africa","Y20142016","68"
"877","Benin","Africa","Y20152017","68"
"878","Benin","Africa","Y20162018","68"
"879","Benin","Africa","Y20172019","68"
"880","Benin","Africa","Y20182020","67"
"881","Benin","Africa","Y20192021",""
"882","Benin","Africa","Y20202022",""
"883","Botswana","Africa","Y20002002","50"
"884","Botswana","Africa","Y20012003","50"
"885","Botswana","Africa","Y20022004","49"
"886","Botswana","Africa","Y20032005","49"
"887","Botswana","Africa","Y20042006","50"
"888","Botswana","Africa","Y20052007","51"
"889","Botswana","Africa","Y20062008","51"
"890","Botswana","Africa","Y20072009","50"
"891","Botswana","Africa","Y20082010","48"
"892","Botswana","Africa","Y20092011","46"
"893","Botswana","Africa","Y20102012","45"
"894","Botswana","Africa","Y20112013","46"
"895","Botswana","Africa","Y20122014","48"
"896","Botswana","Africa","Y20132015","50"
"897","Botswana","Africa","Y20142016","52"
"898","Botswana","Africa","Y20152017","53"
"899","Botswana","Africa","Y20162018","54"
"900","Botswana","Africa","Y20172019","54"
"901","Botswana","Africa","Y20182020","54"
"902","Botswana","Africa","Y20192021",""
"903","Botswana","Africa","Y20202022",""
"904","Burkina Faso","Africa","Y20002002","65"
"905","Burkina Faso","Africa","Y20012003","64"
"906","Burkina Faso","Africa","Y20022004","64"
"907","Burkina Faso","Africa","Y20032005","65"
"908","Burkina Faso","Africa","Y20042006","66"
"909","Burkina Faso","Africa","Y20052007","66"
"910","Burkina Faso","Africa","Y20062008","66"
"911","Burkina Faso","Africa","Y20072009","66"
"912","Burkina Faso","Africa","Y20082010","65"
"913","Burkina Faso","Africa","Y20092011","65"
"914","Burkina Faso","Africa","Y20102012","65"
"915","Burkina Faso","Africa","Y20112013","65"
"916","Burkina Faso","Africa","Y20122014","65"
"917","Burkina Faso","Africa","Y20132015","65"
"918","Burkina Faso","Africa","Y20142016","64"
"919","Burkina Faso","Africa","Y20152017","64"
"920","Burkina Faso","Africa","Y20162018","65"
"921","Burkina Faso","Africa","Y20172019","62"
"922","Burkina Faso","Africa","Y20182020","59"
"923","Burkina Faso","Africa","Y20192021",""
"924","Burkina Faso","Africa","Y20202022",""
"925","Burundi","Africa","Y20002002",""
"926","Burundi","Africa","Y20012003",""
"927","Burundi","Africa","Y20022004",""
"928","Burundi","Africa","Y20032005",""
"929","Burundi","Africa","Y20042006",""
"930","Burundi","Africa","Y20052007",""
"931","Burundi","Africa","Y20062008",""
"932","Burundi","Africa","Y20072009",""
"933","Burundi","Africa","Y20082010",""
"934","Burundi","Africa","Y20092011",""
"935","Burundi","Africa","Y20102012",""
"936","Burundi","Africa","Y20112013",""
"937","Burundi","Africa","Y20122014",""
"938","Burundi","Africa","Y20132015",""
"939","Burundi","Africa","Y20142016","64"
"940","Burundi","Africa","Y20152017","64"
"941","Burundi","Africa","Y20162018","64"
"942","Burundi","Africa","Y20172019","64"
"943","Burundi","Africa","Y20182020","64"
"944","Burundi","Africa","Y20192021",""
"945","Burundi","Africa","Y20202022",""
"946","Cabo Verde","Africa","Y20002002","50"
"947","Cabo Verde","Africa","Y20012003","50"
"948","Cabo Verde","Africa","Y20022004","51"
"949","Cabo Verde","Africa","Y20032005","51"
"950","Cabo Verde","Africa","Y20042006","50"
"951","Cabo Verde","Africa","Y20052007","49"
"952","Cabo Verde","Africa","Y20062008","48"
"953","Cabo Verde","Africa","Y20072009","48"
"954","Cabo Verde","Africa","Y20082010","49"
"955","Cabo Verde","Africa","Y20092011","50"
"956","Cabo Verde","Africa","Y20102012","51"
"957","Cabo Verde","Africa","Y20112013","51"
"958","Cabo Verde","Africa","Y20122014","52"
"959","Cabo Verde","Africa","Y20132015","52"
"960","Cabo Verde","Africa","Y20142016","52"
"961","Cabo Verde","Africa","Y20152017","52"
"962","Cabo Verde","Africa","Y20162018","53"
"963","Cabo Verde","Africa","Y20172019","52"
"964","Cabo Verde","Africa","Y20182020","52"
"965","Cabo Verde","Africa","Y20192021",""
"966","Cabo Verde","Africa","Y20202022",""
"967","Cameroon","Africa","Y20002002","56"
"968","Cameroon","Africa","Y20012003","56"
"969","Cameroon","Africa","Y20022004","55"
"970","Cameroon","Africa","Y20032005","55"
"971","Cameroon","Africa","Y20042006","55"
"972","Cameroon","Africa","Y20052007","54"
"973","Cameroon","Africa","Y20062008","54"
"974","Cameroon","Africa","Y20072009","54"
"975","Cameroon","Africa","Y20082010","54"
"976","Cameroon","Africa","Y20092011","54"
"977","Cameroon","Africa","Y20102012","54"
"978","Cameroon","Africa","Y20112013","55"
"979","Cameroon","Africa","Y20122014","55"
"980","Cameroon","Africa","Y20132015","55"
"981","Cameroon","Africa","Y20142016","55"
"982","Cameroon","Africa","Y20152017","55"
"983","Cameroon","Africa","Y20162018","56"
"984","Cameroon","Africa","Y20172019","56"
"985","Cameroon","Africa","Y20182020","57"
"986","Cameroon","Africa","Y20192021",""
"987","Cameroon","Africa","Y20202022",""
"988","Central African Republic","Africa","Y20002002","55"
"989","Central African Republic","Africa","Y20012003","55"
"990","Central African Republic","Africa","Y20022004","54"
"991","Central African Republic","Africa","Y20032005","54"
"992","Central African Republic","Africa","Y20042006","54"
"993","Central African Republic","Africa","Y20052007","55"
"994","Central African Republic","Africa","Y20062008","54"
"995","Central African Republic","Africa","Y20072009","54"
"996","Central African Republic","Africa","Y20082010","55"
"997","Central African Republic","Africa","Y20092011","56"
"998","Central African Republic","Africa","Y20102012","57"
"999","Central African Republic","Africa","Y20112013","56"
"1000","Central African Republic","Africa","Y20122014","55"
"1001","Central African Republic","Africa","Y20132015","55"
"1002","Central African Republic","Africa","Y20142016","55"
"1003","Central African Republic","Africa","Y20152017","54"
"1004","Central African Republic","Africa","Y20162018","53"
"1005","Central African Republic","Africa","Y20172019","52"
"1006","Central African Republic","Africa","Y20182020","52"
"1007","Central African Republic","Africa","Y20192021",""
"1008","Central African Republic","Africa","Y20202022",""
"1009","Chad","Africa","Y20002002","58"
"1010","Chad","Africa","Y20012003","59"
"1011","Chad","Africa","Y20022004","60"
"1012","Chad","Africa","Y20032005","61"
"1013","Chad","Africa","Y20042006","61"
"1014","Chad","Africa","Y20052007","63"
"1015","Chad","Africa","Y20062008","65"
"1016","Chad","Africa","Y20072009","67"
"1017","Chad","Africa","Y20082010","66"
"1018","Chad","Africa","Y20092011","65"
"1019","Chad","Africa","Y20102012","64"
"1020","Chad","Africa","Y20112013","64"
"1021","Chad","Africa","Y20122014","63"
"1022","Chad","Africa","Y20132015","62"
"1023","Chad","Africa","Y20142016","62"
"1024","Chad","Africa","Y20152017","62"
"1025","Chad","Africa","Y20162018","62"
"1026","Chad","Africa","Y20172019","62"
"1027","Chad","Africa","Y20182020","61"
"1028","Chad","Africa","Y20192021",""
"1029","Chad","Africa","Y20202022",""
"1030","Comoros","Africa","Y20002002",""
"1031","Comoros","Africa","Y20012003",""
"1032","Comoros","Africa","Y20022004",""
"1033","Comoros","Africa","Y20032005",""
"1034","Comoros","Africa","Y20042006",""
"1035","Comoros","Africa","Y20052007",""
"1036","Comoros","Africa","Y20062008",""
"1037","Comoros","Africa","Y20072009",""
"1038","Comoros","Africa","Y20082010",""
"1039","Comoros","Africa","Y20092011",""
"1040","Comoros","Africa","Y20102012","57"
"1041","Comoros","Africa","Y20112013","57"
"1042","Comoros","Africa","Y20122014","57"
"1043","Comoros","Africa","Y20132015","57"
"1044","Comoros","Africa","Y20142016","57"
"1045","Comoros","Africa","Y20152017","57"
"1046","Comoros","Africa","Y20162018","57"
"1047","Comoros","Africa","Y20172019","56"
"1048","Comoros","Africa","Y20182020","56"
"1049","Comoros","Africa","Y20192021",""
"1050","Comoros","Africa","Y20202022",""
"1051","Congo","Africa","Y20002002","61"
"1052","Congo","Africa","Y20012003","60"
"1053","Congo","Africa","Y20022004","60"
"1054","Congo","Africa","Y20032005","60"
"1055","Congo","Africa","Y20042006","60"
"1056","Congo","Africa","Y20052007","59"
"1057","Congo","Africa","Y20062008","59"
"1058","Congo","Africa","Y20072009","59"
"1059","Congo","Africa","Y20082010","61"
"1060","Congo","Africa","Y20092011","61"
"1061","Congo","Africa","Y20102012","60"
"1062","Congo","Africa","Y20112013","60"
"1063","Congo","Africa","Y20122014","61"
"1064","Congo","Africa","Y20132015","62"
"1065","Congo","Africa","Y20142016","62"
"1066","Congo","Africa","Y20152017","61"
"1067","Congo","Africa","Y20162018","60"
"1068","Congo","Africa","Y20172019","61"
"1069","Congo","Africa","Y20182020","60"
"1070","Congo","Africa","Y20192021",""
"1071","Congo","Africa","Y20202022",""
"1072","Côte d'Ivoire","Africa","Y20002002","65"
"1073","Côte d'Ivoire","Africa","Y20012003","65"
"1074","Côte d'Ivoire","Africa","Y20022004","65"
"1075","Côte d'Ivoire","Africa","Y20032005","65"
"1076","Côte d'Ivoire","Africa","Y20042006","66"
"1077","Côte d'Ivoire","Africa","Y20052007","66"
"1078","Côte d'Ivoire","Africa","Y20062008","67"
"1079","Côte d'Ivoire","Africa","Y20072009","67"
"1080","Côte d'Ivoire","Africa","Y20082010","68"
"1081","Côte d'Ivoire","Africa","Y20092011","70"
"1082","Côte d'Ivoire","Africa","Y20102012","71"
"1083","Côte d'Ivoire","Africa","Y20112013","71"
"1084","Côte d'Ivoire","Africa","Y20122014","71"
"1085","Côte d'Ivoire","Africa","Y20132015","71"
"1086","Côte d'Ivoire","Africa","Y20142016","72"
"1087","Côte d'Ivoire","Africa","Y20152017","72"
"1088","Côte d'Ivoire","Africa","Y20162018","72"
"1089","Côte d'Ivoire","Africa","Y20172019","72"
"1090","Côte d'Ivoire","Africa","Y20182020","71"
"1091","Côte d'Ivoire","Africa","Y20192021",""
"1092","Côte d'Ivoire","Africa","Y20202022",""
"1093","Democratic Republic of the Congo","Africa","Y20002002",""
"1094","Democratic Republic of the Congo","Africa","Y20012003",""
"1095","Democratic Republic of the Congo","Africa","Y20022004",""
"1096","Democratic Republic of the Congo","Africa","Y20032005",""
"1097","Democratic Republic of the Congo","Africa","Y20042006",""
"1098","Democratic Republic of the Congo","Africa","Y20052007",""
"1099","Democratic Republic of the Congo","Africa","Y20062008",""
"1100","Democratic Republic of the Congo","Africa","Y20072009",""
"1101","Democratic Republic of the Congo","Africa","Y20082010",""
"1102","Democratic Republic of the Congo","Africa","Y20092011",""
"1103","Democratic Republic of the Congo","Africa","Y20102012","80"
"1104","Democratic Republic of the Congo","Africa","Y20112013","80"
"1105","Democratic Republic of the Congo","Africa","Y20122014","79"
"1106","Democratic Republic of the Congo","Africa","Y20132015","78"
"1107","Democratic Republic of the Congo","Africa","Y20142016","78"
"1108","Democratic Republic of the Congo","Africa","Y20152017","78"
"1109","Democratic Republic of the Congo","Africa","Y20162018","78"
"1110","Democratic Republic of the Congo","Africa","Y20172019","79"
"1111","Democratic Republic of the Congo","Africa","Y20182020","79"
"1112","Democratic Republic of the Congo","Africa","Y20192021",""
"1113","Democratic Republic of the Congo","Africa","Y20202022",""
"1114","Djibouti","Africa","Y20002002","58"
"1115","Djibouti","Africa","Y20012003","58"
"1116","Djibouti","Africa","Y20022004","58"
"1117","Djibouti","Africa","Y20032005","56"
"1118","Djibouti","Africa","Y20042006","56"
"1119","Djibouti","Africa","Y20052007","54"
"1120","Djibouti","Africa","Y20062008","54"
"1121","Djibouti","Africa","Y20072009","54"
"1122","Djibouti","Africa","Y20082010","56"
"1123","Djibouti","Africa","Y20092011","57"
"1124","Djibouti","Africa","Y20102012","57"
"1125","Djibouti","Africa","Y20112013","57"
"1126","Djibouti","Africa","Y20122014","56"
"1127","Djibouti","Africa","Y20132015","55"
"1128","Djibouti","Africa","Y20142016","55"
"1129","Djibouti","Africa","Y20152017","55"
"1130","Djibouti","Africa","Y20162018","55"
"1131","Djibouti","Africa","Y20172019","55"
"1132","Djibouti","Africa","Y20182020","55"
"1133","Djibouti","Africa","Y20192021",""
"1134","Djibouti","Africa","Y20202022",""
"1135","Egypt","Africa","Y20002002","65"
"1136","Egypt","Africa","Y20012003","65"
"1137","Egypt","Africa","Y20022004","65"
"1138","Egypt","Africa","Y20032005","65"
"1139","Egypt","Africa","Y20042006","65"
"1140","Egypt","Africa","Y20052007","65"
"1141","Egypt","Africa","Y20062008","65"
"1142","Egypt","Africa","Y20072009","65"
"1143","Egypt","Africa","Y20082010","66"
"1144","Egypt","Africa","Y20092011","66"
"1145","Egypt","Africa","Y20102012","66"
"1146","Egypt","Africa","Y20112013","66"
"1147","Egypt","Africa","Y20122014","67"
"1148","Egypt","Africa","Y20132015","66"
"1149","Egypt","Africa","Y20142016","66"
"1150","Egypt","Africa","Y20152017","66"
"1151","Egypt","Africa","Y20162018","66"
"1152","Egypt","Africa","Y20172019","66"
"1153","Egypt","Africa","Y20182020","66"
"1154","Egypt","Africa","Y20192021",""
"1155","Egypt","Africa","Y20202022",""
"1156","Eswatini","Africa","Y20002002","55"
"1157","Eswatini","Africa","Y20012003","55"
"1158","Eswatini","Africa","Y20022004","54"
"1159","Eswatini","Africa","Y20032005","54"
"1160","Eswatini","Africa","Y20042006","54"
"1161","Eswatini","Africa","Y20052007","55"
"1162","Eswatini","Africa","Y20062008","57"
"1163","Eswatini","Africa","Y20072009","58"
"1164","Eswatini","Africa","Y20082010","57"
"1165","Eswatini","Africa","Y20092011","55"
"1166","Eswatini","Africa","Y20102012","54"
"1167","Eswatini","Africa","Y20112013","54"
"1168","Eswatini","Africa","Y20122014","53"
"1169","Eswatini","Africa","Y20132015","53"
"1170","Eswatini","Africa","Y20142016","54"
"1171","Eswatini","Africa","Y20152017","56"
"1172","Eswatini","Africa","Y20162018","57"
"1173","Eswatini","Africa","Y20172019","56"
"1174","Eswatini","Africa","Y20182020","57"
"1175","Eswatini","Africa","Y20192021",""
"1176","Eswatini","Africa","Y20202022",""
"1177","Ethiopia","Africa","Y20002002","82"
"1178","Ethiopia","Africa","Y20012003","81"
"1179","Ethiopia","Africa","Y20022004","80"
"1180","Ethiopia","Africa","Y20032005","80"
"1181","Ethiopia","Africa","Y20042006","79"
"1182","Ethiopia","Africa","Y20052007","79"
"1183","Ethiopia","Africa","Y20062008","78"
"1184","Ethiopia","Africa","Y20072009","77"
"1185","Ethiopia","Africa","Y20082010","76"
"1186","Ethiopia","Africa","Y20092011","76"
"1187","Ethiopia","Africa","Y20102012","75"
"1188","Ethiopia","Africa","Y20112013","75"
"1189","Ethiopia","Africa","Y20122014","75"
"1190","Ethiopia","Africa","Y20132015","75"
"1191","Ethiopia","Africa","Y20142016","75"
"1192","Ethiopia","Africa","Y20152017","75"
"1193","Ethiopia","Africa","Y20162018","75"
"1194","Ethiopia","Africa","Y20172019","75"
"1195","Ethiopia","Africa","Y20182020","75"
"1196","Ethiopia","Africa","Y20192021",""
"1197","Ethiopia","Africa","Y20202022",""
"1198","Gabon","Africa","Y20002002","50"
"1199","Gabon","Africa","Y20012003","50"
"1200","Gabon","Africa","Y20022004","51"
"1201","Gabon","Africa","Y20032005","51"
"1202","Gabon","Africa","Y20042006","50"
"1203","Gabon","Africa","Y20052007","50"
"1204","Gabon","Africa","Y20062008","51"
"1205","Gabon","Africa","Y20072009","51"
"1206","Gabon","Africa","Y20082010","52"
"1207","Gabon","Africa","Y20092011","52"
"1208","Gabon","Africa","Y20102012","52"
"1209","Gabon","Africa","Y20112013","53"
"1210","Gabon","Africa","Y20122014","53"
"1211","Gabon","Africa","Y20132015","52"
"1212","Gabon","Africa","Y20142016","52"
"1213","Gabon","Africa","Y20152017","52"
"1214","Gabon","Africa","Y20162018","52"
"1215","Gabon","Africa","Y20172019","52"
"1216","Gabon","Africa","Y20182020","52"
"1217","Gabon","Africa","Y20192021",""
"1218","Gabon","Africa","Y20202022",""
"1219","Gambia","Africa","Y20002002","56"
"1220","Gambia","Africa","Y20012003","55"
"1221","Gambia","Africa","Y20022004","55"
"1222","Gambia","Africa","Y20032005","54"
"1223","Gambia","Africa","Y20042006","55"
"1224","Gambia","Africa","Y20052007","57"
"1225","Gambia","Africa","Y20062008","59"
"1226","Gambia","Africa","Y20072009","61"
"1227","Gambia","Africa","Y20082010","62"
"1228","Gambia","Africa","Y20092011","61"
"1229","Gambia","Africa","Y20102012","60"
"1230","Gambia","Africa","Y20112013","60"
"1231","Gambia","Africa","Y20122014","60"
"1232","Gambia","Africa","Y20132015","61"
"1233","Gambia","Africa","Y20142016","61"
"1234","Gambia","Africa","Y20152017","61"
"1235","Gambia","Africa","Y20162018","60"
"1236","Gambia","Africa","Y20172019","58"
"1237","Gambia","Africa","Y20182020","58"
"1238","Gambia","Africa","Y20192021",""
"1239","Gambia","Africa","Y20202022",""
"1240","Ghana","Africa","Y20002002","68"
"1241","Ghana","Africa","Y20012003","67"
"1242","Ghana","Africa","Y20022004","66"
"1243","Ghana","Africa","Y20032005","66"
"1244","Ghana","Africa","Y20042006","65"
"1245","Ghana","Africa","Y20052007","64"
"1246","Ghana","Africa","Y20062008","64"
"1247","Ghana","Africa","Y20072009","64"
"1248","Ghana","Africa","Y20082010","64"
"1249","Ghana","Africa","Y20092011","64"
"1250","Ghana","Africa","Y20102012","64"
"1251","Ghana","Africa","Y20112013","64"
"1252","Ghana","Africa","Y20122014","65"
"1253","Ghana","Africa","Y20132015","65"
"1254","Ghana","Africa","Y20142016","65"
"1255","Ghana","Africa","Y20152017","66"
"1256","Ghana","Africa","Y20162018","66"
"1257","Ghana","Africa","Y20172019","66"
"1258","Ghana","Africa","Y20182020","66"
"1259","Ghana","Africa","Y20192021",""
"1260","Ghana","Africa","Y20202022",""
"1261","Guinea","Africa","Y20002002","62"
"1262","Guinea","Africa","Y20012003","62"
"1263","Guinea","Africa","Y20022004","61"
"1264","Guinea","Africa","Y20032005","60"
"1265","Guinea","Africa","Y20042006","61"
"1266","Guinea","Africa","Y20052007","62"
"1267","Guinea","Africa","Y20062008","63"
"1268","Guinea","Africa","Y20072009","63"
"1269","Guinea","Africa","Y20082010","62"
"1270","Guinea","Africa","Y20092011","60"
"1271","Guinea","Africa","Y20102012","59"
"1272","Guinea","Africa","Y20112013","59"
"1273","Guinea","Africa","Y20122014","60"
"1274","Guinea","Africa","Y20132015","61"
"1275","Guinea","Africa","Y20142016","62"
"1276","Guinea","Africa","Y20152017","62"
"1277","Guinea","Africa","Y20162018","63"
"1278","Guinea","Africa","Y20172019","63"
"1279","Guinea","Africa","Y20182020","63"
"1280","Guinea","Africa","Y20192021",""
"1281","Guinea","Africa","Y20202022",""
"1282","Guinea-Bissau","Africa","Y20002002","70"
"1283","Guinea-Bissau","Africa","Y20012003","70"
"1284","Guinea-Bissau","Africa","Y20022004","69"
"1285","Guinea-Bissau","Africa","Y20032005","68"
"1286","Guinea-Bissau","Africa","Y20042006","67"
"1287","Guinea-Bissau","Africa","Y20052007","66"
"1288","Guinea-Bissau","Africa","Y20062008","65"
"1289","Guinea-Bissau","Africa","Y20072009","65"
"1290","Guinea-Bissau","Africa","Y20082010","64"
"1291","Guinea-Bissau","Africa","Y20092011","63"
"1292","Guinea-Bissau","Africa","Y20102012","63"
"1293","Guinea-Bissau","Africa","Y20112013","63"
"1294","Guinea-Bissau","Africa","Y20122014","63"
"1295","Guinea-Bissau","Africa","Y20132015","63"
"1296","Guinea-Bissau","Africa","Y20142016","64"
"1297","Guinea-Bissau","Africa","Y20152017","64"
"1298","Guinea-Bissau","Africa","Y20162018","65"
"1299","Guinea-Bissau","Africa","Y20172019","65"
"1300","Guinea-Bissau","Africa","Y20182020","66"
"1301","Guinea-Bissau","Africa","Y20192021",""
"1302","Guinea-Bissau","Africa","Y20202022",""
"1303","Kenya","Africa","Y20002002","55"
"1304","Kenya","Africa","Y20012003","56"
"1305","Kenya","Africa","Y20022004","55"
"1306","Kenya","Africa","Y20032005","56"
"1307","Kenya","Africa","Y20042006","56"
"1308","Kenya","Africa","Y20052007","56"
"1309","Kenya","Africa","Y20062008","56"
"1310","Kenya","Africa","Y20072009","55"
"1311","Kenya","Africa","Y20082010","56"
"1312","Kenya","Africa","Y20092011","57"
"1313","Kenya","Africa","Y20102012","60"
"1314","Kenya","Africa","Y20112013","59"
"1315","Kenya","Africa","Y20122014","59"
"1316","Kenya","Africa","Y20132015","59"
"1317","Kenya","Africa","Y20142016","60"
"1318","Kenya","Africa","Y20152017","60"
"1319","Kenya","Africa","Y20162018","59"
"1320","Kenya","Africa","Y20172019","58"
"1321","Kenya","Africa","Y20182020","57"
"1322","Kenya","Africa","Y20192021",""
"1323","Kenya","Africa","Y20202022",""
"1324","Lesotho","Africa","Y20002002","80"
"1325","Lesotho","Africa","Y20012003","81"
"1326","Lesotho","Africa","Y20022004","81"
"1327","Lesotho","Africa","Y20032005","81"
"1328","Lesotho","Africa","Y20042006","81"
"1329","Lesotho","Africa","Y20052007","80"
"1330","Lesotho","Africa","Y20062008","81"
"1331","Lesotho","Africa","Y20072009","81"
"1332","Lesotho","Africa","Y20082010","80"
"1333","Lesotho","Africa","Y20092011","79"
"1334","Lesotho","Africa","Y20102012","78"
"1335","Lesotho","Africa","Y20112013","78"
"1336","Lesotho","Africa","Y20122014","74"
"1337","Lesotho","Africa","Y20132015","72"
"1338","Lesotho","Africa","Y20142016","69"
"1339","Lesotho","Africa","Y20152017","70"
"1340","Lesotho","Africa","Y20162018","69"
"1341","Lesotho","Africa","Y20172019","70"
"1342","Lesotho","Africa","Y20182020","69"
"1343","Lesotho","Africa","Y20192021",""
"1344","Lesotho","Africa","Y20202022",""
"1345","Liberia","Africa","Y20002002","66"
"1346","Liberia","Africa","Y20012003","66"
"1347","Liberia","Africa","Y20022004","65"
"1348","Liberia","Africa","Y20032005","64"
"1349","Liberia","Africa","Y20042006","64"
"1350","Liberia","Africa","Y20052007","65"
"1351","Liberia","Africa","Y20062008","66"
"1352","Liberia","Africa","Y20072009","67"
"1353","Liberia","Africa","Y20082010","67"
"1354","Liberia","Africa","Y20092011","67"
"1355","Liberia","Africa","Y20102012","66"
"1356","Liberia","Africa","Y20112013","66"
"1357","Liberia","Africa","Y20122014","65"
"1358","Liberia","Africa","Y20132015","65"
"1359","Liberia","Africa","Y20142016","65"
"1360","Liberia","Africa","Y20152017","66"
"1361","Liberia","Africa","Y20162018","67"
"1362","Liberia","Africa","Y20172019","69"
"1363","Liberia","Africa","Y20182020","69"
"1364","Liberia","Africa","Y20192021",""
"1365","Liberia","Africa","Y20202022",""
"1366","Libya","Africa","Y20002002",""
"1367","Libya","Africa","Y20012003",""
"1368","Libya","Africa","Y20022004",""
"1369","Libya","Africa","Y20032005",""
"1370","Libya","Africa","Y20042006",""
"1371","Libya","Africa","Y20052007",""
"1372","Libya","Africa","Y20062008",""
"1373","Libya","Africa","Y20072009",""
"1374","Libya","Africa","Y20082010",""
"1375","Libya","Africa","Y20092011",""
"1376","Libya","Africa","Y20102012","48"
"1377","Libya","Africa","Y20112013","48"
"1378","Libya","Africa","Y20122014","49"
"1379","Libya","Africa","Y20132015","51"
"1380","Libya","Africa","Y20142016","52"
"1381","Libya","Africa","Y20152017","51"
"1382","Libya","Africa","Y20162018","50"
"1383","Libya","Africa","Y20172019","48"
"1384","Libya","Africa","Y20182020","48"
"1385","Libya","Africa","Y20192021",""
"1386","Libya","Africa","Y20202022",""
"1387","Madagascar","Africa","Y20002002","78"
"1388","Madagascar","Africa","Y20012003","78"
"1389","Madagascar","Africa","Y20022004","78"
"1390","Madagascar","Africa","Y20032005","78"
"1391","Madagascar","Africa","Y20042006","78"
"1392","Madagascar","Africa","Y20052007","78"
"1393","Madagascar","Africa","Y20062008","78"
"1394","Madagascar","Africa","Y20072009","79"
"1395","Madagascar","Africa","Y20082010","79"
"1396","Madagascar","Africa","Y20092011","80"
"1397","Madagascar","Africa","Y20102012","80"
"1398","Madagascar","Africa","Y20112013","81"
"1399","Madagascar","Africa","Y20122014","81"
"1400","Madagascar","Africa","Y20132015","80"
"1401","Madagascar","Africa","Y20142016","80"
"1402","Madagascar","Africa","Y20152017","80"
"1403","Madagascar","Africa","Y20162018","79"
"1404","Madagascar","Africa","Y20172019","80"
"1405","Madagascar","Africa","Y20182020","80"
"1406","Madagascar","Africa","Y20192021",""
"1407","Madagascar","Africa","Y20202022",""
"1408","Malawi","Africa","Y20002002","75"
"1409","Malawi","Africa","Y20012003","73"
"1410","Malawi","Africa","Y20022004","73"
"1411","Malawi","Africa","Y20032005","73"
"1412","Malawi","Africa","Y20042006","73"
"1413","Malawi","Africa","Y20052007","73"
"1414","Malawi","Africa","Y20062008","72"
"1415","Malawi","Africa","Y20072009","71"
"1416","Malawi","Africa","Y20082010","72"
"1417","Malawi","Africa","Y20092011","73"
"1418","Malawi","Africa","Y20102012","74"
"1419","Malawi","Africa","Y20112013","73"
"1420","Malawi","Africa","Y20122014","71"
"1421","Malawi","Africa","Y20132015","69"
"1422","Malawi","Africa","Y20142016","67"
"1423","Malawi","Africa","Y20152017","66"
"1424","Malawi","Africa","Y20162018","65"
"1425","Malawi","Africa","Y20172019","65"
"1426","Malawi","Africa","Y20182020","65"
"1427","Malawi","Africa","Y20192021",""
"1428","Malawi","Africa","Y20202022",""
"1429","Mali","Africa","Y20002002","68"
"1430","Mali","Africa","Y20012003","67"
"1431","Mali","Africa","Y20022004","67"
"1432","Mali","Africa","Y20032005","67"
"1433","Mali","Africa","Y20042006","67"
"1434","Mali","Africa","Y20052007","68"
"1435","Mali","Africa","Y20062008","68"
"1436","Mali","Africa","Y20072009","68"
"1437","Mali","Africa","Y20082010","67"
"1438","Mali","Africa","Y20092011","66"
"1439","Mali","Africa","Y20102012","66"
"1440","Mali","Africa","Y20112013","66"
"1441","Mali","Africa","Y20122014","67"
"1442","Mali","Africa","Y20132015","68"
"1443","Mali","Africa","Y20142016","68"
"1444","Mali","Africa","Y20152017","69"
"1445","Mali","Africa","Y20162018","69"
"1446","Mali","Africa","Y20172019","71"
"1447","Mali","Africa","Y20182020","73"
"1448","Mali","Africa","Y20192021",""
"1449","Mali","Africa","Y20202022",""
"1450","Mauritania","Africa","Y20002002","50"
"1451","Mauritania","Africa","Y20012003","51"
"1452","Mauritania","Africa","Y20022004","51"
"1453","Mauritania","Africa","Y20032005","52"
"1454","Mauritania","Africa","Y20042006","51"
"1455","Mauritania","Africa","Y20052007","51"
"1456","Mauritania","Africa","Y20062008","51"
"1457","Mauritania","Africa","Y20072009","52"
"1458","Mauritania","Africa","Y20082010","53"
"1459","Mauritania","Africa","Y20092011","54"
"1460","Mauritania","Africa","Y20102012","53"
"1461","Mauritania","Africa","Y20112013","53"
"1462","Mauritania","Africa","Y20122014","53"
"1463","Mauritania","Africa","Y20132015","54"
"1464","Mauritania","Africa","Y20142016","55"
"1465","Mauritania","Africa","Y20152017","55"
"1466","Mauritania","Africa","Y20162018","55"
"1467","Mauritania","Africa","Y20172019","55"
"1468","Mauritania","Africa","Y20182020","56"
"1469","Mauritania","Africa","Y20192021",""
"1470","Mauritania","Africa","Y20202022",""
"1471","Mauritius","Africa","Y20002002","46"
"1472","Mauritius","Africa","Y20012003","46"
"1473","Mauritius","Africa","Y20022004","47"
"1474","Mauritius","Africa","Y20032005","47"
"1475","Mauritius","Africa","Y20042006","47"
"1476","Mauritius","Africa","Y20052007","47"
"1477","Mauritius","Africa","Y20062008","47"
"1478","Mauritius","Africa","Y20072009","48"
"1479","Mauritius","Africa","Y20082010","48"
"1480","Mauritius","Africa","Y20092011","48"
"1481","Mauritius","Africa","Y20102012","47"
"1482","Mauritius","Africa","Y20112013","46"
"1483","Mauritius","Africa","Y20122014","46"
"1484","Mauritius","Africa","Y20132015","47"
"1485","Mauritius","Africa","Y20142016","47"
"1486","Mauritius","Africa","Y20152017","47"
"1487","Mauritius","Africa","Y20162018","46"
"1488","Mauritius","Africa","Y20172019","45"
"1489","Mauritius","Africa","Y20182020","45"
"1490","Mauritius","Africa","Y20192021",""
"1491","Mauritius","Africa","Y20202022",""
"1492","Morocco","Africa","Y20002002","64"
"1493","Morocco","Africa","Y20012003","64"
"1494","Morocco","Africa","Y20022004","64"
"1495","Morocco","Africa","Y20032005","64"
"1496","Morocco","Africa","Y20042006","63"
"1497","Morocco","Africa","Y20052007","63"
"1498","Morocco","Africa","Y20062008","62"
"1499","Morocco","Africa","Y20072009","62"
"1500","Morocco","Africa","Y20082010","61"
"1501","Morocco","Africa","Y20092011","61"
"1502","Morocco","Africa","Y20102012","61"
"1503","Morocco","Africa","Y20112013","61"
"1504","Morocco","Africa","Y20122014","61"
"1505","Morocco","Africa","Y20132015","62"
"1506","Morocco","Africa","Y20142016","62"
"1507","Morocco","Africa","Y20152017","62"
"1508","Morocco","Africa","Y20162018","62"
"1509","Morocco","Africa","Y20172019","61"
"1510","Morocco","Africa","Y20182020","60"
"1511","Morocco","Africa","Y20192021",""
"1512","Morocco","Africa","Y20202022",""
"1513","Mozambique","Africa","Y20002002","76"
"1514","Mozambique","Africa","Y20012003","76"
"1515","Mozambique","Africa","Y20022004","75"
"1516","Mozambique","Africa","Y20032005","75"
"1517","Mozambique","Africa","Y20042006","74"
"1518","Mozambique","Africa","Y20052007","73"
"1519","Mozambique","Africa","Y20062008","73"
"1520","Mozambique","Africa","Y20072009","73"
"1521","Mozambique","Africa","Y20082010","74"
"1522","Mozambique","Africa","Y20092011","75"
"1523","Mozambique","Africa","Y20102012","75"
"1524","Mozambique","Africa","Y20112013","73"
"1525","Mozambique","Africa","Y20122014","71"
"1526","Mozambique","Africa","Y20132015","69"
"1527","Mozambique","Africa","Y20142016","68"
"1528","Mozambique","Africa","Y20152017","67"
"1529","Mozambique","Africa","Y20162018","68"
"1530","Mozambique","Africa","Y20172019","69"
"1531","Mozambique","Africa","Y20182020","70"
"1532","Mozambique","Africa","Y20192021",""
"1533","Mozambique","Africa","Y20202022",""
"1534","Namibia","Africa","Y20002002","59"
"1535","Namibia","Africa","Y20012003","60"
"1536","Namibia","Africa","Y20022004","60"
"1537","Namibia","Africa","Y20032005","59"
"1538","Namibia","Africa","Y20042006","58"
"1539","Namibia","Africa","Y20052007","58"
"1540","Namibia","Africa","Y20062008","57"
"1541","Namibia","Africa","Y20072009","56"
"1542","Namibia","Africa","Y20082010","55"
"1543","Namibia","Africa","Y20092011","55"
"1544","Namibia","Africa","Y20102012","54"
"1545","Namibia","Africa","Y20112013","54"
"1546","Namibia","Africa","Y20122014","54"
"1547","Namibia","Africa","Y20132015","54"
"1548","Namibia","Africa","Y20142016","54"
"1549","Namibia","Africa","Y20152017","54"
"1550","Namibia","Africa","Y20162018","55"
"1551","Namibia","Africa","Y20172019","55"
"1552","Namibia","Africa","Y20182020","55"
"1553","Namibia","Africa","Y20192021",""
"1554","Namibia","Africa","Y20202022",""
"1555","Niger","Africa","Y20002002","68"
"1556","Niger","Africa","Y20012003","67"
"1557","Niger","Africa","Y20022004","66"
"1558","Niger","Africa","Y20032005","65"
"1559","Niger","Africa","Y20042006","64"
"1560","Niger","Africa","Y20052007","64"
"1561","Niger","Africa","Y20062008","63"
"1562","Niger","Africa","Y20072009","62"
"1563","Niger","Africa","Y20082010","62"
"1564","Niger","Africa","Y20092011","61"
"1565","Niger","Africa","Y20102012","61"
"1566","Niger","Africa","Y20112013","62"
"1567","Niger","Africa","Y20122014","62"
"1568","Niger","Africa","Y20132015","62"
"1569","Niger","Africa","Y20142016","63"
"1570","Niger","Africa","Y20152017","63"
"1571","Niger","Africa","Y20162018","63"
"1572","Niger","Africa","Y20172019","61"
"1573","Niger","Africa","Y20182020","61"
"1574","Niger","Africa","Y20192021",""
"1575","Niger","Africa","Y20202022",""
"1576","Nigeria","Africa","Y20002002","64"
"1577","Nigeria","Africa","Y20012003","63"
"1578","Nigeria","Africa","Y20022004","63"
"1579","Nigeria","Africa","Y20032005","63"
"1580","Nigeria","Africa","Y20042006","63"
"1581","Nigeria","Africa","Y20052007","63"
"1582","Nigeria","Africa","Y20062008","64"
"1583","Nigeria","Africa","Y20072009","65"
"1584","Nigeria","Africa","Y20082010","66"
"1585","Nigeria","Africa","Y20092011","67"
"1586","Nigeria","Africa","Y20102012","68"
"1587","Nigeria","Africa","Y20112013","68"
"1588","Nigeria","Africa","Y20122014","67"
"1589","Nigeria","Africa","Y20132015","67"
"1590","Nigeria","Africa","Y20142016","67"
"1591","Nigeria","Africa","Y20152017","67"
"1592","Nigeria","Africa","Y20162018","67"
"1593","Nigeria","Africa","Y20172019","67"
"1594","Nigeria","Africa","Y20182020","67"
"1595","Nigeria","Africa","Y20192021",""
"1596","Nigeria","Africa","Y20202022",""
"1597","Rwanda","Africa","Y20002002","55"
"1598","Rwanda","Africa","Y20012003","55"
"1599","Rwanda","Africa","Y20022004","53"
"1600","Rwanda","Africa","Y20032005","53"
"1601","Rwanda","Africa","Y20042006","52"
"1602","Rwanda","Africa","Y20052007","50"
"1603","Rwanda","Africa","Y20062008","50"
"1604","Rwanda","Africa","Y20072009","49"
"1605","Rwanda","Africa","Y20082010","51"
"1606","Rwanda","Africa","Y20092011","53"
"1607","Rwanda","Africa","Y20102012","55"
"1608","Rwanda","Africa","Y20112013","55"
"1609","Rwanda","Africa","Y20122014","55"
"1610","Rwanda","Africa","Y20132015","55"
"1611","Rwanda","Africa","Y20142016","55"
"1612","Rwanda","Africa","Y20152017","54"
"1613","Rwanda","Africa","Y20162018","54"
"1614","Rwanda","Africa","Y20172019","54"
"1615","Rwanda","Africa","Y20182020","54"
"1616","Rwanda","Africa","Y20192021",""
"1617","Rwanda","Africa","Y20202022",""
"1618","Sao Tome and Principe","Africa","Y20002002","50"
"1619","Sao Tome and Principe","Africa","Y20012003","49"
"1620","Sao Tome and Principe","Africa","Y20022004","48"
"1621","Sao Tome and Principe","Africa","Y20032005","48"
"1622","Sao Tome and Principe","Africa","Y20042006","48"
"1623","Sao Tome and Principe","Africa","Y20052007","46"
"1624","Sao Tome and Principe","Africa","Y20062008","45"
"1625","Sao Tome and Principe","Africa","Y20072009","43"
"1626","Sao Tome and Principe","Africa","Y20082010","43"
"1627","Sao Tome and Principe","Africa","Y20092011","43"
"1628","Sao Tome and Principe","Africa","Y20102012","44"
"1629","Sao Tome and Principe","Africa","Y20112013","43"
"1630","Sao Tome and Principe","Africa","Y20122014","43"
"1631","Sao Tome and Principe","Africa","Y20132015","42"
"1632","Sao Tome and Principe","Africa","Y20142016","42"
"1633","Sao Tome and Principe","Africa","Y20152017","42"
"1634","Sao Tome and Principe","Africa","Y20162018","43"
"1635","Sao Tome and Principe","Africa","Y20172019","44"
"1636","Sao Tome and Principe","Africa","Y20182020","46"
"1637","Sao Tome and Principe","Africa","Y20192021",""
"1638","Sao Tome and Principe","Africa","Y20202022",""
"1639","Senegal","Africa","Y20002002","62"
"1640","Senegal","Africa","Y20012003","62"
"1641","Senegal","Africa","Y20022004","64"
"1642","Senegal","Africa","Y20032005","64"
"1643","Senegal","Africa","Y20042006","64"
"1644","Senegal","Africa","Y20052007","64"
"1645","Senegal","Africa","Y20062008","63"
"1646","Senegal","Africa","Y20072009","62"
"1647","Senegal","Africa","Y20082010","60"
"1648","Senegal","Africa","Y20092011","59"
"1649","Senegal","Africa","Y20102012","58"
"1650","Senegal","Africa","Y20112013","59"
"1651","Senegal","Africa","Y20122014","61"
"1652","Senegal","Africa","Y20132015","62"
"1653","Senegal","Africa","Y20142016","63"
"1654","Senegal","Africa","Y20152017","64"
"1655","Senegal","Africa","Y20162018","64"
"1656","Senegal","Africa","Y20172019","63"
"1657","Senegal","Africa","Y20182020","63"
"1658","Senegal","Africa","Y20192021",""
"1659","Senegal","Africa","Y20202022",""
"1660","Seychelles","Africa","Y20002002",""
"1661","Seychelles","Africa","Y20012003",""
"1662","Seychelles","Africa","Y20022004",""
"1663","Seychelles","Africa","Y20032005",""
"1664","Seychelles","Africa","Y20042006",""
"1665","Seychelles","Africa","Y20052007",""
"1666","Seychelles","Africa","Y20062008",""
"1667","Seychelles","Africa","Y20072009",""
"1668","Seychelles","Africa","Y20082010",""
"1669","Seychelles","Africa","Y20092011",""
"1670","Seychelles","Africa","Y20102012","47"
"1671","Seychelles","Africa","Y20112013","43"
"1672","Seychelles","Africa","Y20122014","41"
"1673","Seychelles","Africa","Y20132015","40"
"1674","Seychelles","Africa","Y20142016","39"
"1675","Seychelles","Africa","Y20152017","38"
"1676","Seychelles","Africa","Y20162018","38"
"1677","Seychelles","Africa","Y20172019","40"
"1678","Seychelles","Africa","Y20182020","41"
"1679","Seychelles","Africa","Y20192021",""
"1680","Seychelles","Africa","Y20202022",""
"1681","Sierra Leone","Africa","Y20002002","64"
"1682","Sierra Leone","Africa","Y20012003","63"
"1683","Sierra Leone","Africa","Y20022004","62"
"1684","Sierra Leone","Africa","Y20032005","61"
"1685","Sierra Leone","Africa","Y20042006","61"
"1686","Sierra Leone","Africa","Y20052007","62"
"1687","Sierra Leone","Africa","Y20062008","62"
"1688","Sierra Leone","Africa","Y20072009","63"
"1689","Sierra Leone","Africa","Y20082010","65"
"1690","Sierra Leone","Africa","Y20092011","67"
"1691","Sierra Leone","Africa","Y20102012","69"
"1692","Sierra Leone","Africa","Y20112013","68"
"1693","Sierra Leone","Africa","Y20122014","68"
"1694","Sierra Leone","Africa","Y20132015","68"
"1695","Sierra Leone","Africa","Y20142016","69"
"1696","Sierra Leone","Africa","Y20152017","70"
"1697","Sierra Leone","Africa","Y20162018","70"
"1698","Sierra Leone","Africa","Y20172019","69"
"1699","Sierra Leone","Africa","Y20182020","68"
"1700","Sierra Leone","Africa","Y20192021",""
"1701","Sierra Leone","Africa","Y20202022",""
"1702","South Africa","Africa","Y20002002","57"
"1703","South Africa","Africa","Y20012003","56"
"1704","South Africa","Africa","Y20022004","56"
"1705","South Africa","Africa","Y20032005","56"
"1706","South Africa","Africa","Y20042006","55"
"1707","South Africa","Africa","Y20052007","55"
"1708","South Africa","Africa","Y20062008","54"
"1709","South Africa","Africa","Y20072009","53"
"1710","South Africa","Africa","Y20082010","52"
"1711","South Africa","Africa","Y20092011","52"
"1712","South Africa","Africa","Y20102012","51"
"1713","South Africa","Africa","Y20112013","51"
"1714","South Africa","Africa","Y20122014","51"
"1715","South Africa","Africa","Y20132015","52"
"1716","South Africa","Africa","Y20142016","52"
"1717","South Africa","Africa","Y20152017","52"
"1718","South Africa","Africa","Y20162018","52"
"1719","South Africa","Africa","Y20172019","52"
"1720","South Africa","Africa","Y20182020","51"
"1721","South Africa","Africa","Y20192021",""
"1722","South Africa","Africa","Y20202022",""
"1723","Sudan","Africa","Y20002002",""
"1724","Sudan","Africa","Y20012003",""
"1725","Sudan","Africa","Y20022004",""
"1726","Sudan","Africa","Y20032005",""
"1727","Sudan","Africa","Y20042006",""
"1728","Sudan","Africa","Y20052007",""
"1729","Sudan","Africa","Y20062008",""
"1730","Sudan","Africa","Y20072009",""
"1731","Sudan","Africa","Y20082010",""
"1732","Sudan","Africa","Y20092011",""
"1733","Sudan","Africa","Y20102012",""
"1734","Sudan","Africa","Y20112013","53"
"1735","Sudan","Africa","Y20122014","53"
"1736","Sudan","Africa","Y20132015","53"
"1737","Sudan","Africa","Y20142016","53"
"1738","Sudan","Africa","Y20152017","53"
"1739","Sudan","Africa","Y20162018","54"
"1740","Sudan","Africa","Y20172019","54"
"1741","Sudan","Africa","Y20182020","53"
"1742","Sudan","Africa","Y20192021",""
"1743","Sudan","Africa","Y20202022",""
"1744","Togo","Africa","Y20002002","75"
"1745","Togo","Africa","Y20012003","74"
"1746","Togo","Africa","Y20022004","74"
"1747","Togo","Africa","Y20032005","73"
"1748","Togo","Africa","Y20042006","74"
"1749","Togo","Africa","Y20052007","74"
"1750","Togo","Africa","Y20062008","74"
"1751","Togo","Africa","Y20072009","74"
"1752","Togo","Africa","Y20082010","72"
"1753","Togo","Africa","Y20092011","71"
"1754","Togo","Africa","Y20102012","71"
"1755","Togo","Africa","Y20112013","72"
"1756","Togo","Africa","Y20122014","72"
"1757","Togo","Africa","Y20132015","72"
"1758","Togo","Africa","Y20142016","72"
"1759","Togo","Africa","Y20152017","71"
"1760","Togo","Africa","Y20162018","71"
"1761","Togo","Africa","Y20172019","70"
"1762","Togo","Africa","Y20182020","69"
"1763","Togo","Africa","Y20192021",""
"1764","Togo","Africa","Y20202022",""
"1765","Tunisia","Africa","Y20002002","53"
"1766","Tunisia","Africa","Y20012003","53"
"1767","Tunisia","Africa","Y20022004","52"
"1768","Tunisia","Africa","Y20032005","53"
"1769","Tunisia","Africa","Y20042006","52"
"1770","Tunisia","Africa","Y20052007","53"
"1771","Tunisia","Africa","Y20062008","52"
"1772","Tunisia","Africa","Y20072009","52"
"1773","Tunisia","Africa","Y20082010","51"
"1774","Tunisia","Africa","Y20092011","52"
"1775","Tunisia","Africa","Y20102012","51"
"1776","Tunisia","Africa","Y20112013","51"
"1777","Tunisia","Africa","Y20122014","50"
"1778","Tunisia","Africa","Y20132015","50"
"1779","Tunisia","Africa","Y20142016","50"
"1780","Tunisia","Africa","Y20152017","50"
"1781","Tunisia","Africa","Y20162018","50"
"1782","Tunisia","Africa","Y20172019","49"
"1783","Tunisia","Africa","Y20182020","49"
"1784","Tunisia","Africa","Y20192021",""
"1785","Tunisia","Africa","Y20202022",""
"1786","Uganda","Africa","Y20002002","45"
"1787","Uganda","Africa","Y20012003","45"
"1788","Uganda","Africa","Y20022004","45"
"1789","Uganda","Africa","Y20032005","45"
"1790","Uganda","Africa","Y20042006","45"
"1791","Uganda","Africa","Y20052007","45"
"1792","Uganda","Africa","Y20062008","45"
"1793","Uganda","Africa","Y20072009","44"
"1794","Uganda","Africa","Y20082010","44"
"1795","Uganda","Africa","Y20092011","44"
"1796","Uganda","Africa","Y20102012","45"
"1797","Uganda","Africa","Y20112013","46"
"1798","Uganda","Africa","Y20122014","46"
"1799","Uganda","Africa","Y20132015","46"
"1800","Uganda","Africa","Y20142016","46"
"1801","Uganda","Africa","Y20152017","46"
"1802","Uganda","Africa","Y20162018","46"
"1803","Uganda","Africa","Y20172019","44"
"1804","Uganda","Africa","Y20182020","43"
"1805","Uganda","Africa","Y20192021",""
"1806","Uganda","Africa","Y20202022",""
"1807","United Republic of Tanzania","Africa","Y20002002","64"
"1808","United Republic of Tanzania","Africa","Y20012003","62"
"1809","United Republic of Tanzania","Africa","Y20022004","61"
"1810","United Republic of Tanzania","Africa","Y20032005","60"
"1811","United Republic of Tanzania","Africa","Y20042006","59"
"1812","United Republic of Tanzania","Africa","Y20052007","58"
"1813","United Republic of Tanzania","Africa","Y20062008","59"
"1814","United Republic of Tanzania","Africa","Y20072009","59"
"1815","United Republic of Tanzania","Africa","Y20082010","59"
"1816","United Republic of Tanzania","Africa","Y20092011","57"
"1817","United Republic of Tanzania","Africa","Y20102012","56"
"1818","United Republic of Tanzania","Africa","Y20112013","56"
"1819","United Republic of Tanzania","Africa","Y20122014","56"
"1820","United Republic of Tanzania","Africa","Y20132015","56"
"1821","United Republic of Tanzania","Africa","Y20142016","55"
"1822","United Republic of Tanzania","Africa","Y20152017","55"
"1823","United Republic of Tanzania","Africa","Y20162018","56"
"1824","United Republic of Tanzania","Africa","Y20172019","56"
"1825","United Republic of Tanzania","Africa","Y20182020","57"
"1826","United Republic of Tanzania","Africa","Y20192021",""
"1827","United Republic of Tanzania","Africa","Y20202022",""
"1828","Zambia","Africa","Y20002002","76"
"1829","Zambia","Africa","Y20012003","77"
"1830","Zambia","Africa","Y20022004","76"
"1831","Zambia","Africa","Y20032005","75"
"1832","Zambia","Africa","Y20042006","74"
"1833","Zambia","Africa","Y20052007","75"
"1834","Zambia","Africa","Y20062008","75"
"1835","Zambia","Africa","Y20072009","74"
"1836","Zambia","Africa","Y20082010","72"
"1837","Zambia","Africa","Y20092011","70"
"1838","Zambia","Africa","Y20102012","68"
"1839","Zambia","Africa","Y20112013","68"
"1840","Zambia","Africa","Y20122014","68"
"1841","Zambia","Africa","Y20132015","69"
"1842","Zambia","Africa","Y20142016","69"
"1843","Zambia","Africa","Y20152017","70"
"1844","Zambia","Africa","Y20162018","71"
"1845","Zambia","Africa","Y20172019","72"
"1846","Zambia","Africa","Y20182020","73"
"1847","Zambia","Africa","Y20192021",""
"1848","Zambia","Africa","Y20202022",""
"1849","Zimbabwe","Africa","Y20002002","57"
"1850","Zimbabwe","Africa","Y20012003","57"
"1851","Zimbabwe","Africa","Y20022004","58"
"1852","Zimbabwe","Africa","Y20032005","59"
"1853","Zimbabwe","Africa","Y20042006","60"
"1854","Zimbabwe","Africa","Y20052007","60"
"1855","Zimbabwe","Africa","Y20062008","60"
"1856","Zimbabwe","Africa","Y20072009","60"
"1857","Zimbabwe","Africa","Y20082010","57"
"1858","Zimbabwe","Africa","Y20092011","54"
"1859","Zimbabwe","Africa","Y20102012","50"
"1860","Zimbabwe","Africa","Y20112013","49"
"1861","Zimbabwe","Africa","Y20122014","51"
"1862","Zimbabwe","Africa","Y20132015","52"
"1863","Zimbabwe","Africa","Y20142016","53"
"1864","Zimbabwe","Africa","Y20152017","53"
"1865","Zimbabwe","Africa","Y20162018","53"
"1866","Zimbabwe","Africa","Y20172019","53"
"1867","Zimbabwe","Africa","Y20182020","53"
"1868","Zimbabwe","Africa","Y20192021",""
"1869","Zimbabwe","Africa","Y20202022",""
