"","Area","Region","Year","GDP_PerCapita"
"1","Albania","Europe","2000","5892.6"
"2","Albania","Europe","2001","6441.5"
"3","Albania","Europe","2002","6753.9"
"4","Albania","Europe","2003","7154"
"5","Albania","Europe","2004","7580.2"
"6","Albania","Europe","2005","8040.1"
"7","Albania","Europe","2006","8568.6"
"8","Albania","Europe","2007","9150.1"
"9","Albania","Europe","2008","9912.2"
"10","Albania","Europe","2009","10313.9"
"11","Albania","Europe","2010","10749.5"
"12","Albania","Europe","2011","11052.8"
"13","Albania","Europe","2012","11228"
"14","Albania","Europe","2013","11361.3"
"15","Albania","Europe","2014","11586.9"
"16","Albania","Europe","2015","11878.5"
"17","Albania","Europe","2016","12291.9"
"18","Albania","Europe","2017","12771"
"19","Albania","Europe","2018","13317.1"
"20","Albania","Europe","2019","13653.2"
"21","Albania","Europe","2020","13253.8"
"22","Albania","Europe","2021","14516.3"
"23","Albania","Europe","2022",""
"24","Austria","Europe","2000","46469.9"
"25","Austria","Europe","2001","46878.9"
"26","Austria","Europe","2002","47419.3"
"27","Austria","Europe","2003","47633.1"
"28","Austria","Europe","2004","48633.3"
"29","Austria","Europe","2005","49387"
"30","Austria","Europe","2006","50840.7"
"31","Austria","Europe","2007","52565.1"
"32","Austria","Europe","2008","53166.1"
"33","Austria","Europe","2009","51030.7"
"34","Austria","Europe","2010","51843.4"
"35","Austria","Europe","2011","53179.1"
"36","Austria","Europe","2012","53297.4"
"37","Austria","Europe","2013","52997.8"
"38","Austria","Europe","2014","52932.9"
"39","Austria","Europe","2015","52873.9"
"40","Austria","Europe","2016","53345.7"
"41","Austria","Europe","2017","54173"
"42","Austria","Europe","2018","55217.3"
"43","Austria","Europe","2019","55806.4"
"44","Austria","Europe","2020","51988.4"
"45","Austria","Europe","2021","54121.1"
"46","Austria","Europe","2022",""
"47","Belarus","Europe","2000","8053.2"
"48","Belarus","Europe","2001","8477.1"
"49","Belarus","Europe","2002","8961.6"
"50","Belarus","Europe","2003","9660.2"
"51","Belarus","Europe","2004","10840"
"52","Belarus","Europe","2005","11940.2"
"53","Belarus","Europe","2006","13214.9"
"54","Belarus","Europe","2007","14417.4"
"55","Belarus","Europe","2008","15942.9"
"56","Belarus","Europe","2009","16014.1"
"57","Belarus","Europe","2010","17300.7"
"58","Belarus","Europe","2011","18274"
"59","Belarus","Europe","2012","18611.5"
"60","Belarus","Europe","2013","18805.4"
"61","Belarus","Europe","2014","19119.3"
"62","Belarus","Europe","2015","18362.7"
"63","Belarus","Europe","2016","17883.1"
"64","Belarus","Europe","2017","18356.1"
"65","Belarus","Europe","2018","18974.7"
"66","Belarus","Europe","2019","19279.2"
"67","Belarus","Europe","2020","19225.6"
"68","Belarus","Europe","2021","19751.2"
"69","Belarus","Europe","2022",""
"70","Belgium","Europe","2000","43024.1"
"71","Belgium","Europe","2001","43347.9"
"72","Belgium","Europe","2002","43890.6"
"73","Belgium","Europe","2003","44160.9"
"74","Belgium","Europe","2004","45540.5"
"75","Belgium","Europe","2005","46342.2"
"76","Belgium","Europe","2006","47212.6"
"77","Belgium","Europe","2007","48590.4"
"78","Belgium","Europe","2008","48423.5"
"79","Belgium","Europe","2009","47064.8"
"80","Belgium","Europe","2010","47972.6"
"81","Belgium","Europe","2011","48154.9"
"82","Belgium","Europe","2012","48210.9"
"83","Belgium","Europe","2013","48204.6"
"84","Belgium","Europe","2014","48748.6"
"85","Belgium","Europe","2015","49456.4"
"86","Belgium","Europe","2016","49829.9"
"87","Belgium","Europe","2017","50442.3"
"88","Belgium","Europe","2018","51113.5"
"89","Belgium","Europe","2019","51977.2"
"90","Belgium","Europe","2020","48978.9"
"91","Belgium","Europe","2021","51739.5"
"92","Belgium","Europe","2022",""
"93","Bosnia and Herzegovina","Europe","2000","6825.4"
"94","Bosnia and Herzegovina","Europe","2001","6964.9"
"95","Bosnia and Herzegovina","Europe","2002","7309"
"96","Bosnia and Herzegovina","Europe","2003","7618.2"
"97","Bosnia and Herzegovina","Europe","2004","8180"
"98","Bosnia and Herzegovina","Europe","2005","8599.6"
"99","Bosnia and Herzegovina","Europe","2006","9146.1"
"100","Bosnia and Herzegovina","Europe","2007","9803.1"
"101","Bosnia and Herzegovina","Europe","2008","10505.8"
"102","Bosnia and Herzegovina","Europe","2009","10362.7"
"103","Bosnia and Herzegovina","Europe","2010","10635.2"
"104","Bosnia and Herzegovina","Europe","2011","10932.1"
"105","Bosnia and Herzegovina","Europe","2012","11045.2"
"106","Bosnia and Herzegovina","Europe","2013","11482.3"
"107","Bosnia and Herzegovina","Europe","2014","11766"
"108","Bosnia and Herzegovina","Europe","2015","12290.4"
"109","Bosnia and Herzegovina","Europe","2016","12835.3"
"110","Bosnia and Herzegovina","Europe","2017","13400"
"111","Bosnia and Herzegovina","Europe","2018","14064.3"
"112","Bosnia and Herzegovina","Europe","2019","14632.1"
"113","Bosnia and Herzegovina","Europe","2020","14356.4"
"114","Bosnia and Herzegovina","Europe","2021","15663.7"
"115","Bosnia and Herzegovina","Europe","2022",""
"116","Bulgaria","Europe","2000","10504.3"
"117","Bulgaria","Europe","2001","11125.2"
"118","Bulgaria","Europe","2002","12036.9"
"119","Bulgaria","Europe","2003","12768.1"
"120","Bulgaria","Europe","2004","13702.3"
"121","Bulgaria","Europe","2005","14780.1"
"122","Bulgaria","Europe","2006","15905.9"
"123","Bulgaria","Europe","2007","17089.5"
"124","Bulgaria","Europe","2008","18264.8"
"125","Bulgaria","Europe","2009","17767.5"
"126","Bulgaria","Europe","2010","18160.6"
"127","Bulgaria","Europe","2011","18661.5"
"128","Bulgaria","Europe","2012","18911.6"
"129","Bulgaria","Europe","2013","18911.1"
"130","Bulgaria","Europe","2014","19202.8"
"131","Bulgaria","Europe","2015","19988.2"
"132","Bulgaria","Europe","2016","20740.8"
"133","Bulgaria","Europe","2017","21470"
"134","Bulgaria","Europe","2018","22206.2"
"135","Bulgaria","Europe","2019","23266.1"
"136","Bulgaria","Europe","2020","22479.6"
"137","Bulgaria","Europe","2021","24393.8"
"138","Bulgaria","Europe","2022",""
"139","Croatia","Europe","2000","18365"
"140","Croatia","Europe","2001","19672.2"
"141","Croatia","Europe","2002","20793.8"
"142","Croatia","Europe","2003","21944.4"
"143","Croatia","Europe","2004","22849.7"
"144","Croatia","Europe","2005","23793.1"
"145","Croatia","Europe","2006","24949.9"
"146","Croatia","Europe","2007","26203.4"
"147","Croatia","Europe","2008","26731.2"
"148","Croatia","Europe","2009","24834.3"
"149","Croatia","Europe","2010","24586.1"
"150","Croatia","Europe","2011","24649.8"
"151","Croatia","Europe","2012","24148.7"
"152","Croatia","Europe","2013","24119.8"
"153","Croatia","Europe","2014","24114.2"
"154","Croatia","Europe","2015","24927"
"155","Croatia","Europe","2016","25995.2"
"156","Croatia","Europe","2017","27207"
"157","Croatia","Europe","2018","28220"
"158","Croatia","Europe","2019","29347.5"
"159","Croatia","Europe","2020","26945.9"
"160","Croatia","Europe","2021","31630.2"
"161","Croatia","Europe","2022",""
"162","Czechia","Europe","2000","24976.5"
"163","Czechia","Europe","2001","25833.4"
"164","Czechia","Europe","2002","26289.6"
"165","Czechia","Europe","2003","27239.6"
"166","Czechia","Europe","2004","28542.3"
"167","Czechia","Europe","2005","30384.4"
"168","Czechia","Europe","2006","32352.8"
"169","Czechia","Europe","2007","33956.2"
"170","Czechia","Europe","2008","34580.4"
"171","Czechia","Europe","2009","32782.6"
"172","Czechia","Europe","2010","33483.1"
"173","Czechia","Europe","2011","34002.2"
"174","Czechia","Europe","2012","33688.1"
"175","Czechia","Europe","2013","33661.5"
"176","Czechia","Europe","2014","34386.7"
"177","Czechia","Europe","2015","36168.4"
"178","Czechia","Europe","2016","37015"
"179","Czechia","Europe","2017","38824.9"
"180","Czechia","Europe","2018","39941.3"
"181","Czechia","Europe","2019","40989.7"
"182","Czechia","Europe","2020","38640"
"183","Czechia","Europe","2021","40741"
"184","Czechia","Europe","2022",""
"185","Denmark","Europe","2000","48907"
"186","Denmark","Europe","2001","49133.2"
"187","Denmark","Europe","2002","49204.9"
"188","Denmark","Europe","2003","49262.6"
"189","Denmark","Europe","2004","50446.5"
"190","Denmark","Europe","2005","51483.3"
"191","Denmark","Europe","2006","53322.3"
"192","Denmark","Europe","2007","53569"
"193","Denmark","Europe","2008","52982.5"
"194","Denmark","Europe","2009","50114.1"
"195","Denmark","Europe","2010","50825.4"
"196","Denmark","Europe","2011","51293.2"
"197","Denmark","Europe","2012","51216.3"
"198","Denmark","Europe","2013","51479.3"
"199","Denmark","Europe","2014","52048.3"
"200","Denmark","Europe","2015","52892.6"
"201","Denmark","Europe","2016","54185"
"202","Denmark","Europe","2017","55356.7"
"203","Denmark","Europe","2018","56178.8"
"204","Denmark","Europe","2019","56814"
"205","Denmark","Europe","2020","55518.6"
"206","Denmark","Europe","2021","57962.7"
"207","Denmark","Europe","2022",""
"208","Estonia","Europe","2000","17765.2"
"209","Estonia","Europe","2001","18952.1"
"210","Estonia","Europe","2002","20364"
"211","Estonia","Europe","2003","22049.7"
"212","Estonia","Europe","2004","23691.2"
"213","Estonia","Europe","2005","26097"
"214","Estonia","Europe","2006","28814.9"
"215","Estonia","Europe","2007","31140.6"
"216","Estonia","Europe","2008","29621.8"
"217","Estonia","Europe","2009","25337.2"
"218","Estonia","Europe","2010","26015.7"
"219","Estonia","Europe","2011","27990.1"
"220","Estonia","Europe","2012","28997.3"
"221","Estonia","Europe","2013","29525.1"
"222","Estonia","Europe","2014","30494.1"
"223","Estonia","Europe","2015","31038.8"
"224","Estonia","Europe","2016","32008.9"
"225","Estonia","Europe","2017","33821.9"
"226","Estonia","Europe","2018","34979.9"
"227","Estonia","Europe","2019","36153.4"
"228","Estonia","Europe","2020","35883.3"
"229","Estonia","Europe","2021","38717.7"
"230","Estonia","Europe","2022",""
"231","Finland","Europe","2000","39894.2"
"232","Finland","Europe","2001","40842.3"
"233","Finland","Europe","2002","41439"
"234","Finland","Europe","2003","42168.7"
"235","Finland","Europe","2004","43725"
"236","Finland","Europe","2005","44786.9"
"237","Finland","Europe","2006","46412.2"
"238","Finland","Europe","2007","48664.3"
"239","Finland","Europe","2008","48818"
"240","Finland","Europe","2009","44662.1"
"241","Finland","Europe","2010","45874.7"
"242","Finland","Europe","2011","46825.8"
"243","Finland","Europe","2012","45952.2"
"244","Finland","Europe","2013","45328.6"
"245","Finland","Europe","2014","44976.8"
"246","Finland","Europe","2015","45072.6"
"247","Finland","Europe","2016","46206.8"
"248","Finland","Europe","2017","47570.1"
"249","Finland","Europe","2018","48048.5"
"250","Finland","Europe","2019","48583.4"
"251","Finland","Europe","2020","47443.9"
"252","Finland","Europe","2021","48753.4"
"253","Finland","Europe","2022",""
"254","France","Europe","2000","39726.5"
"255","France","Europe","2001","40220.1"
"256","France","Europe","2002","40381.5"
"257","France","Europe","2003","40425.6"
"258","France","Europe","2004","41265.1"
"259","France","Europe","2005","41638"
"260","France","Europe","2006","42363"
"261","France","Europe","2007","43123.5"
"262","France","Europe","2008","42993.1"
"263","France","Europe","2009","41544"
"264","France","Europe","2010","42145.7"
"265","France","Europe","2011","42862.4"
"266","France","Europe","2012","42789.1"
"267","France","Europe","2013","42813.9"
"268","France","Europe","2014","43021.4"
"269","France","Europe","2015","43345.8"
"270","France","Europe","2016","43705.1"
"271","France","Europe","2017","44577.1"
"272","France","Europe","2018","45246"
"273","France","Europe","2019","45922.8"
"274","France","Europe","2020","42233.1"
"275","France","Europe","2021","44993.1"
"276","France","Europe","2022",""
"277","Germany","Europe","2000","42928.2"
"278","Germany","Europe","2001","43576.6"
"279","Germany","Europe","2002","43417.3"
"280","Germany","Europe","2003","43089.5"
"281","Germany","Europe","2004","43605.3"
"282","Germany","Europe","2005","43949.3"
"283","Germany","Europe","2006","45678.1"
"284","Germany","Europe","2007","47100.6"
"285","Germany","Europe","2008","47643.2"
"286","Germany","Europe","2009","45044.5"
"287","Germany","Europe","2010","46999.2"
"288","Germany","Europe","2011","49757.9"
"289","Germany","Europe","2012","49872.4"
"290","Germany","Europe","2013","49954.2"
"291","Germany","Europe","2014","50845.5"
"292","Germany","Europe","2015","51159.3"
"293","Germany","Europe","2016","51879.7"
"294","Germany","Europe","2017","53071.5"
"295","Germany","Europe","2018","53431.4"
"296","Germany","Europe","2019","53874.3"
"297","Germany","Europe","2020","51840.3"
"298","Germany","Europe","2021","53179.7"
"299","Germany","Europe","2022",""
"300","Greece","Europe","2000","29133.8"
"301","Greece","Europe","2001","30180.2"
"302","Greece","Europe","2002","31249.4"
"303","Greece","Europe","2003","32981.4"
"304","Greece","Europe","2004","34564.9"
"305","Greece","Europe","2005","34670.2"
"306","Greece","Europe","2006","36520"
"307","Greece","Europe","2007","37619.7"
"308","Greece","Europe","2008","37394.2"
"309","Greece","Europe","2009","35691.9"
"310","Greece","Europe","2010","33693.2"
"311","Greece","Europe","2011","30318.4"
"312","Greece","Europe","2012","28322.6"
"313","Greece","Europe","2013","27810.9"
"314","Greece","Europe","2014","28130"
"315","Greece","Europe","2015","28260.4"
"316","Greece","Europe","2016","28239.9"
"317","Greece","Europe","2017","28604.9"
"318","Greece","Europe","2018","29141.2"
"319","Greece","Europe","2019","29721.6"
"320","Greece","Europe","2020","27103.5"
"321","Greece","Europe","2021","29548"
"322","Greece","Europe","2022",""
"323","Hungary","Europe","2000","19412.2"
"324","Hungary","Europe","2001","20249.4"
"325","Hungary","Europe","2002","21270"
"326","Hungary","Europe","2003","22200.1"
"327","Hungary","Europe","2004","23362.8"
"328","Hungary","Europe","2005","24414.6"
"329","Hungary","Europe","2006","25417.5"
"330","Hungary","Europe","2007","25527.6"
"331","Hungary","Europe","2008","25829"
"332","Hungary","Europe","2009","24162.3"
"333","Hungary","Europe","2010","24477.6"
"334","Hungary","Europe","2011","25005.3"
"335","Hungary","Europe","2012","24820.5"
"336","Hungary","Europe","2013","25337.6"
"337","Hungary","Europe","2014","26481.2"
"338","Hungary","Europe","2015","27528.3"
"339","Hungary","Europe","2016","28217.4"
"340","Hungary","Europe","2017","29501.1"
"341","Hungary","Europe","2018","31122.5"
"342","Hungary","Europe","2019","32649.1"
"343","Hungary","Europe","2020","31231.6"
"344","Hungary","Europe","2021","33593.2"
"345","Hungary","Europe","2022",""
"346","Iceland","Europe","2000","41530.5"
"347","Iceland","Europe","2001","42626.9"
"348","Iceland","Europe","2002","42484.5"
"349","Iceland","Europe","2003","43095.4"
"350","Iceland","Europe","2004","46051.7"
"351","Iceland","Europe","2005","48104.7"
"352","Iceland","Europe","2006","49956.8"
"353","Iceland","Europe","2007","52827"
"354","Iceland","Europe","2008","52999.4"
"355","Iceland","Europe","2009","48771"
"356","Iceland","Europe","2010","47457.6"
"357","Iceland","Europe","2011","48186.2"
"358","Iceland","Europe","2012","48440.3"
"359","Iceland","Europe","2013","50168.7"
"360","Iceland","Europe","2014","50450.7"
"361","Iceland","Europe","2015","52142.9"
"362","Iceland","Europe","2016","54665.8"
"363","Iceland","Europe","2017","55638.5"
"364","Iceland","Europe","2018","56816.4"
"365","Iceland","Europe","2019","56923.2"
"366","Iceland","Europe","2020","52174.6"
"367","Iceland","Europe","2021","53586.2"
"368","Iceland","Europe","2022",""
"369","Ireland","Europe","2000","48500.3"
"370","Ireland","Europe","2001","50267"
"371","Ireland","Europe","2002","52342.9"
"372","Ireland","Europe","2003","53049.2"
"373","Ireland","Europe","2004","55623.9"
"374","Ireland","Europe","2005","57549"
"375","Ireland","Europe","2006","58812.3"
"376","Ireland","Europe","2007","60170.4"
"377","Ireland","Europe","2008","56312.5"
"378","Ireland","Europe","2009","52902.9"
"379","Ireland","Europe","2010","53500.9"
"380","Ireland","Europe","2011","53712.3"
"381","Ireland","Europe","2012","53482.2"
"382","Ireland","Europe","2013","53800.2"
"383","Ireland","Europe","2014","58027.8"
"384","Ireland","Europe","2015","71490.8"
"385","Ireland","Europe","2016","72106.8"
"386","Ireland","Europe","2017","77749.2"
"387","Ireland","Europe","2018","83340.4"
"388","Ireland","Europe","2019","86681.3"
"389","Ireland","Europe","2020","91099.7"
"390","Ireland","Europe","2021","102496"
"391","Ireland","Europe","2022",""
"392","Italy","Europe","2000","43053.9"
"393","Italy","Europe","2001","43869.4"
"394","Italy","Europe","2002","43915.4"
"395","Italy","Europe","2003","43781.2"
"396","Italy","Europe","2004","44118"
"397","Italy","Europe","2005","44260.8"
"398","Italy","Europe","2006","44918.2"
"399","Italy","Europe","2007","45356.5"
"400","Italy","Europe","2008","44623.6"
"401","Italy","Europe","2009","42074.9"
"402","Italy","Europe","2010","42664.4"
"403","Italy","Europe","2011","42892.3"
"404","Italy","Europe","2012","41501.7"
"405","Italy","Europe","2013","40268.1"
"406","Italy","Europe","2014","39898.5"
"407","Italy","Europe","2015","40247.8"
"408","Italy","Europe","2016","40837.7"
"409","Italy","Europe","2017","41581.1"
"410","Italy","Europe","2018","42045.9"
"411","Italy","Europe","2019","42739"
"412","Italy","Europe","2020","39065.3"
"413","Italy","Europe","2021","41929.4"
"414","Italy","Europe","2022",""
"415","Latvia","Europe","2000","12989.9"
"416","Latvia","Europe","2001","13990.8"
"417","Latvia","Europe","2002","15157.6"
"418","Latvia","Europe","2003","16593.9"
"419","Latvia","Europe","2004","18165.7"
"420","Latvia","Europe","2005","20331.7"
"421","Latvia","Europe","2006","22975.6"
"422","Latvia","Europe","2007","25466.8"
"423","Latvia","Europe","2008","24899.6"
"424","Latvia","Europe","2009","21704.3"
"425","Latvia","Europe","2010","21173.4"
"426","Latvia","Europe","2011","22117.4"
"427","Latvia","Europe","2012","23970.5"
"428","Latvia","Europe","2013","24715.1"
"429","Latvia","Europe","2014","25423.5"
"430","Latvia","Europe","2015","26628.4"
"431","Latvia","Europe","2016","27509.3"
"432","Latvia","Europe","2017","28673.6"
"433","Latvia","Europe","2018","30051.4"
"434","Latvia","Europe","2019","31038.7"
"435","Latvia","Europe","2020","30568.5"
"436","Latvia","Europe","2021","32081.5"
"437","Latvia","Europe","2022",""
"438","Lithuania","Europe","2000","13846.7"
"439","Lithuania","Europe","2001","14872.4"
"440","Lithuania","Europe","2002","16004.4"
"441","Lithuania","Europe","2003","17839.8"
"442","Lithuania","Europe","2004","19226.5"
"443","Lithuania","Europe","2005","21053.2"
"444","Lithuania","Europe","2006","22978"
"445","Lithuania","Europe","2007","25835.4"
"446","Lithuania","Europe","2008","26784.9"
"447","Lithuania","Europe","2009","23065.1"
"448","Lithuania","Europe","2010","23942.8"
"449","Lithuania","Europe","2011","25968.6"
"450","Lithuania","Europe","2012","27330.9"
"451","Lithuania","Europe","2013","28589"
"452","Lithuania","Europe","2014","29855.8"
"453","Lithuania","Europe","2015","30748.2"
"454","Lithuania","Europe","2016","31925.8"
"455","Lithuania","Europe","2017","33761.9"
"456","Lithuania","Europe","2018","35446.7"
"457","Lithuania","Europe","2019","37184.5"
"458","Lithuania","Europe","2020","37166.4"
"459","Lithuania","Europe","2021","39305.6"
"460","Lithuania","Europe","2022",""
"461","Luxembourg","Europe","2000","99301.5"
"462","Luxembourg","Europe","2001","101143"
"463","Luxembourg","Europe","2002","103317"
"464","Luxembourg","Europe","2003","104743"
"465","Luxembourg","Europe","2004","107635"
"466","Luxembourg","Europe","2005","108632"
"467","Luxembourg","Europe","2006","113346"
"468","Luxembourg","Europe","2007","120648"
"469","Luxembourg","Europe","2008","118155"
"470","Luxembourg","Europe","2009","112230"
"471","Luxembourg","Europe","2010","114344"
"472","Luxembourg","Europe","2011","112998"
"473","Luxembourg","Europe","2012","112137"
"474","Luxembourg","Europe","2013","113051"
"475","Luxembourg","Europe","2014","113314"
"476","Luxembourg","Europe","2015","113183"
"477","Luxembourg","Europe","2016","116284"
"478","Luxembourg","Europe","2017","114986"
"479","Luxembourg","Europe","2018","114165"
"480","Luxembourg","Europe","2019","114543"
"481","Luxembourg","Europe","2020","111751"
"482","Luxembourg","Europe","2021","115684"
"483","Luxembourg","Europe","2022",""
"484","Malta","Europe","2000","27518.7"
"485","Malta","Europe","2001","26991.9"
"486","Malta","Europe","2002","27478.6"
"487","Malta","Europe","2003","28410.8"
"488","Malta","Europe","2004","28260"
"489","Malta","Europe","2005","29030.5"
"490","Malta","Europe","2006","29651.1"
"491","Malta","Europe","2007","30958.8"
"492","Malta","Europe","2008","31934.7"
"493","Malta","Europe","2009","31335.7"
"494","Malta","Europe","2010","32910.8"
"495","Malta","Europe","2011","32924.4"
"496","Malta","Europe","2012","33973.6"
"497","Malta","Europe","2013","35333.4"
"498","Malta","Europe","2014","37278.6"
"499","Malta","Europe","2015","39896.8"
"500","Malta","Europe","2016","40312.5"
"501","Malta","Europe","2017","43508.8"
"502","Malta","Europe","2018","44607.6"
"503","Malta","Europe","2019","45425.8"
"504","Malta","Europe","2020","40733.7"
"505","Malta","Europe","2021","44650.7"
"506","Malta","Europe","2022",""
"507","Montenegro","Europe","2000","12419"
"508","Montenegro","Europe","2001","12505.2"
"509","Montenegro","Europe","2002","12692.3"
"510","Montenegro","Europe","2003","12955.6"
"511","Montenegro","Europe","2004","13505.1"
"512","Montenegro","Europe","2005","14048.9"
"513","Montenegro","Europe","2006","15233.4"
"514","Montenegro","Europe","2007","16248.4"
"515","Montenegro","Europe","2008","17391"
"516","Montenegro","Europe","2009","16348.1"
"517","Montenegro","Europe","2010","16764.4"
"518","Montenegro","Europe","2011","17287.4"
"519","Montenegro","Europe","2012","16802.4"
"520","Montenegro","Europe","2013","17381.7"
"521","Montenegro","Europe","2014","17674.6"
"522","Montenegro","Europe","2015","18263.6"
"523","Montenegro","Europe","2016","18797.9"
"524","Montenegro","Europe","2017","19682.3"
"525","Montenegro","Europe","2018","20686.6"
"526","Montenegro","Europe","2019","21534"
"527","Montenegro","Europe","2020","18259"
"528","Montenegro","Europe","2021","20598.8"
"529","Montenegro","Europe","2022",""
"530","Netherlands (Kingdom of the)","Europe","2000","47422.2"
"531","Netherlands (Kingdom of the)","Europe","2001","48160.8"
"532","Netherlands (Kingdom of the)","Europe","2002","47958.3"
"533","Netherlands (Kingdom of the)","Europe","2003","47806.9"
"534","Netherlands (Kingdom of the)","Europe","2004","48586.7"
"535","Netherlands (Kingdom of the)","Europe","2005","49467.4"
"536","Netherlands (Kingdom of the)","Europe","2006","51097.4"
"537","Netherlands (Kingdom of the)","Europe","2007","52910"
"538","Netherlands (Kingdom of the)","Europe","2008","53848.3"
"539","Netherlands (Kingdom of the)","Europe","2009","51607.6"
"540","Netherlands (Kingdom of the)","Europe","2010","52033"
"541","Netherlands (Kingdom of the)","Europe","2011","52594.2"
"542","Netherlands (Kingdom of the)","Europe","2012","51860.1"
"543","Netherlands (Kingdom of the)","Europe","2013","51640.1"
"544","Netherlands (Kingdom of the)","Europe","2014","52187"
"545","Netherlands (Kingdom of the)","Europe","2015","52974.1"
"546","Netherlands (Kingdom of the)","Europe","2016","53847.8"
"547","Netherlands (Kingdom of the)","Europe","2017","55088.6"
"548","Netherlands (Kingdom of the)","Europe","2018","56060.9"
"549","Netherlands (Kingdom of the)","Europe","2019","56784"
"550","Netherlands (Kingdom of the)","Europe","2020","54275"
"551","Netherlands (Kingdom of the)","Europe","2021","56617.4"
"552","Netherlands (Kingdom of the)","Europe","2022",""
"553","North Macedonia","Europe","2000","10224.7"
"554","North Macedonia","Europe","2001","9869.5"
"555","North Macedonia","Europe","2002","10090"
"556","North Macedonia","Europe","2003","10280.6"
"557","North Macedonia","Europe","2004","10730.5"
"558","North Macedonia","Europe","2005","11213.7"
"559","North Macedonia","Europe","2006","11770.2"
"560","North Macedonia","Europe","2007","12511.7"
"561","North Macedonia","Europe","2008","13174.9"
"562","North Macedonia","Europe","2009","13103.5"
"563","North Macedonia","Europe","2010","13515"
"564","North Macedonia","Europe","2011","13807.5"
"565","North Macedonia","Europe","2012","13727.8"
"566","North Macedonia","Europe","2013","14108.9"
"567","North Macedonia","Europe","2014","14596.6"
"568","North Macedonia","Europe","2015","15139.3"
"569","North Macedonia","Europe","2016","15553.5"
"570","North Macedonia","Europe","2017","15706.5"
"571","North Macedonia","Europe","2018","16145.6"
"572","North Macedonia","Europe","2019","16773.1"
"573","North Macedonia","Europe","2020","15779.7"
"574","North Macedonia","Europe","2021","16464.4"
"575","North Macedonia","Europe","2022",""
"576","Norway","Europe","2000","57127.4"
"577","Norway","Europe","2001","58018.3"
"578","Norway","Europe","2002","58540.8"
"579","Norway","Europe","2003","58728.2"
"580","Norway","Europe","2004","60699.6"
"581","Norway","Europe","2005","61870.4"
"582","Norway","Europe","2006","62846.9"
"583","Norway","Europe","2007","64062.4"
"584","Norway","Europe","2008","63570.3"
"585","Norway","Europe","2009","61689.6"
"586","Norway","Europe","2010","61353.5"
"587","Norway","Europe","2011","61157.1"
"588","Norway","Europe","2012","61990.7"
"589","Norway","Europe","2013","61879"
"590","Norway","Europe","2014","62390.1"
"591","Norway","Europe","2015","62987.5"
"592","Norway","Europe","2016","63104.1"
"593","Norway","Europe","2017","64050.8"
"594","Norway","Europe","2018","64341.3"
"595","Norway","Europe","2019","64385"
"596","Norway","Europe","2020","63548"
"597","Norway","Europe","2021","65662.2"
"598","Norway","Europe","2022",""
"599","Poland","Europe","2000","16177.9"
"600","Poland","Europe","2001","16386"
"601","Poland","Europe","2002","16727.3"
"602","Poland","Europe","2003","17324.2"
"603","Poland","Europe","2004","18198.1"
"604","Poland","Europe","2005","18844.6"
"605","Poland","Europe","2006","20012.6"
"606","Poland","Europe","2007","21437.5"
"607","Poland","Europe","2008","22334.8"
"608","Poland","Europe","2009","22951.8"
"609","Poland","Europe","2010","23692.9"
"610","Poland","Europe","2011","24874.2"
"611","Poland","Europe","2012","25258.6"
"612","Poland","Europe","2013","25490.3"
"613","Poland","Europe","2014","26488.2"
"614","Poland","Europe","2015","27667.7"
"615","Poland","Europe","2016","28497.1"
"616","Poland","Europe","2017","29958.1"
"617","Poland","Europe","2018","31739.3"
"618","Poland","Europe","2019","33159.7"
"619","Poland","Europe","2020","32546.8"
"620","Poland","Europe","2021","34915.5"
"621","Poland","Europe","2022",""
"622","Portugal","Europe","2000","30383.1"
"623","Portugal","Europe","2001","30756"
"624","Portugal","Europe","2002","30823.8"
"625","Portugal","Europe","2003","30422.6"
"626","Portugal","Europe","2004","30892.8"
"627","Portugal","Europe","2005","31076.6"
"628","Portugal","Europe","2006","31524.7"
"629","Portugal","Europe","2007","32251.6"
"630","Portugal","Europe","2008","32307.9"
"631","Portugal","Europe","2009","31269.4"
"632","Portugal","Europe","2010","31798.2"
"633","Portugal","Europe","2011","31304.8"
"634","Portugal","Europe","2012","30156.7"
"635","Portugal","Europe","2013","30042.9"
"636","Portugal","Europe","2014","30444.6"
"637","Portugal","Europe","2015","31118.8"
"638","Portugal","Europe","2016","31847.5"
"639","Portugal","Europe","2017","33044.7"
"640","Portugal","Europe","2018","34040.7"
"641","Portugal","Europe","2019","34945.7"
"642","Portugal","Europe","2020","32011.3"
"643","Portugal","Europe","2021","33674.5"
"644","Portugal","Europe","2022",""
"645","Republic of Moldova","Europe","2000","5072.8"
"646","Republic of Moldova","Europe","2001","5394.3"
"647","Republic of Moldova","Europe","2002","5828.6"
"648","Republic of Moldova","Europe","2003","6230.8"
"649","Republic of Moldova","Europe","2004","6708.4"
"650","Republic of Moldova","Europe","2005","7229.1"
"651","Republic of Moldova","Europe","2006","7597.2"
"652","Republic of Moldova","Europe","2007","7843.3"
"653","Republic of Moldova","Europe","2008","8471.2"
"654","Republic of Moldova","Europe","2009","7973"
"655","Republic of Moldova","Europe","2010","8547.6"
"656","Republic of Moldova","Europe","2011","9050.1"
"657","Republic of Moldova","Europe","2012","8997.9"
"658","Republic of Moldova","Europe","2013","9814.3"
"659","Republic of Moldova","Europe","2014","10311.3"
"660","Republic of Moldova","Europe","2015","10355.5"
"661","Republic of Moldova","Europe","2016","10938.6"
"662","Republic of Moldova","Europe","2017","11651.2"
"663","Republic of Moldova","Europe","2018","12367.8"
"664","Republic of Moldova","Europe","2019","13030.2"
"665","Republic of Moldova","Europe","2020","12201.8"
"666","Republic of Moldova","Europe","2021","14009.2"
"667","Republic of Moldova","Europe","2022",""
"668","Romania","Europe","2000","12176.6"
"669","Romania","Europe","2001","12992"
"670","Romania","Europe","2002","13986.7"
"671","Romania","Europe","2003","14417.7"
"672","Romania","Europe","2004","16012.2"
"673","Romania","Europe","2005","16863.5"
"674","Romania","Europe","2006","18325.7"
"675","Romania","Europe","2007","19943.8"
"676","Romania","Europe","2008","22166.3"
"677","Romania","Europe","2009","21118.5"
"678","Romania","Europe","2010","20415.5"
"679","Romania","Europe","2011","21442.9"
"680","Romania","Europe","2012","21953.2"
"681","Romania","Europe","2013","22094.4"
"682","Romania","Europe","2014","23091.2"
"683","Romania","Europe","2015","23933.2"
"684","Romania","Europe","2016","24758.7"
"685","Romania","Europe","2017","26943.3"
"686","Romania","Europe","2018","28736.1"
"687","Romania","Europe","2019","30001"
"688","Romania","Europe","2020","29057.3"
"689","Romania","Europe","2021","30771.4"
"690","Romania","Europe","2022",""
"691","Russian Federation","Europe","2000","14569.9"
"692","Russian Federation","Europe","2001","15378.1"
"693","Russian Federation","Europe","2002","16175.1"
"694","Russian Federation","Europe","2003","17434.8"
"695","Russian Federation","Europe","2004","18765.5"
"696","Russian Federation","Europe","2005","20042.8"
"697","Russian Federation","Europe","2006","21757.5"
"698","Russian Federation","Europe","2007","23647.3"
"699","Russian Federation","Europe","2008","24887.9"
"700","Russian Federation","Europe","2009","22939.7"
"701","Russian Federation","Europe","2010","23961.2"
"702","Russian Federation","Europe","2011","24972.1"
"703","Russian Federation","Europe","2012","25933.3"
"704","Russian Federation","Europe","2013","26332.4"
"705","Russian Federation","Europe","2014","26057.2"
"706","Russian Federation","Europe","2015","25488.1"
"707","Russian Federation","Europe","2016","25490.7"
"708","Russian Federation","Europe","2017","25926.4"
"709","Russian Federation","Europe","2018","26656.4"
"710","Russian Federation","Europe","2019","27254.6"
"711","Russian Federation","Europe","2020","26583.8"
"712","Russian Federation","Europe","2021","27960.1"
"713","Russian Federation","Europe","2022",""
"714","Serbia","Europe","2000","8900.6"
"715","Serbia","Europe","2001","9529.2"
"716","Serbia","Europe","2002","10146.6"
"717","Serbia","Europe","2003","10614.3"
"718","Serbia","Europe","2004","11599.7"
"719","Serbia","Europe","2005","12278"
"720","Serbia","Europe","2006","12956"
"721","Serbia","Europe","2007","13846.3"
"722","Serbia","Europe","2008","14691.8"
"723","Serbia","Europe","2009","14347.9"
"724","Serbia","Europe","2010","14511"
"725","Serbia","Europe","2011","14923.8"
"726","Serbia","Europe","2012","14894.2"
"727","Serbia","Europe","2013","15399.8"
"728","Serbia","Europe","2014","15226.3"
"729","Serbia","Europe","2015","15578.2"
"730","Serbia","Europe","2016","16182.9"
"731","Serbia","Europe","2017","16611"
"732","Serbia","Europe","2018","17452.8"
"733","Serbia","Europe","2019","18306.8"
"734","Serbia","Europe","2020","18262.7"
"735","Serbia","Europe","2021","19827.8"
"736","Serbia","Europe","2022",""
"737","Slovakia","Europe","2000","15624.5"
"738","Slovakia","Europe","2001","16162.5"
"739","Slovakia","Europe","2002","16897.5"
"740","Slovakia","Europe","2003","17838.4"
"741","Slovakia","Europe","2004","18783.9"
"742","Slovakia","Europe","2005","20026.1"
"743","Slovakia","Europe","2006","21725.9"
"744","Slovakia","Europe","2007","24072.3"
"745","Slovakia","Europe","2008","25392.5"
"746","Slovakia","Europe","2009","23975.2"
"747","Slovakia","Europe","2010","25561.7"
"748","Slovakia","Europe","2011","26210.8"
"749","Slovakia","Europe","2012","26511.3"
"750","Slovakia","Europe","2013","26650.4"
"751","Slovakia","Europe","2014","27342.6"
"752","Slovakia","Europe","2015","28728.2"
"753","Slovakia","Europe","2016","29248.9"
"754","Slovakia","Europe","2017","30061.6"
"755","Slovakia","Europe","2018","31229.9"
"756","Slovakia","Europe","2019","31973.5"
"757","Slovakia","Europe","2020","30868"
"758","Slovakia","Europe","2021","31866"
"759","Slovakia","Europe","2022",""
"760","Slovenia","Europe","2000","26276.9"
"761","Slovenia","Europe","2001","27079.5"
"762","Slovenia","Europe","2002","27994.1"
"763","Slovenia","Europe","2003","28805.4"
"764","Slovenia","Europe","2004","30041.8"
"765","Slovenia","Europe","2005","31128.8"
"766","Slovenia","Europe","2006","32812.7"
"767","Slovenia","Europe","2007","34907.4"
"768","Slovenia","Europe","2008","36075.5"
"769","Slovenia","Europe","2009","33052.2"
"770","Slovenia","Europe","2010","33350.6"
"771","Slovenia","Europe","2011","33568.1"
"772","Slovenia","Europe","2012","32613.5"
"773","Slovenia","Europe","2013","32234"
"774","Slovenia","Europe","2014","33093.8"
"775","Slovenia","Europe","2015","33799.7"
"776","Slovenia","Europe","2016","34853"
"777","Slovenia","Europe","2017","36507.6"
"778","Slovenia","Europe","2018","37995.7"
"779","Slovenia","Europe","2019","39034.2"
"780","Slovenia","Europe","2020","37098.1"
"781","Slovenia","Europe","2021","40036.5"
"782","Slovenia","Europe","2022",""
"783","Spain","Europe","2000","34738.1"
"784","Spain","Europe","2001","35854.6"
"785","Spain","Europe","2002","36317.1"
"786","Spain","Europe","2003","36729.8"
"787","Spain","Europe","2004","37228.8"
"788","Spain","Europe","2005","37942"
"789","Spain","Europe","2006","38836.6"
"790","Spain","Europe","2007","39498.6"
"791","Spain","Europe","2008","39218.3"
"792","Spain","Europe","2009","37409.6"
"793","Spain","Europe","2010","37298.5"
"794","Spain","Europe","2011","36863.5"
"795","Spain","Europe","2012","35749.5"
"796","Spain","Europe","2013","35363.5"
"797","Spain","Europe","2014","35964.5"
"798","Spain","Europe","2015","37374"
"799","Spain","Europe","2016","38476.8"
"800","Spain","Europe","2017","39528.9"
"801","Spain","Europe","2018","40255.3"
"802","Spain","Europe","2019","40760.3"
"803","Spain","Europe","2020","35967.9"
"804","Spain","Europe","2021","37913.1"
"805","Spain","Europe","2022",""
"806","Sweden","Europe","2000","40625.4"
"807","Sweden","Europe","2001","41103.7"
"808","Sweden","Europe","2002","41870.3"
"809","Sweden","Europe","2003","42678.3"
"810","Sweden","Europe","2004","44354.4"
"811","Sweden","Europe","2005","45440.3"
"812","Sweden","Europe","2006","47292.3"
"813","Sweden","Europe","2007","48557.4"
"814","Sweden","Europe","2008","47963.5"
"815","Sweden","Europe","2009","45492.8"
"816","Sweden","Europe","2010","47791.4"
"817","Sweden","Europe","2011","48947.4"
"818","Sweden","Europe","2012","48300.8"
"819","Sweden","Europe","2013","48462.2"
"820","Sweden","Europe","2014","49259"
"821","Sweden","Europe","2015","50929"
"822","Sweden","Europe","2016","51334.4"
"823","Sweden","Europe","2017","51948"
"824","Sweden","Europe","2018","52349.3"
"825","Sweden","Europe","2019","52850.6"
"826","Sweden","Europe","2020","51331.3"
"827","Sweden","Europe","2021","53613.4"
"828","Sweden","Europe","2022",""
"829","Switzerland","Europe","2000","59980.3"
"830","Switzerland","Europe","2001","60541.1"
"831","Switzerland","Europe","2002","60040.9"
"832","Switzerland","Europe","2003","59577.8"
"833","Switzerland","Europe","2004","60768.2"
"834","Switzerland","Europe","2005","62040.4"
"835","Switzerland","Europe","2006","64163.8"
"836","Switzerland","Europe","2007","66083.5"
"837","Switzerland","Europe","2008","67081.3"
"838","Switzerland","Europe","2009","64726.4"
"839","Switzerland","Europe","2010","66133.3"
"840","Switzerland","Europe","2011","66587.8"
"841","Switzerland","Europe","2012","66661.5"
"842","Switzerland","Europe","2013","67080.4"
"843","Switzerland","Europe","2014","67824.1"
"844","Switzerland","Europe","2015","68159.2"
"845","Switzerland","Europe","2016","68813.6"
"846","Switzerland","Europe","2017","69103.6"
"847","Switzerland","Europe","2018","70558.6"
"848","Switzerland","Europe","2019","70857.1"
"849","Switzerland","Europe","2020","68670.2"
"850","Switzerland","Europe","2021","71032.8"
"851","Switzerland","Europe","2022",""
"852","Ukraine","Europe","2000","7496.8"
"853","Ukraine","Europe","2001","8242.7"
"854","Ukraine","Europe","2002","8765.7"
"855","Ukraine","Europe","2003","9678.1"
"856","Ukraine","Europe","2004","10902"
"857","Ukraine","Europe","2005","11319.5"
"858","Ukraine","Europe","2006","12259.2"
"859","Ukraine","Europe","2007","13345.8"
"860","Ukraine","Europe","2008","13719.3"
"861","Ukraine","Europe","2009","11694.4"
"862","Ukraine","Europe","2010","12221.4"
"863","Ukraine","Europe","2011","12933.4"
"864","Ukraine","Europe","2012","12985.1"
"865","Ukraine","Europe","2013","13020.6"
"866","Ukraine","Europe","2014","12385.8"
"867","Ukraine","Europe","2015","11216.1"
"868","Ukraine","Europe","2016","11536.3"
"869","Ukraine","Europe","2017","11860.6"
"870","Ukraine","Europe","2018","12336.9"
"871","Ukraine","Europe","2019","12805"
"872","Ukraine","Europe","2020","12407.8"
"873","Ukraine","Europe","2021","12943.6"
"874","Ukraine","Europe","2022",""
"875","United Kingdom of Great Britain and Northern Ireland","Europe","2000","39080.9"
"876","United Kingdom of Great Britain and Northern Ireland","Europe","2001","39770.6"
"877","United Kingdom of Great Britain and Northern Ireland","Europe","2002","40303.9"
"878","United Kingdom of Great Britain and Northern Ireland","Europe","2003","41369.5"
"879","United Kingdom of Great Britain and Northern Ireland","Europe","2004","42099.4"
"880","United Kingdom of Great Britain and Northern Ireland","Europe","2005","42927"
"881","United Kingdom of Great Britain and Northern Ireland","Europe","2006","43533.2"
"882","United Kingdom of Great Britain and Northern Ireland","Europe","2007","44302.9"
"883","United Kingdom of Great Britain and Northern Ireland","Europe","2008","43887.7"
"884","United Kingdom of Great Britain and Northern Ireland","Europe","2009","41592.4"
"885","United Kingdom of Great Britain and Northern Ireland","Europe","2010","42270.4"
"886","United Kingdom of Great Britain and Northern Ireland","Europe","2011","42389.1"
"887","United Kingdom of Great Britain and Northern Ireland","Europe","2012","42705.1"
"888","United Kingdom of Great Britain and Northern Ireland","Europe","2013","43192.1"
"889","United Kingdom of Great Britain and Northern Ireland","Europe","2014","44247"
"890","United Kingdom of Great Britain and Northern Ireland","Europe","2015","44948.3"
"891","United Kingdom of Great Britain and Northern Ireland","Europe","2016","45574.8"
"892","United Kingdom of Great Britain and Northern Ireland","Europe","2017","46372.4"
"893","United Kingdom of Great Britain and Northern Ireland","Europe","2018","46878.1"
"894","United Kingdom of Great Britain and Northern Ireland","Europe","2019","47362.3"
"895","United Kingdom of Great Britain and Northern Ireland","Europe","2020","41984.1"
"896","United Kingdom of Great Britain and Northern Ireland","Europe","2021","44978.7"
"897","United Kingdom of Great Britain and Northern Ireland","Europe","2022",""
"898","Algeria","Africa","2000","8786.2"
"899","Algeria","Africa","2001","8926.1"
"900","Algeria","Africa","2002","9299.7"
"901","Algeria","Africa","2003","9835.2"
"902","Algeria","Africa","2004","10114.7"
"903","Algeria","Africa","2005","10566.4"
"904","Algeria","Africa","2006","10592.2"
"905","Algeria","Africa","2007","10775.5"
"906","Algeria","Africa","2008","10847.2"
"907","Algeria","Africa","2009","10824.6"
"908","Algeria","Africa","2010","11007.7"
"909","Algeria","Africa","2011","11114"
"910","Algeria","Africa","2012","11270.7"
"911","Algeria","Africa","2013","11360.6"
"912","Algeria","Africa","2014","11561.3"
"913","Algeria","Africa","2015","11751.6"
"914","Algeria","Africa","2016","11888.3"
"915","Algeria","Africa","2017","11809.5"
"916","Algeria","Africa","2018","11725.9"
"917","Algeria","Africa","2019","11627.3"
"918","Algeria","Africa","2020","10844.8"
"919","Algeria","Africa","2021","11039.8"
"920","Algeria","Africa","2022",""
"921","Angola","Africa","2000","4708.4"
"922","Angola","Africa","2001","4747.8"
"923","Angola","Africa","2002","5219.6"
"924","Angola","Africa","2003","5195.3"
"925","Angola","Africa","2004","5565.6"
"926","Angola","Africa","2005","6178.3"
"927","Angola","Africa","2006","6648.8"
"928","Angola","Africa","2007","7309.3"
"929","Angola","Africa","2008","7832.9"
"930","Angola","Africa","2009","7613.8"
"931","Angola","Africa","2010","7691.1"
"932","Angola","Africa","2011","7664.4"
"933","Angola","Africa","2012","8012.1"
"934","Angola","Africa","2013","8100.4"
"935","Angola","Africa","2014","8183.7"
"936","Angola","Africa","2015","7967.1"
"937","Angola","Africa","2016","7488.1"
"938","Angola","Africa","2017","7216.1"
"939","Angola","Africa","2018","6878.6"
"940","Angola","Africa","2019","6602.4"
"941","Angola","Africa","2020","6032.3"
"942","Angola","Africa","2021","5908.6"
"943","Angola","Africa","2022",""
"944","Benin","Africa","2000","2431.4"
"945","Benin","Africa","2001","2485.1"
"946","Benin","Africa","2002","2523.6"
"947","Benin","Africa","2003","2533"
"948","Benin","Africa","2004","2566.3"
"949","Benin","Africa","2005","2528.7"
"950","Benin","Africa","2006","2549.2"
"951","Benin","Africa","2007","2625.2"
"952","Benin","Africa","2008","2673.8"
"953","Benin","Africa","2009","2656.4"
"954","Benin","Africa","2010","2634.1"
"955","Benin","Africa","2011","2633.9"
"956","Benin","Africa","2012","2681.4"
"957","Benin","Africa","2013","2792"
"958","Benin","Africa","2014","2883.9"
"959","Benin","Africa","2015","2849.8"
"960","Benin","Africa","2016","2859.4"
"961","Benin","Africa","2017","2933.8"
"962","Benin","Africa","2018","3040.2"
"963","Benin","Africa","2019","3156.4"
"964","Benin","Africa","2020","3186.5"
"965","Benin","Africa","2021","3321.6"
"966","Benin","Africa","2022",""
"967","Botswana","Africa","2000","11462.1"
"968","Botswana","Africa","2001","11262.9"
"969","Botswana","Africa","2002","11725.6"
"970","Botswana","Africa","2003","12054.9"
"971","Botswana","Africa","2004","12166.5"
"972","Botswana","Africa","2005","12494.2"
"973","Botswana","Africa","2006","13287.2"
"974","Botswana","Africa","2007","13783.4"
"975","Botswana","Africa","2008","13945.6"
"976","Botswana","Africa","2009","11729.6"
"977","Botswana","Africa","2010","12653.4"
"978","Botswana","Africa","2011","13250.3"
"979","Botswana","Africa","2012","12975.9"
"980","Botswana","Africa","2013","14144.5"
"981","Botswana","Africa","2014","14665.3"
"982","Botswana","Africa","2015","13682.7"
"983","Botswana","Africa","2016","14373.5"
"984","Botswana","Africa","2017","14656.8"
"985","Botswana","Africa","2018","14962.1"
"986","Botswana","Africa","2019","15118"
"987","Botswana","Africa","2020","13545.7"
"988","Botswana","Africa","2021","14840.9"
"989","Botswana","Africa","2022",""
"990","Burkina Faso","Africa","2000","1266.7"
"991","Burkina Faso","Africa","2001","1310.1"
"992","Burkina Faso","Africa","2002","1325.7"
"993","Burkina Faso","Africa","2003","1385.5"
"994","Burkina Faso","Africa","2004","1402.8"
"995","Burkina Faso","Africa","2005","1477"
"996","Burkina Faso","Africa","2006","1521.2"
"997","Burkina Faso","Africa","2007","1536.4"
"998","Burkina Faso","Africa","2008","1578.3"
"999","Burkina Faso","Africa","2009","1578.1"
"1000","Burkina Faso","Africa","2010","1661.9"
"1001","Burkina Faso","Africa","2011","1720.1"
"1002","Burkina Faso","Africa","2012","1776.4"
"1003","Burkina Faso","Africa","2013","1823.6"
"1004","Burkina Faso","Africa","2014","1846.6"
"1005","Burkina Faso","Africa","2015","1862.9"
"1006","Burkina Faso","Africa","2016","1916.8"
"1007","Burkina Faso","Africa","2017","1978.2"
"1008","Burkina Faso","Africa","2018","2051.2"
"1009","Burkina Faso","Africa","2019","2110.1"
"1010","Burkina Faso","Africa","2020","2093.7"
"1011","Burkina Faso","Africa","2021","2179.8"
"1012","Burkina Faso","Africa","2022",""
"1013","Burundi","Africa","2000","837.3"
"1014","Burundi","Africa","2001","833.7"
"1015","Burundi","Africa","2002","846.7"
"1016","Burundi","Africa","2003","810.6"
"1017","Burundi","Africa","2004","818.7"
"1018","Burundi","Africa","2005","796.1"
"1019","Burundi","Africa","2006","809.7"
"1020","Burundi","Africa","2007","807.4"
"1021","Burundi","Africa","2008","812.6"
"1022","Burundi","Africa","2009","801.8"
"1023","Burundi","Africa","2010","804.4"
"1024","Burundi","Africa","2011","807.7"
"1025","Burundi","Africa","2012","814.3"
"1026","Burundi","Africa","2013","824.6"
"1027","Burundi","Africa","2014","831.3"
"1028","Burundi","Africa","2015","781.6"
"1029","Burundi","Africa","2016","764.3"
"1030","Burundi","Africa","2017","750.8"
"1031","Burundi","Africa","2018","740.4"
"1032","Burundi","Africa","2019","729.7"
"1033","Burundi","Africa","2020","711.4"
"1034","Burundi","Africa","2021","705"
"1035","Burundi","Africa","2022",""
"1036","Cabo Verde","Africa","2000","3798.7"
"1037","Cabo Verde","Africa","2001","3819.2"
"1038","Cabo Verde","Africa","2002","3958"
"1039","Cabo Verde","Africa","2003","4064.4"
"1040","Cabo Verde","Africa","2004","4419.1"
"1041","Cabo Verde","Africa","2005","4664.7"
"1042","Cabo Verde","Africa","2006","4975.9"
"1043","Cabo Verde","Africa","2007","5664.4"
"1044","Cabo Verde","Africa","2008","5974.8"
"1045","Cabo Verde","Africa","2009","5838.2"
"1046","Cabo Verde","Africa","2010","5860.5"
"1047","Cabo Verde","Africa","2011","6020.2"
"1048","Cabo Verde","Africa","2012","6013.1"
"1049","Cabo Verde","Africa","2013","5993.1"
"1050","Cabo Verde","Africa","2014","5962"
"1051","Cabo Verde","Africa","2015","5955.6"
"1052","Cabo Verde","Africa","2016","6166.3"
"1053","Cabo Verde","Africa","2017","6320.3"
"1054","Cabo Verde","Africa","2018","6534.5"
"1055","Cabo Verde","Africa","2019","6835.1"
"1056","Cabo Verde","Africa","2020","5768.5"
"1057","Cabo Verde","Africa","2021","6114.1"
"1058","Cabo Verde","Africa","2022",""
"1059","Cameroon","Africa","2000","2938"
"1060","Cameroon","Africa","2001","2985.6"
"1061","Cameroon","Africa","2002","3036.8"
"1062","Cameroon","Africa","2003","3116.2"
"1063","Cameroon","Africa","2004","3245.5"
"1064","Cameroon","Africa","2005","3228.4"
"1065","Cameroon","Africa","2006","3261.5"
"1066","Cameroon","Africa","2007","3309.3"
"1067","Cameroon","Africa","2008","3308.3"
"1068","Cameroon","Africa","2009","3298.4"
"1069","Cameroon","Africa","2010","3298.6"
"1070","Cameroon","Africa","2011","3314.9"
"1071","Cameroon","Africa","2012","3372"
"1072","Cameroon","Africa","2013","3442.2"
"1073","Cameroon","Africa","2014","3530.3"
"1074","Cameroon","Africa","2015","3614.8"
"1075","Cameroon","Africa","2016","3667.3"
"1076","Cameroon","Africa","2017","3691.1"
"1077","Cameroon","Africa","2018","3732.5"
"1078","Cameroon","Africa","2019","3756.5"
"1079","Cameroon","Africa","2020","3665.5"
"1080","Cameroon","Africa","2021","3700.5"
"1081","Cameroon","Africa","2022",""
"1082","Central African Republic","Africa","2000","1007.2"
"1083","Central African Republic","Africa","2001","1028.8"
"1084","Central African Republic","Africa","2002","1042.7"
"1085","Central African Republic","Africa","2003","962.9"
"1086","Central African Republic","Africa","2004","998.7"
"1087","Central African Republic","Africa","2005","985.3"
"1088","Central African Republic","Africa","2006","1011.8"
"1089","Central African Republic","Africa","2007","1038.8"
"1090","Central African Republic","Africa","2008","1038.3"
"1091","Central African Republic","Africa","2009","1103.5"
"1092","Central African Republic","Africa","2010","1130.9"
"1093","Central African Republic","Africa","2011","1160.4"
"1094","Central African Republic","Africa","2012","1208.5"
"1095","Central African Republic","Africa","2013","764.1"
"1096","Central African Republic","Africa","2014","765.3"
"1097","Central African Republic","Africa","2015","795"
"1098","Central African Republic","Africa","2016","818.4"
"1099","Central African Republic","Africa","2017","839.6"
"1100","Central African Republic","Africa","2018","854.6"
"1101","Central African Republic","Africa","2019","861.8"
"1102","Central African Republic","Africa","2020","847.8"
"1103","Central African Republic","Africa","2021","837.5"
"1104","Central African Republic","Africa","2022",""
"1105","Chad","Africa","2000","907.8"
"1106","Chad","Africa","2001","980.5"
"1107","Chad","Africa","2002","1027.7"
"1108","Chad","Africa","2003","1133.1"
"1109","Chad","Africa","2004","1448.4"
"1110","Chad","Africa","2005","1633"
"1111","Chad","Africa","2006","1586.4"
"1112","Chad","Africa","2007","1583.7"
"1113","Chad","Africa","2008","1576.8"
"1114","Chad","Africa","2009","1586.5"
"1115","Chad","Africa","2010","1741.1"
"1116","Chad","Africa","2011","1682.7"
"1117","Chad","Africa","2012","1769.3"
"1118","Chad","Africa","2013","1804.8"
"1119","Chad","Africa","2014","1861.7"
"1120","Chad","Africa","2015","1853.3"
"1121","Chad","Africa","2016","1683.5"
"1122","Chad","Africa","2017","1579.8"
"1123","Chad","Africa","2018","1563.5"
"1124","Chad","Africa","2019","1562"
"1125","Chad","Africa","2020","1489.2"
"1126","Chad","Africa","2021","1425.5"
"1127","Chad","Africa","2022",""
"1128","Comoros","Africa","2000","2863.2"
"1129","Comoros","Africa","2001","2871.2"
"1130","Comoros","Africa","2002","2878.5"
"1131","Comoros","Africa","2003","2882"
"1132","Comoros","Africa","2004","2881.6"
"1133","Comoros","Africa","2005","2905.7"
"1134","Comoros","Africa","2006","2923.5"
"1135","Comoros","Africa","2007","2888.4"
"1136","Comoros","Africa","2008","2943"
"1137","Comoros","Africa","2009","2976.8"
"1138","Comoros","Africa","2010","3025.5"
"1139","Comoros","Africa","2011","3084.8"
"1140","Comoros","Africa","2012","3115.2"
"1141","Comoros","Africa","2013","3185.3"
"1142","Comoros","Africa","2014","3183.2"
"1143","Comoros","Africa","2015","3150.9"
"1144","Comoros","Africa","2016","3185.6"
"1145","Comoros","Africa","2017","3240.2"
"1146","Comoros","Africa","2018","3294.8"
"1147","Comoros","Africa","2019","3290.7"
"1148","Comoros","Africa","2020","3222.4"
"1149","Comoros","Africa","2021","3228.5"
"1150","Comoros","Africa","2022",""
"1151","Congo","Africa","2000","4390.6"
"1152","Congo","Africa","2001","4389.4"
"1153","Congo","Africa","2002","4484.3"
"1154","Congo","Africa","2003","4397.3"
"1155","Congo","Africa","2004","4398.2"
"1156","Congo","Africa","2005","4571.8"
"1157","Congo","Africa","2006","4755"
"1158","Congo","Africa","2007","4280"
"1159","Congo","Africa","2008","4401.7"
"1160","Congo","Africa","2009","4720.4"
"1161","Congo","Africa","2010","4978"
"1162","Congo","Africa","2011","4925.4"
"1163","Congo","Africa","2012","5267"
"1164","Congo","Africa","2013","5105.2"
"1165","Congo","Africa","2014","5319.4"
"1166","Congo","Africa","2015","5009.4"
"1167","Congo","Africa","2016","4363.8"
"1168","Congo","Africa","2017","4073.9"
"1169","Congo","Africa","2018","3786.4"
"1170","Congo","Africa","2019","3695.1"
"1171","Congo","Africa","2020","3384.7"
"1172","Congo","Africa","2021","3234.4"
"1173","Congo","Africa","2022",""
"1174","Cte d'Ivoire","Africa","2000","4053"
"1175","Cte d'Ivoire","Africa","2001","3863.2"
"1176","Cte d'Ivoire","Africa","2002","3664.5"
"1177","Cte d'Ivoire","Africa","2003","3408"
"1178","Cte d'Ivoire","Africa","2004","3435.3"
"1179","Cte d'Ivoire","Africa","2005","3391.7"
"1180","Cte d'Ivoire","Africa","2006","3411"
"1181","Cte d'Ivoire","Africa","2007","3374.8"
"1182","Cte d'Ivoire","Africa","2008","3461.7"
"1183","Cte d'Ivoire","Africa","2009","3511.3"
"1184","Cte d'Ivoire","Africa","2010","3673.2"
"1185","Cte d'Ivoire","Africa","2011","3404.5"
"1186","Cte d'Ivoire","Africa","2012","3589.4"
"1187","Cte d'Ivoire","Africa","2013","3894.5"
"1188","Cte d'Ivoire","Africa","2014","4162"
"1189","Cte d'Ivoire","Africa","2015","4347.8"
"1190","Cte d'Ivoire","Africa","2016","4541.2"
"1191","Cte d'Ivoire","Africa","2017","4750.9"
"1192","Cte d'Ivoire","Africa","2018","4949.6"
"1193","Cte d'Ivoire","Africa","2019","5126.6"
"1194","Cte d'Ivoire","Africa","2020","5098.6"
"1195","Cte d'Ivoire","Africa","2021","5325"
"1196","Cte d'Ivoire","Africa","2022",""
"1197","Democratic Republic of the Congo","Africa","2000","728.2"
"1198","Democratic Republic of the Congo","Africa","2001","691.7"
"1199","Democratic Republic of the Congo","Africa","2002","690.7"
"1200","Democratic Republic of the Congo","Africa","2003","708"
"1201","Democratic Republic of the Congo","Africa","2004","733.5"
"1202","Democratic Republic of the Congo","Africa","2005","754.7"
"1203","Democratic Republic of the Congo","Africa","2006","769.9"
"1204","Democratic Republic of the Congo","Africa","2007","792.2"
"1205","Democratic Republic of the Congo","Africa","2008","815"
"1206","Democratic Republic of the Congo","Africa","2009","811.9"
"1207","Democratic Republic of the Congo","Africa","2010","841.9"
"1208","Democratic Republic of the Congo","Africa","2011","870.1"
"1209","Democratic Republic of the Congo","Africa","2012","901"
"1210","Democratic Republic of the Congo","Africa","2013","944.6"
"1211","Democratic Republic of the Congo","Africa","2014","999.1"
"1212","Democratic Republic of the Congo","Africa","2015","1032.6"
"1213","Democratic Republic of the Congo","Africa","2016","1021.3"
"1214","Democratic Republic of the Congo","Africa","2017","1023.5"
"1215","Democratic Republic of the Congo","Africa","2018","1048.2"
"1216","Democratic Republic of the Congo","Africa","2019","1059.9"
"1217","Democratic Republic of the Congo","Africa","2020","1044.1"
"1218","Democratic Republic of the Congo","Africa","2021","1073.6"
"1219","Democratic Republic of the Congo","Africa","2022",""
"1220","Djibouti","Africa","2000",""
"1221","Djibouti","Africa","2001",""
"1222","Djibouti","Africa","2002",""
"1223","Djibouti","Africa","2003",""
"1224","Djibouti","Africa","2004",""
"1225","Djibouti","Africa","2005",""
"1226","Djibouti","Africa","2006",""
"1227","Djibouti","Africa","2007",""
"1228","Djibouti","Africa","2008",""
"1229","Djibouti","Africa","2009",""
"1230","Djibouti","Africa","2010",""
"1231","Djibouti","Africa","2011",""
"1232","Djibouti","Africa","2012",""
"1233","Djibouti","Africa","2013","3664.3"
"1234","Djibouti","Africa","2014","3854.3"
"1235","Djibouti","Africa","2015","4073.6"
"1236","Djibouti","Africa","2016","4291.3"
"1237","Djibouti","Africa","2017","4451.7"
"1238","Djibouti","Africa","2018","4589.4"
"1239","Djibouti","Africa","2019","4768.1"
"1240","Djibouti","Africa","2020","4753.9"
"1241","Djibouti","Africa","2021","4913.3"
"1242","Djibouti","Africa","2022",""
"1243","Egypt","Africa","2000","7469.1"
"1244","Egypt","Africa","2001","7575.8"
"1245","Egypt","Africa","2002","7596.3"
"1246","Egypt","Africa","2003","7676.9"
"1247","Egypt","Africa","2004","7830.4"
"1248","Egypt","Africa","2005","8019.9"
"1249","Egypt","Africa","2006","8403.6"
"1250","Egypt","Africa","2007","8825.3"
"1251","Egypt","Africa","2008","9273.4"
"1252","Egypt","Africa","2009","9518.8"
"1253","Egypt","Africa","2010","9807.8"
"1254","Egypt","Africa","2011","9763"
"1255","Egypt","Africa","2012","9757.1"
"1256","Egypt","Africa","2013","9742.1"
"1257","Egypt","Africa","2014","9794"
"1258","Egypt","Africa","2015","9999.2"
"1259","Egypt","Africa","2016","10218.4"
"1260","Egypt","Africa","2017","10435.9"
"1261","Egypt","Africa","2018","10783.8"
"1262","Egypt","Africa","2019","11180.7"
"1263","Egypt","Africa","2020","11380.8"
"1264","Egypt","Africa","2021","11566"
"1265","Egypt","Africa","2022",""
"1266","Equatorial Guinea","Africa","2000","9890.8"
"1267","Equatorial Guinea","Africa","2001","15389.2"
"1268","Equatorial Guinea","Africa","2002","17534.8"
"1269","Equatorial Guinea","Africa","2003","19081.9"
"1270","Equatorial Guinea","Africa","2004","25164.2"
"1271","Equatorial Guinea","Africa","2005","28075.2"
"1272","Equatorial Guinea","Africa","2006","28879.4"
"1273","Equatorial Guinea","Africa","2007","31770"
"1274","Equatorial Guinea","Africa","2008","35688.6"
"1275","Equatorial Guinea","Africa","2009","34479.9"
"1276","Equatorial Guinea","Africa","2010","29944.3"
"1277","Equatorial Guinea","Africa","2011","30502.6"
"1278","Equatorial Guinea","Africa","2012","31680.7"
"1279","Equatorial Guinea","Africa","2013","29143"
"1280","Equatorial Guinea","Africa","2014","28106.2"
"1281","Equatorial Guinea","Africa","2015","24563.5"
"1282","Equatorial Guinea","Africa","2016","21566.1"
"1283","Equatorial Guinea","Africa","2017","19617.8"
"1284","Equatorial Guinea","Africa","2018","17765"
"1285","Equatorial Guinea","Africa","2019","16240.4"
"1286","Equatorial Guinea","Africa","2020","15132.4"
"1287","Equatorial Guinea","Africa","2021","14637"
"1288","Equatorial Guinea","Africa","2022",""
"1289","Eswatini","Africa","2000","5443.4"
"1290","Eswatini","Africa","2001","5443.3"
"1291","Eswatini","Africa","2002","5630.8"
"1292","Eswatini","Africa","2003","5805.2"
"1293","Eswatini","Africa","2004","5976.2"
"1294","Eswatini","Africa","2005","6298.5"
"1295","Eswatini","Africa","2006","6639.7"
"1296","Eswatini","Africa","2007","6894.1"
"1297","Eswatini","Africa","2008","6913.3"
"1298","Eswatini","Africa","2009","6989.4"
"1299","Eswatini","Africa","2010","7221.3"
"1300","Eswatini","Africa","2011","7347.2"
"1301","Eswatini","Africa","2012","7701.4"
"1302","Eswatini","Africa","2013","7949.6"
"1303","Eswatini","Africa","2014","7969.2"
"1304","Eswatini","Africa","2015","8088.7"
"1305","Eswatini","Africa","2016","8113.2"
"1306","Eswatini","Africa","2017","8213.9"
"1307","Eswatini","Africa","2018","8343"
"1308","Eswatini","Africa","2019","8501.3"
"1309","Eswatini","Africa","2020","8290.4"
"1310","Eswatini","Africa","2021","8856.8"
"1311","Eswatini","Africa","2022",""
"1312","Ethiopia","Africa","2000","719"
"1313","Ethiopia","Africa","2001","756.3"
"1314","Ethiopia","Africa","2002","745.5"
"1315","Ethiopia","Africa","2003","708.5"
"1316","Ethiopia","Africa","2004","781.9"
"1317","Ethiopia","Africa","2005","849.8"
"1318","Ethiopia","Africa","2006","915.7"
"1319","Ethiopia","Africa","2007","991.9"
"1320","Ethiopia","Africa","2008","1068.1"
"1321","Ethiopia","Africa","2009","1130"
"1322","Ethiopia","Africa","2010","1236.5"
"1323","Ethiopia","Africa","2011","1336.1"
"1324","Ethiopia","Africa","2012","1411.1"
"1325","Ethiopia","Africa","2013","1518.1"
"1326","Ethiopia","Africa","2014","1629.2"
"1327","Ethiopia","Africa","2015","1750.7"
"1328","Ethiopia","Africa","2016","1864.5"
"1329","Ethiopia","Africa","2017","1988"
"1330","Ethiopia","Africa","2018","2067.5"
"1331","Ethiopia","Africa","2019","2181.7"
"1332","Ethiopia","Africa","2020","2253.2"
"1333","Ethiopia","Africa","2021","2319.1"
"1334","Ethiopia","Africa","2022",""
"1335","Gabon","Africa","2000","15987.1"
"1336","Gabon","Africa","2001","15907.9"
"1337","Gabon","Africa","2002","15453"
"1338","Gabon","Africa","2003","15379.6"
"1339","Gabon","Africa","2004","15062.6"
"1340","Gabon","Africa","2005","15028.4"
"1341","Gabon","Africa","2006","14177.1"
"1342","Gabon","Africa","2007","14570.8"
"1343","Gabon","Africa","2008","13646.6"
"1344","Gabon","Africa","2009","13221.8"
"1345","Gabon","Africa","2010","13682.8"
"1346","Gabon","Africa","2011","14145.7"
"1347","Gabon","Africa","2012","14368"
"1348","Gabon","Africa","2013","14655.4"
"1349","Gabon","Africa","2014","14785.4"
"1350","Gabon","Africa","2015","14892"
"1351","Gabon","Africa","2016","14783.1"
"1352","Gabon","Africa","2017","14478.1"
"1353","Gabon","Africa","2018","14254.5"
"1354","Gabon","Africa","2019","14478"
"1355","Gabon","Africa","2020","13903.3"
"1356","Gabon","Africa","2021","13813.7"
"1357","Gabon","Africa","2022",""
"1358","Gambia","Africa","2000","2081.2"
"1359","Gambia","Africa","2001","2139.6"
"1360","Gambia","Africa","2002","2011.9"
"1361","Gambia","Africa","2003","2089.6"
"1362","Gambia","Africa","2004","2173.2"
"1363","Gambia","Africa","2005","2060.5"
"1364","Gambia","Africa","2006","1988.1"
"1365","Gambia","Africa","2007","1986.4"
"1366","Gambia","Africa","2008","2046.1"
"1367","Gambia","Africa","2009","2115.6"
"1368","Gambia","Africa","2010","2172.2"
"1369","Gambia","Africa","2011","1934.7"
"1370","Gambia","Africa","2012","1974.1"
"1371","Gambia","Africa","2013","1969.8"
"1372","Gambia","Africa","2014","1885.1"
"1373","Gambia","Africa","2015","1905.8"
"1374","Gambia","Africa","2016","1889.1"
"1375","Gambia","Africa","2017","1927"
"1376","Gambia","Africa","2018","2012.6"
"1377","Gambia","Africa","2019","2083.3"
"1378","Gambia","Africa","2020","2042.6"
"1379","Gambia","Africa","2021","2076.6"
"1380","Gambia","Africa","2022",""
"1381","Ghana","Africa","2000","2752.2"
"1382","Ghana","Africa","2001","2787.1"
"1383","Ghana","Africa","2002","2833.6"
"1384","Ghana","Africa","2003","2901.1"
"1385","Ghana","Africa","2004","2982.9"
"1386","Ghana","Africa","2005","3076"
"1387","Ghana","Africa","2006","3187.6"
"1388","Ghana","Africa","2007","3240.6"
"1389","Ghana","Africa","2008","3447.3"
"1390","Ghana","Africa","2009","3523.8"
"1391","Ghana","Africa","2010","3709.4"
"1392","Ghana","Africa","2011","4128.6"
"1393","Ghana","Africa","2012","4402.5"
"1394","Ghana","Africa","2013","4610"
"1395","Ghana","Africa","2014","4628.9"
"1396","Ghana","Africa","2015","4616.6"
"1397","Ghana","Africa","2016","4662"
"1398","Ghana","Africa","2017","4929.6"
"1399","Ghana","Africa","2018","5125.2"
"1400","Ghana","Africa","2019","5345.9"
"1401","Ghana","Africa","2020","5263.5"
"1402","Ghana","Africa","2021","5435.2"
"1403","Ghana","Africa","2022",""
"1404","Guinea","Africa","2000","1685.3"
"1405","Guinea","Africa","2001","1724.4"
"1406","Guinea","Africa","2002","1785.6"
"1407","Guinea","Africa","2003","1767.8"
"1408","Guinea","Africa","2004","1771"
"1409","Guinea","Africa","2005","1788.4"
"1410","Guinea","Africa","2006","1772.7"
"1411","Guinea","Africa","2007","1850.6"
"1412","Guinea","Africa","2008","1881.3"
"1413","Guinea","Africa","2009","1815.3"
"1414","Guinea","Africa","2010","1856.5"
"1415","Guinea","Africa","2011","1912.8"
"1416","Guinea","Africa","2012","1977"
"1417","Guinea","Africa","2013","2005.4"
"1418","Guinea","Africa","2014","2028.5"
"1419","Guinea","Africa","2015","2053.1"
"1420","Guinea","Africa","2016","2217.1"
"1421","Guinea","Africa","2017","2383.6"
"1422","Guinea","Africa","2018","2471.7"
"1423","Guinea","Africa","2019","2545.1"
"1424","Guinea","Africa","2020","2604.1"
"1425","Guinea","Africa","2021","2640.3"
"1426","Guinea","Africa","2022",""
"1427","Guinea-Bissau","Africa","2000","1681.4"
"1428","Guinea-Bissau","Africa","2001","1682"
"1429","Guinea-Bissau","Africa","2002","1628.7"
"1430","Guinea-Bissau","Africa","2003","1600.7"
"1431","Guinea-Bissau","Africa","2004","1606.6"
"1432","Guinea-Bissau","Africa","2005","1635.4"
"1433","Guinea-Bissau","Africa","2006","1632.5"
"1434","Guinea-Bissau","Africa","2007","1643.4"
"1435","Guinea-Bissau","Africa","2008","1652.9"
"1436","Guinea-Bissau","Africa","2009","1665.2"
"1437","Guinea-Bissau","Africa","2010","1697.5"
"1438","Guinea-Bissau","Africa","2011","1787.1"
"1439","Guinea-Bissau","Africa","2012","1710"
"1440","Guinea-Bissau","Africa","2013","1718.9"
"1441","Guinea-Bissau","Africa","2014","1690.1"
"1442","Guinea-Bissau","Africa","2015","1748"
"1443","Guinea-Bissau","Africa","2016","1811.3"
"1444","Guinea-Bissau","Africa","2017","1872.3"
"1445","Guinea-Bissau","Africa","2018","1851.9"
"1446","Guinea-Bissau","Africa","2019","1890.5"
"1447","Guinea-Bissau","Africa","2020","1803.6"
"1448","Guinea-Bissau","Africa","2021","1831.4"
"1449","Guinea-Bissau","Africa","2022",""
"1450","Kenya","Africa","2000","3303.3"
"1451","Kenya","Africa","2001","3325.9"
"1452","Kenya","Africa","2002","3244.2"
"1453","Kenya","Africa","2003","3241.7"
"1454","Kenya","Africa","2004","3306.8"
"1455","Kenya","Africa","2005","3399.4"
"1456","Kenya","Africa","2006","3513.3"
"1457","Kenya","Africa","2007","3644.3"
"1458","Kenya","Africa","2008","3545.6"
"1459","Kenya","Africa","2009","3556"
"1460","Kenya","Africa","2010","3735.8"
"1461","Kenya","Africa","2011","3824.2"
"1462","Kenya","Africa","2012","3899.2"
"1463","Kenya","Africa","2013","3950.9"
"1464","Kenya","Africa","2014","4055.1"
"1465","Kenya","Africa","2015","4163.9"
"1466","Kenya","Africa","2016","4244.9"
"1467","Kenya","Africa","2017","4312.9"
"1468","Kenya","Africa","2018","4464.8"
"1469","Kenya","Africa","2019","4601.2"
"1470","Kenya","Africa","2020","4498.4"
"1471","Kenya","Africa","2021","4743.5"
"1472","Kenya","Africa","2022",""
"1473","Lesotho","Africa","2000","1714.3"
"1474","Lesotho","Africa","2001","1774.6"
"1475","Lesotho","Africa","2002","1789.1"
"1476","Lesotho","Africa","2003","1874.9"
"1477","Lesotho","Africa","2004","1914"
"1478","Lesotho","Africa","2005","1988.3"
"1479","Lesotho","Africa","2006","2073.1"
"1480","Lesotho","Africa","2007","2152.7"
"1481","Lesotho","Africa","2008","2258.4"
"1482","Lesotho","Africa","2009","2214.3"
"1483","Lesotho","Africa","2010","2315.3"
"1484","Lesotho","Africa","2011","2404.4"
"1485","Lesotho","Africa","2012","2535.5"
"1486","Lesotho","Africa","2013","2557"
"1487","Lesotho","Africa","2014","2574.3"
"1488","Lesotho","Africa","2015","2625.6"
"1489","Lesotho","Africa","2016","2688.1"
"1490","Lesotho","Africa","2017","2571.7"
"1491","Lesotho","Africa","2018","2541.5"
"1492","Lesotho","Africa","2019","2533.1"
"1493","Lesotho","Africa","2020","2292.2"
"1494","Lesotho","Africa","2021","2295.2"
"1495","Lesotho","Africa","2022",""
"1496","Liberia","Africa","2000","1725.1"
"1497","Liberia","Africa","2001","1724.1"
"1498","Liberia","Africa","2002","1742.8"
"1499","Liberia","Africa","2003","1207.7"
"1500","Liberia","Africa","2004","1224.6"
"1501","Liberia","Africa","2005","1232.5"
"1502","Liberia","Africa","2006","1258.7"
"1503","Liberia","Africa","2007","1311.4"
"1504","Liberia","Africa","2008","1349"
"1505","Liberia","Africa","2009","1376.5"
"1506","Liberia","Africa","2010","1418.7"
"1507","Liberia","Africa","2011","1475.8"
"1508","Liberia","Africa","2012","1538.4"
"1509","Liberia","Africa","2013","1636"
"1510","Liberia","Africa","2014","1613.9"
"1511","Liberia","Africa","2015","1581.1"
"1512","Liberia","Africa","2016","1525.5"
"1513","Liberia","Africa","2017","1533.4"
"1514","Liberia","Africa","2018","1521.7"
"1515","Liberia","Africa","2019","1455.6"
"1516","Liberia","Africa","2020","1383.8"
"1517","Liberia","Africa","2021","1423.2"
"1518","Liberia","Africa","2022",""
"1519","Libya","Africa","2000","27130.5"
"1520","Libya","Africa","2001","26040.3"
"1521","Libya","Africa","2002","25173.2"
"1522","Libya","Africa","2003","27744.9"
"1523","Libya","Africa","2004","28244.3"
"1524","Libya","Africa","2005","30782.9"
"1525","Libya","Africa","2006","32041"
"1526","Libya","Africa","2007","33345.9"
"1527","Libya","Africa","2008","32590.7"
"1528","Libya","Africa","2009","30510.9"
"1529","Libya","Africa","2010","31394.2"
"1530","Libya","Africa","2011","16356.4"
"1531","Libya","Africa","2012","32214.9"
"1532","Libya","Africa","2013","25907.8"
"1533","Libya","Africa","2014","19569.9"
"1534","Libya","Africa","2015","19108.9"
"1535","Libya","Africa","2016","18554.5"
"1536","Libya","Africa","2017","24212.9"
"1537","Libya","Africa","2018","25734.2"
"1538","Libya","Africa","2019","22535.4"
"1539","Libya","Africa","2020","16924.2"
"1540","Libya","Africa","2021","21965.2"
"1541","Libya","Africa","2022",""
"1542","Madagascar","Africa","2000","1569.6"
"1543","Madagascar","Africa","2001","1614.4"
"1544","Madagascar","Africa","2002","1372.8"
"1545","Madagascar","Africa","2003","1463.6"
"1546","Madagascar","Africa","2004","1496.1"
"1547","Madagascar","Africa","2005","1522.1"
"1548","Madagascar","Africa","2006","1558"
"1549","Madagascar","Africa","2007","1599.4"
"1550","Madagascar","Africa","2008","1657.8"
"1551","Madagascar","Africa","2009","1546.4"
"1552","Madagascar","Africa","2010","1512"
"1553","Madagascar","Africa","2011","1493.4"
"1554","Madagascar","Africa","2012","1497"
"1555","Madagascar","Africa","2013","1491.1"
"1556","Madagascar","Africa","2014","1500.9"
"1557","Madagascar","Africa","2015","1508.4"
"1558","Madagascar","Africa","2016","1528.6"
"1559","Madagascar","Africa","2017","1548.2"
"1560","Madagascar","Africa","2018","1557.3"
"1561","Madagascar","Africa","2019","1585.5"
"1562","Madagascar","Africa","2020","1436.2"
"1563","Madagascar","Africa","2021","1463.6"
"1564","Madagascar","Africa","2022",""
"1565","Malawi","Africa","2000","1119.1"
"1566","Malawi","Africa","2001","1038.5"
"1567","Malawi","Africa","2002","1030.6"
"1568","Malawi","Africa","2003","1062"
"1569","Malawi","Africa","2004","1090.4"
"1570","Malawi","Africa","2005","1095.7"
"1571","Malawi","Africa","2006","1115.4"
"1572","Malawi","Africa","2007","1188.4"
"1573","Malawi","Africa","2008","1242.9"
"1574","Malawi","Africa","2009","1307.8"
"1575","Malawi","Africa","2010","1357.9"
"1576","Malawi","Africa","2011","1383.6"
"1577","Malawi","Africa","2012","1370.3"
"1578","Malawi","Africa","2013","1401.7"
"1579","Malawi","Africa","2014","1440.8"
"1580","Malawi","Africa","2015","1440.8"
"1581","Malawi","Africa","2016","1437"
"1582","Malawi","Africa","2017","1454.8"
"1583","Malawi","Africa","2018","1478.4"
"1584","Malawi","Africa","2019","1517.7"
"1585","Malawi","Africa","2020","1489.6"
"1586","Malawi","Africa","2021","1491.1"
"1587","Malawi","Africa","2022",""
"1588","Mali","Africa","2000","1585.3"
"1589","Mali","Africa","2001","1774.7"
"1590","Mali","Africa","2002","1773.3"
"1591","Mali","Africa","2003","1874"
"1592","Mali","Africa","2004","1842.1"
"1593","Mali","Africa","2005","1898.6"
"1594","Mali","Africa","2006","1922.5"
"1595","Mali","Africa","2007","1925.1"
"1596","Mali","Africa","2008","1951.8"
"1597","Mali","Africa","2009","1980.1"
"1598","Mali","Africa","2010","2018.6"
"1599","Mali","Africa","2011","2017.1"
"1600","Mali","Africa","2012","1942.7"
"1601","Mali","Africa","2013","1930.1"
"1602","Mali","Africa","2014","2002.4"
"1603","Mali","Africa","2015","2060.1"
"1604","Mali","Africa","2016","2112.2"
"1605","Mali","Africa","2017","2153.8"
"1606","Mali","Africa","2018","2185.6"
"1607","Mali","Africa","2019","2219"
"1608","Mali","Africa","2020","2123.8"
"1609","Mali","Africa","2021","2120.6"
"1610","Mali","Africa","2022",""
"1611","Mauritania","Africa","2000","4170.9"
"1612","Mauritania","Africa","2001","4037.5"
"1613","Mauritania","Africa","2002","4006.4"
"1614","Mauritania","Africa","2003","4192.4"
"1615","Mauritania","Africa","2004","4296.5"
"1616","Mauritania","Africa","2005","4562.7"
"1617","Mauritania","Africa","2006","5278.5"
"1618","Mauritania","Africa","2007","5056"
"1619","Mauritania","Africa","2008","4914.8"
"1620","Mauritania","Africa","2009","4787.5"
"1621","Mauritania","Africa","2010","4773.8"
"1622","Mauritania","Africa","2011","4825.1"
"1623","Mauritania","Africa","2012","4885.7"
"1624","Mauritania","Africa","2013","4943.2"
"1625","Mauritania","Africa","2014","5020.1"
"1626","Mauritania","Africa","2015","5151.9"
"1627","Mauritania","Africa","2016","5080.8"
"1628","Mauritania","Africa","2017","5259.1"
"1629","Mauritania","Africa","2018","5367.2"
"1630","Mauritania","Africa","2019","5505.6"
"1631","Mauritania","Africa","2020","5314.8"
"1632","Mauritania","Africa","2021","5307.5"
"1633","Mauritania","Africa","2022",""
"1634","Mauritius","Africa","2000","12254.3"
"1635","Mauritius","Africa","2001","12564.9"
"1636","Mauritius","Africa","2002","12679.4"
"1637","Mauritius","Africa","2003","13333.9"
"1638","Mauritius","Africa","2004","13824.3"
"1639","Mauritius","Africa","2005","13987"
"1640","Mauritius","Africa","2006","14599.3"
"1641","Mauritius","Africa","2007","15365.2"
"1642","Mauritius","Africa","2008","16134.5"
"1643","Mauritius","Africa","2009","16625.1"
"1644","Mauritius","Africa","2010","17311.6"
"1645","Mauritius","Africa","2011","17988.7"
"1646","Mauritius","Africa","2012","18566"
"1647","Mauritius","Africa","2013","19147.7"
"1648","Mauritius","Africa","2014","19844.5"
"1649","Mauritius","Africa","2015","20549.6"
"1650","Mauritius","Africa","2016","21328.7"
"1651","Mauritius","Africa","2017","22148.6"
"1652","Mauritius","Africa","2018","23023.5"
"1653","Mauritius","Africa","2019","23681.6"
"1654","Mauritius","Africa","2020","20224.2"
"1655","Mauritius","Africa","2021","20967.9"
"1656","Mauritius","Africa","2022",""
"1657","Morocco","Africa","2000","4111.7"
"1658","Morocco","Africa","2001","4353.8"
"1659","Morocco","Africa","2002","4431.3"
"1660","Morocco","Africa","2003","4637"
"1661","Morocco","Africa","2004","4797.7"
"1662","Morocco","Africa","2005","4889.1"
"1663","Morocco","Africa","2006","5189.4"
"1664","Morocco","Africa","2007","5302.2"
"1665","Morocco","Africa","2008","5543.1"
"1666","Morocco","Africa","2009","5703"
"1667","Morocco","Africa","2010","5841.9"
"1668","Morocco","Africa","2011","6064.4"
"1669","Morocco","Africa","2012","6161"
"1670","Morocco","Africa","2013","6352.4"
"1671","Morocco","Africa","2014","7462.2"
"1672","Morocco","Africa","2015","7687.7"
"1673","Morocco","Africa","2016","7632.2"
"1674","Morocco","Africa","2017","7921.6"
"1675","Morocco","Africa","2018","8072.1"
"1676","Morocco","Africa","2019","8217.6"
"1677","Morocco","Africa","2020","7546"
"1678","Morocco","Africa","2021","8058.4"
"1679","Morocco","Africa","2022",""
"1680","Mozambique","Africa","2000","628.7"
"1681","Mozambique","Africa","2001","687.2"
"1682","Mozambique","Africa","2002","732"
"1683","Mozambique","Africa","2003","762.3"
"1684","Mozambique","Africa","2004","801.4"
"1685","Mozambique","Africa","2005","832.8"
"1686","Mozambique","Africa","2006","890.5"
"1687","Mozambique","Africa","2007","934.7"
"1688","Mozambique","Africa","2008","977.2"
"1689","Mozambique","Africa","2009","1011.6"
"1690","Mozambique","Africa","2010","1047.6"
"1691","Mozambique","Africa","2011","1092.8"
"1692","Mozambique","Africa","2012","1137.3"
"1693","Mozambique","Africa","2013","1179.7"
"1694","Mozambique","Africa","2014","1228.7"
"1695","Mozambique","Africa","2015","1272"
"1696","Mozambique","Africa","2016","1279.9"
"1697","Mozambique","Africa","2017","1287.2"
"1698","Mozambique","Africa","2018","1292.9"
"1699","Mozambique","Africa","2019","1285.2"
"1700","Mozambique","Africa","2020","1233"
"1701","Mozambique","Africa","2021","1226.8"
"1702","Mozambique","Africa","2022",""
"1703","Namibia","Africa","2000","6713"
"1704","Namibia","Africa","2001","6655.8"
"1705","Namibia","Africa","2002","6855.8"
"1706","Namibia","Africa","2003","7046.1"
"1707","Namibia","Africa","2004","7812.9"
"1708","Namibia","Africa","2005","7914.7"
"1709","Namibia","Africa","2006","8373.5"
"1710","Namibia","Africa","2007","8714.1"
"1711","Namibia","Africa","2008","8826.3"
"1712","Namibia","Africa","2009","8726.7"
"1713","Namibia","Africa","2010","9115.5"
"1714","Namibia","Africa","2011","9431"
"1715","Namibia","Africa","2012","9747.8"
"1716","Namibia","Africa","2013","10122.2"
"1717","Namibia","Africa","2014","10554.6"
"1718","Namibia","Africa","2015","10813.2"
"1719","Namibia","Africa","2016","10627.6"
"1720","Namibia","Africa","2017","10335.3"
"1721","Namibia","Africa","2018","10266.2"
"1722","Namibia","Africa","2019","10009.6"
"1723","Namibia","Africa","2020","9048.2"
"1724","Namibia","Africa","2021","9137.8"
"1725","Namibia","Africa","2022",""
"1726","Niger","Africa","2000","909.3"
"1727","Niger","Africa","2001","942.3"
"1728","Niger","Africa","2002","954.9"
"1729","Niger","Africa","2003","942"
"1730","Niger","Africa","2004","912.5"
"1731","Niger","Africa","2005","944.8"
"1732","Niger","Africa","2006","965.4"
"1733","Niger","Africa","2007","960.1"
"1734","Niger","Africa","2008","997"
"1735","Niger","Africa","2009","979.7"
"1736","Niger","Africa","2010","1024.7"
"1737","Niger","Africa","2011","1010.3"
"1738","Niger","Africa","2012","1075.1"
"1739","Niger","Africa","2013","1089.9"
"1740","Niger","Africa","2014","1119.1"
"1741","Niger","Africa","2015","1124.4"
"1742","Niger","Africa","2016","1143.9"
"1743","Niger","Africa","2017","1156"
"1744","Niger","Africa","2018","1193.3"
"1745","Niger","Africa","2019","1217.4"
"1746","Niger","Africa","2020","1214.5"
"1747","Niger","Africa","2021","1186.6"
"1748","Niger","Africa","2022",""
"1749","Nigeria","Africa","2000","2963.3"
"1750","Nigeria","Africa","2001","3056.5"
"1751","Nigeria","Africa","2002","3431.7"
"1752","Nigeria","Africa","2003","3586"
"1753","Nigeria","Africa","2004","3813.5"
"1754","Nigeria","Africa","2005","3951.2"
"1755","Nigeria","Africa","2006","4079.1"
"1756","Nigeria","Africa","2007","4231.8"
"1757","Nigeria","Africa","2008","4396.8"
"1758","Nigeria","Africa","2009","4622.4"
"1759","Nigeria","Africa","2010","4857.3"
"1760","Nigeria","Africa","2011","4975.6"
"1761","Nigeria","Africa","2012","5045.5"
"1762","Nigeria","Africa","2013","5238.8"
"1763","Nigeria","Africa","2014","5424.9"
"1764","Nigeria","Africa","2015","5429.1"
"1765","Nigeria","Africa","2016","5209.1"
"1766","Nigeria","Africa","2017","5120"
"1767","Nigeria","Africa","2018","5089.8"
"1768","Nigeria","Africa","2019","5076.4"
"1769","Nigeria","Africa","2020","4865.1"
"1770","Nigeria","Africa","2021","4922.6"
"1771","Nigeria","Africa","2022",""
"1772","Rwanda","Africa","2000","848.8"
"1773","Rwanda","Africa","2001","908"
"1774","Rwanda","Africa","2002","1009.6"
"1775","Rwanda","Africa","2003","1008.2"
"1776","Rwanda","Africa","2004","1055.8"
"1777","Rwanda","Africa","2005","1124.8"
"1778","Rwanda","Africa","2006","1196.2"
"1779","Rwanda","Africa","2007","1253.3"
"1780","Rwanda","Africa","2008","1356.4"
"1781","Rwanda","Africa","2009","1403.6"
"1782","Rwanda","Africa","2010","1467.7"
"1783","Rwanda","Africa","2011","1544.4"
"1784","Rwanda","Africa","2012","1637.1"
"1785","Rwanda","Africa","2013","1674.1"
"1786","Rwanda","Africa","2014","1735.5"
"1787","Rwanda","Africa","2015","1844.7"
"1788","Rwanda","Africa","2016","1907.7"
"1789","Rwanda","Africa","2017","1935"
"1790","Rwanda","Africa","2018","2050.4"
"1791","Rwanda","Africa","2019","2191.4"
"1792","Rwanda","Africa","2020","2067.6"
"1793","Rwanda","Africa","2021","2239"
"1794","Rwanda","Africa","2022",""
"1795","Sao Tome and Principe","Africa","2000",""
"1796","Sao Tome and Principe","Africa","2001","2559"
"1797","Sao Tome and Principe","Africa","2002","2581.7"
"1798","Sao Tome and Principe","Africa","2003","2724.5"
"1799","Sao Tome and Principe","Africa","2004","2750.5"
"1800","Sao Tome and Principe","Africa","2005","2860.2"
"1801","Sao Tome and Principe","Africa","2006","3037.8"
"1802","Sao Tome and Principe","Africa","2007","3072"
"1803","Sao Tome and Principe","Africa","2008","3185.4"
"1804","Sao Tome and Principe","Africa","2009","3187.1"
"1805","Sao Tome and Principe","Africa","2010","3324.9"
"1806","Sao Tome and Principe","Africa","2011","3398.3"
"1807","Sao Tome and Principe","Africa","2012","3433.4"
"1808","Sao Tome and Principe","Africa","2013","3527.6"
"1809","Sao Tome and Principe","Africa","2014","3687.4"
"1810","Sao Tome and Principe","Africa","2015","3762.6"
"1811","Sao Tome and Principe","Africa","2016","3852.1"
"1812","Sao Tome and Principe","Africa","2017","3934.9"
"1813","Sao Tome and Principe","Africa","2018","3987.4"
"1814","Sao Tome and Principe","Africa","2019","4013.7"
"1815","Sao Tome and Principe","Africa","2020","4058.7"
"1816","Sao Tome and Principe","Africa","2021","4052.1"
"1817","Sao Tome and Principe","Africa","2022",""
"1818","Senegal","Africa","2000","2620.1"
"1819","Senegal","Africa","2001","2668.8"
"1820","Senegal","Africa","2002","2606.9"
"1821","Senegal","Africa","2003","2685.8"
"1822","Senegal","Africa","2004","2741.1"
"1823","Senegal","Africa","2005","2787.5"
"1824","Senegal","Africa","2006","2779.2"
"1825","Senegal","Africa","2007","2783.5"
"1826","Senegal","Africa","2008","2811.5"
"1827","Senegal","Africa","2009","2812.5"
"1828","Senegal","Africa","2010","2830.2"
"1829","Senegal","Africa","2011","2790.9"
"1830","Senegal","Africa","2012","2824.5"
"1831","Senegal","Africa","2013","2815.3"
"1832","Senegal","Africa","2014","2910.3"
"1833","Senegal","Africa","2015","3012.4"
"1834","Senegal","Africa","2016","3118.4"
"1835","Senegal","Africa","2017","3259.2"
"1836","Senegal","Africa","2018","3368.9"
"1837","Senegal","Africa","2019","3430.5"
"1838","Senegal","Africa","2020","3383.9"
"1839","Senegal","Africa","2021","3495.4"
"1840","Senegal","Africa","2022",""
"1841","Seychelles","Africa","2000","19320.6"
"1842","Seychelles","Africa","2001","18865.3"
"1843","Seychelles","Africa","2002","18519.2"
"1844","Seychelles","Africa","2003","17627.3"
"1845","Seychelles","Africa","2004","17188.3"
"1846","Seychelles","Africa","2005","18649.7"
"1847","Seychelles","Africa","2006","19983.8"
"1848","Seychelles","Africa","2007","21954"
"1849","Seychelles","Africa","2008","21007.6"
"1850","Seychelles","Africa","2009","20694"
"1851","Seychelles","Africa","2010","21322.5"
"1852","Seychelles","Africa","2011","23617"
"1853","Seychelles","Africa","2012","23681.3"
"1854","Seychelles","Africa","2013","24647.1"
"1855","Seychelles","Africa","2014","25359.8"
"1856","Seychelles","Africa","2015","26198.7"
"1857","Seychelles","Africa","2016","27234.4"
"1858","Seychelles","Africa","2017","28116.7"
"1859","Seychelles","Africa","2018","28740.5"
"1860","Seychelles","Africa","2019","29369.5"
"1861","Seychelles","Africa","2020","26879.8"
"1862","Seychelles","Africa","2021","28760.5"
"1863","Seychelles","Africa","2022",""
"1864","Sierra Leone","Africa","2000","1057.9"
"1865","Sierra Leone","Africa","2001","935"
"1866","Sierra Leone","Africa","2002","1117"
"1867","Sierra Leone","Africa","2003","1172.9"
"1868","Sierra Leone","Africa","2004","1209.1"
"1869","Sierra Leone","Africa","2005","1230.2"
"1870","Sierra Leone","Africa","2006","1254.2"
"1871","Sierra Leone","Africa","2007","1325.8"
"1872","Sierra Leone","Africa","2008","1362.5"
"1873","Sierra Leone","Africa","2009","1368"
"1874","Sierra Leone","Africa","2010","1401.6"
"1875","Sierra Leone","Africa","2011","1450.5"
"1876","Sierra Leone","Africa","2012","1627.3"
"1877","Sierra Leone","Africa","2013","1914.7"
"1878","Sierra Leone","Africa","2014","1952.7"
"1879","Sierra Leone","Africa","2015","1513.6"
"1880","Sierra Leone","Africa","2016","1566.8"
"1881","Sierra Leone","Africa","2017","1593.5"
"1882","Sierra Leone","Africa","2018","1610.2"
"1883","Sierra Leone","Africa","2019","1655.7"
"1884","Sierra Leone","Africa","2020","1586.2"
"1885","Sierra Leone","Africa","2021","1614.7"
"1886","Sierra Leone","Africa","2022",""
"1887","Somalia","Africa","2000",""
"1888","Somalia","Africa","2001",""
"1889","Somalia","Africa","2002",""
"1890","Somalia","Africa","2003",""
"1891","Somalia","Africa","2004",""
"1892","Somalia","Africa","2005",""
"1893","Somalia","Africa","2006",""
"1894","Somalia","Africa","2007",""
"1895","Somalia","Africa","2008",""
"1896","Somalia","Africa","2009",""
"1897","Somalia","Africa","2010",""
"1898","Somalia","Africa","2011",""
"1899","Somalia","Africa","2012",""
"1900","Somalia","Africa","2013","889.2"
"1901","Somalia","Africa","2014","925.6"
"1902","Somalia","Africa","2015","1029.7"
"1903","Somalia","Africa","2016","1076.2"
"1904","Somalia","Africa","2017","1059.1"
"1905","Somalia","Africa","2018","1098.5"
"1906","Somalia","Africa","2019","1138.3"
"1907","Somalia","Africa","2020","1127.4"
"1908","Somalia","Africa","2021","1136.7"
"1909","Somalia","Africa","2022",""
"1910","South Africa","Africa","2000","10598.9"
"1911","South Africa","Africa","2001","10789.1"
"1912","South Africa","Africa","2002","11086.9"
"1913","South Africa","Africa","2003","11308.9"
"1914","South Africa","Africa","2004","11713.9"
"1915","South Africa","Africa","2005","12216"
"1916","South Africa","Africa","2006","12776.9"
"1917","South Africa","Africa","2007","13326"
"1918","South Africa","Africa","2008","13596.3"
"1919","South Africa","Africa","2009","13228.9"
"1920","South Africa","Africa","2010","13469.4"
"1921","South Africa","Africa","2011","13721.7"
"1922","South Africa","Africa","2012","13865"
"1923","South Africa","Africa","2013","14017.4"
"1924","South Africa","Africa","2014","13993.3"
"1925","South Africa","Africa","2015","13887.2"
"1926","South Africa","Africa","2016","13844.3"
"1927","South Africa","Africa","2017","13950.5"
"1928","South Africa","Africa","2018","13990.3"
"1929","South Africa","Africa","2019","13852.2"
"1930","South Africa","Africa","2020","12815.9"
"1931","South Africa","Africa","2021","13311.9"
"1932","South Africa","Africa","2022",""
"1933","Sudan","Africa","2000","4040.6"
"1934","Sudan","Africa","2001","4183.4"
"1935","Sudan","Africa","2002","4316.3"
"1936","Sudan","Africa","2003","4467.1"
"1937","Sudan","Africa","2004","4571.1"
"1938","Sudan","Africa","2005","4692.2"
"1939","Sudan","Africa","2006","4847.6"
"1940","Sudan","Africa","2007","4964.3"
"1941","Sudan","Africa","2008","4993.9"
"1942","Sudan","Africa","2009","4707.3"
"1943","Sudan","Africa","2010","4745.3"
"1944","Sudan","Africa","2011","5047.3"
"1945","Sudan","Africa","2012","4711.1"
"1946","Sudan","Africa","2013","4692.3"
"1947","Sudan","Africa","2014","4776.6"
"1948","Sudan","Africa","2015","4718.9"
"1949","Sudan","Africa","2016","4733"
"1950","Sudan","Africa","2017","4614"
"1951","Sudan","Africa","2018","4349.2"
"1952","Sudan","Africa","2019","4133.1"
"1953","Sudan","Africa","2020","3874.8"
"1954","Sudan","Africa","2021","3701.1"
"1955","Sudan","Africa","2022",""
"1956","Togo","Africa","2000","1672"
"1957","Togo","Africa","2001","1640.8"
"1958","Togo","Africa","2002","1659.7"
"1959","Togo","Africa","2003","1725.7"
"1960","Togo","Africa","2004","1664.5"
"1961","Togo","Africa","2005","1546.1"
"1962","Togo","Africa","2006","1543.2"
"1963","Togo","Africa","2007","1481.3"
"1964","Togo","Africa","2008","1498.2"
"1965","Togo","Africa","2009","1537.6"
"1966","Togo","Africa","2010","1588.4"
"1967","Togo","Africa","2011","1645.7"
"1968","Togo","Africa","2012","1708.4"
"1969","Togo","Africa","2013","1767"
"1970","Togo","Africa","2014","1824.8"
"1971","Togo","Africa","2015","1881.9"
"1972","Togo","Africa","2016","1937.7"
"1973","Togo","Africa","2017","1972.7"
"1974","Togo","Africa","2018","2021"
"1975","Togo","Africa","2019","2080.5"
"1976","Togo","Africa","2020","2067"
"1977","Togo","Africa","2021","2124.8"
"1978","Togo","Africa","2022",""
"1979","Tunisia","Africa","2000","7673.2"
"1980","Tunisia","Africa","2001","7883.4"
"1981","Tunisia","Africa","2002","7908.9"
"1982","Tunisia","Africa","2003","8200.2"
"1983","Tunisia","Africa","2004","8628.3"
"1984","Tunisia","Africa","2005","8846.5"
"1985","Tunisia","Africa","2006","9225.8"
"1986","Tunisia","Africa","2007","9754.8"
"1987","Tunisia","Africa","2008","10073"
"1988","Tunisia","Africa","2009","10279.3"
"1989","Tunisia","Africa","2010","10477.3"
"1990","Tunisia","Africa","2011","10135"
"1991","Tunisia","Africa","2012","10428.3"
"1992","Tunisia","Africa","2013","10562.7"
"1993","Tunisia","Africa","2014","10766.5"
"1994","Tunisia","Africa","2015","10749.5"
"1995","Tunisia","Africa","2016","10750.7"
"1996","Tunisia","Africa","2017","10874.9"
"1997","Tunisia","Africa","2018","11043"
"1998","Tunisia","Africa","2019","11100.8"
"1999","Tunisia","Africa","2020","10050"
"2000","Tunisia","Africa","2021","10397.9"
"2001","Tunisia","Africa","2022",""
"2002","Uganda","Africa","2000","1241.5"
"2003","Uganda","Africa","2001","1266.7"
"2004","Uganda","Africa","2002","1335.2"
"2005","Uganda","Africa","2003","1378"
"2006","Uganda","Africa","2004","1428.8"
"2007","Uganda","Africa","2005","1475.8"
"2008","Uganda","Africa","2006","1588"
"2009","Uganda","Africa","2007","1671.8"
"2010","Uganda","Africa","2008","1765"
"2011","Uganda","Africa","2009","1830.9"
"2012","Uganda","Africa","2010","1878.5"
"2013","Uganda","Africa","2011","1996.1"
"2014","Uganda","Africa","2012","2013.5"
"2015","Uganda","Africa","2013","2026.6"
"2016","Uganda","Africa","2014","2067.8"
"2017","Uganda","Africa","2015","2108.9"
"2018","Uganda","Africa","2016","2137.2"
"2019","Uganda","Africa","2017","2128.4"
"2020","Uganda","Africa","2018","2186.9"
"2021","Uganda","Africa","2019","2250"
"2022","Uganda","Africa","2020","2240.5"
"2023","Uganda","Africa","2021","2246.4"
"2024","Uganda","Africa","2022",""
"2025","United Republic of Tanzania","Africa","2000","1370"
"2026","United Republic of Tanzania","Africa","2001","1414.3"
"2027","United Republic of Tanzania","Africa","2002","1475.6"
"2028","United Republic of Tanzania","Africa","2003","1532.8"
"2029","United Republic of Tanzania","Africa","2004","1603.7"
"2030","United Republic of Tanzania","Africa","2005","1676.6"
"2031","United Republic of Tanzania","Africa","2006","1736.8"
"2032","United Republic of Tanzania","Africa","2007","1803.1"
"2033","United Republic of Tanzania","Africa","2008","1854.4"
"2034","United Republic of Tanzania","Africa","2009","1904"
"2035","United Republic of Tanzania","Africa","2010","1973"
"2036","United Republic of Tanzania","Africa","2011","2064.7"
"2037","United Republic of Tanzania","Africa","2012","2095.9"
"2038","United Republic of Tanzania","Africa","2013","2171.4"
"2039","United Republic of Tanzania","Africa","2014","2246.6"
"2040","United Republic of Tanzania","Africa","2015","2306.6"
"2041","United Republic of Tanzania","Africa","2016","2380.9"
"2042","United Republic of Tanzania","Africa","2017","2458.3"
"2043","United Republic of Tanzania","Africa","2018","2511"
"2044","United Republic of Tanzania","Africa","2019","2577.7"
"2045","United Republic of Tanzania","Africa","2020","2551.2"
"2046","United Republic of Tanzania","Africa","2021","2581.7"
"2047","United Republic of Tanzania","Africa","2022",""
"2048","Zambia","Africa","2000","2096.5"
"2049","Zambia","Africa","2001","2142.8"
"2050","Zambia","Africa","2002","2171.9"
"2051","Zambia","Africa","2003","2252.1"
"2052","Zambia","Africa","2004","2335.1"
"2053","Zambia","Africa","2005","2422.4"
"2054","Zambia","Africa","2006","2525.1"
"2055","Zambia","Africa","2007","2641"
"2056","Zambia","Africa","2008","2746.5"
"2057","Zambia","Africa","2009","2895"
"2058","Zambia","Africa","2010","3083.4"
"2059","Zambia","Africa","2011","3146.8"
"2060","Zambia","Africa","2012","3276"
"2061","Zambia","Africa","2013","3330.9"
"2062","Zambia","Africa","2014","3375.9"
"2063","Zambia","Africa","2015","3365.4"
"2064","Zambia","Africa","2016","3384.3"
"2065","Zambia","Africa","2017","3395.5"
"2066","Zambia","Africa","2018","3425.9"
"2067","Zambia","Africa","2019","3372.4"
"2068","Zambia","Africa","2020","3183.7"
"2069","Zambia","Africa","2021","3236.8"
"2070","Zambia","Africa","2022",""
"2071","Zimbabwe","Africa","2000","2750.6"
"2072","Zimbabwe","Africa","2001","2772.3"
"2073","Zimbabwe","Africa","2002","2510.2"
"2074","Zimbabwe","Africa","2003","2067.9"
"2075","Zimbabwe","Africa","2004","1934.2"
"2076","Zimbabwe","Africa","2005","1814.2"
"2077","Zimbabwe","Africa","2006","1736.4"
"2078","Zimbabwe","Africa","2007","1656.8"
"2079","Zimbabwe","Africa","2008","1353.2"
"2080","Zimbabwe","Africa","2009","1500.4"
"2081","Zimbabwe","Africa","2010","1799.5"
"2082","Zimbabwe","Africa","2011","2033.2"
"2083","Zimbabwe","Africa","2012","2310.8"
"2084","Zimbabwe","Africa","2013","2333.6"
"2085","Zimbabwe","Africa","2014","2317"
"2086","Zimbabwe","Africa","2015","2313.9"
"2087","Zimbabwe","Africa","2016","2286.6"
"2088","Zimbabwe","Africa","2017","2331.8"
"2089","Zimbabwe","Africa","2018","2399.6"
"2090","Zimbabwe","Africa","2019","2203.4"
"2091","Zimbabwe","Africa","2020","1990.3"
"2092","Zimbabwe","Africa","2021","2115.1"
"2093","Zimbabwe","Africa","2022",""
