"","Area","Region","Year","Percent"
"1","Albania","Europe","2000","13.2"
"2","Albania","Europe","2001","13.6"
"3","Albania","Europe","2002","14"
"4","Albania","Europe","2003","14.5"
"5","Albania","Europe","2004","14.9"
"6","Albania","Europe","2005","15.4"
"7","Albania","Europe","2006","16"
"8","Albania","Europe","2007","16.5"
"9","Albania","Europe","2008","17"
"10","Albania","Europe","2009","17.6"
"11","Albania","Europe","2010","18.2"
"12","Albania","Europe","2011","18.8"
"13","Albania","Europe","2012","19.3"
"14","Albania","Europe","2013","19.9"
"15","Albania","Europe","2014","20.5"
"16","Albania","Europe","2015","21.1"
"17","Albania","Europe","2016","21.7"
"18","Albania","Europe","2017",""
"19","Albania","Europe","2018",""
"20","Albania","Europe","2019",""
"21","Albania","Europe","2020",""
"22","Albania","Europe","2021",""
"23","Albania","Europe","2022",""
"24","Andorra","Europe","2000","22.2"
"25","Andorra","Europe","2001","22.5"
"26","Andorra","Europe","2002","22.7"
"27","Andorra","Europe","2003","22.9"
"28","Andorra","Europe","2004","23.2"
"29","Andorra","Europe","2005","23.4"
"30","Andorra","Europe","2006","23.6"
"31","Andorra","Europe","2007","23.8"
"32","Andorra","Europe","2008","24"
"33","Andorra","Europe","2009","24.2"
"34","Andorra","Europe","2010","24.4"
"35","Andorra","Europe","2011","24.6"
"36","Andorra","Europe","2012","24.8"
"37","Andorra","Europe","2013","25"
"38","Andorra","Europe","2014","25.2"
"39","Andorra","Europe","2015","25.4"
"40","Andorra","Europe","2016","25.6"
"41","Andorra","Europe","2017",""
"42","Andorra","Europe","2018",""
"43","Andorra","Europe","2019",""
"44","Andorra","Europe","2020",""
"45","Andorra","Europe","2021",""
"46","Andorra","Europe","2022",""
"47","Austria","Europe","2000","14"
"48","Austria","Europe","2001","14.3"
"49","Austria","Europe","2002","14.7"
"50","Austria","Europe","2003","15"
"51","Austria","Europe","2004","15.4"
"52","Austria","Europe","2005","15.8"
"53","Austria","Europe","2006","16.1"
"54","Austria","Europe","2007","16.5"
"55","Austria","Europe","2008","16.9"
"56","Austria","Europe","2009","17.3"
"57","Austria","Europe","2010","17.6"
"58","Austria","Europe","2011","18"
"59","Austria","Europe","2012","18.4"
"60","Austria","Europe","2013","18.8"
"61","Austria","Europe","2014","19.2"
"62","Austria","Europe","2015","19.7"
"63","Austria","Europe","2016","20.1"
"64","Austria","Europe","2017",""
"65","Austria","Europe","2018",""
"66","Austria","Europe","2019",""
"67","Austria","Europe","2020",""
"68","Austria","Europe","2021",""
"69","Austria","Europe","2022",""
"70","Belarus","Europe","2000","18.8"
"71","Belarus","Europe","2001","19.1"
"72","Belarus","Europe","2002","19.5"
"73","Belarus","Europe","2003","19.8"
"74","Belarus","Europe","2004","20.2"
"75","Belarus","Europe","2005","20.5"
"76","Belarus","Europe","2006","20.9"
"77","Belarus","Europe","2007","21.2"
"78","Belarus","Europe","2008","21.6"
"79","Belarus","Europe","2009","21.9"
"80","Belarus","Europe","2010","22.3"
"81","Belarus","Europe","2011","22.7"
"82","Belarus","Europe","2012","23"
"83","Belarus","Europe","2013","23.4"
"84","Belarus","Europe","2014","23.7"
"85","Belarus","Europe","2015","24.1"
"86","Belarus","Europe","2016","24.5"
"87","Belarus","Europe","2017",""
"88","Belarus","Europe","2018",""
"89","Belarus","Europe","2019",""
"90","Belarus","Europe","2020",""
"91","Belarus","Europe","2021",""
"92","Belarus","Europe","2022",""
"93","Belgium","Europe","2000","17"
"94","Belgium","Europe","2001","17.3"
"95","Belgium","Europe","2002","17.6"
"96","Belgium","Europe","2003","17.9"
"97","Belgium","Europe","2004","18.2"
"98","Belgium","Europe","2005","18.5"
"99","Belgium","Europe","2006","18.9"
"100","Belgium","Europe","2007","19.2"
"101","Belgium","Europe","2008","19.5"
"102","Belgium","Europe","2009","19.8"
"103","Belgium","Europe","2010","20.1"
"104","Belgium","Europe","2011","20.4"
"105","Belgium","Europe","2012","20.7"
"106","Belgium","Europe","2013","21"
"107","Belgium","Europe","2014","21.4"
"108","Belgium","Europe","2015","21.7"
"109","Belgium","Europe","2016","22.1"
"110","Belgium","Europe","2017",""
"111","Belgium","Europe","2018",""
"112","Belgium","Europe","2019",""
"113","Belgium","Europe","2020",""
"114","Belgium","Europe","2021",""
"115","Belgium","Europe","2022",""
"116","Bosnia and Herzegovina","Europe","2000","12.6"
"117","Bosnia and Herzegovina","Europe","2001","12.8"
"118","Bosnia and Herzegovina","Europe","2002","13.1"
"119","Bosnia and Herzegovina","Europe","2003","13.4"
"120","Bosnia and Herzegovina","Europe","2004","13.7"
"121","Bosnia and Herzegovina","Europe","2005","14"
"122","Bosnia and Herzegovina","Europe","2006","14.3"
"123","Bosnia and Herzegovina","Europe","2007","14.6"
"124","Bosnia and Herzegovina","Europe","2008","14.9"
"125","Bosnia and Herzegovina","Europe","2009","15.3"
"126","Bosnia and Herzegovina","Europe","2010","15.6"
"127","Bosnia and Herzegovina","Europe","2011","16"
"128","Bosnia and Herzegovina","Europe","2012","16.3"
"129","Bosnia and Herzegovina","Europe","2013","16.7"
"130","Bosnia and Herzegovina","Europe","2014","17.1"
"131","Bosnia and Herzegovina","Europe","2015","17.5"
"132","Bosnia and Herzegovina","Europe","2016","17.9"
"133","Bosnia and Herzegovina","Europe","2017",""
"134","Bosnia and Herzegovina","Europe","2018",""
"135","Bosnia and Herzegovina","Europe","2019",""
"136","Bosnia and Herzegovina","Europe","2020",""
"137","Bosnia and Herzegovina","Europe","2021",""
"138","Bosnia and Herzegovina","Europe","2022",""
"139","Bulgaria","Europe","2000","18.6"
"140","Bulgaria","Europe","2001","18.9"
"141","Bulgaria","Europe","2002","19.3"
"142","Bulgaria","Europe","2003","19.6"
"143","Bulgaria","Europe","2004","20"
"144","Bulgaria","Europe","2005","20.4"
"145","Bulgaria","Europe","2006","20.8"
"146","Bulgaria","Europe","2007","21.2"
"147","Bulgaria","Europe","2008","21.6"
"148","Bulgaria","Europe","2009","22"
"149","Bulgaria","Europe","2010","22.4"
"150","Bulgaria","Europe","2011","22.8"
"151","Bulgaria","Europe","2012","23.2"
"152","Bulgaria","Europe","2013","23.7"
"153","Bulgaria","Europe","2014","24.1"
"154","Bulgaria","Europe","2015","24.5"
"155","Bulgaria","Europe","2016","25"
"156","Bulgaria","Europe","2017",""
"157","Bulgaria","Europe","2018",""
"158","Bulgaria","Europe","2019",""
"159","Bulgaria","Europe","2020",""
"160","Bulgaria","Europe","2021",""
"161","Bulgaria","Europe","2022",""
"162","Croatia","Europe","2000","17.5"
"163","Croatia","Europe","2001","17.9"
"164","Croatia","Europe","2002","18.3"
"165","Croatia","Europe","2003","18.6"
"166","Croatia","Europe","2004","19"
"167","Croatia","Europe","2005","19.4"
"168","Croatia","Europe","2006","19.8"
"169","Croatia","Europe","2007","20.2"
"170","Croatia","Europe","2008","20.7"
"171","Croatia","Europe","2009","21.1"
"172","Croatia","Europe","2010","21.6"
"173","Croatia","Europe","2011","22"
"174","Croatia","Europe","2012","22.5"
"175","Croatia","Europe","2013","22.9"
"176","Croatia","Europe","2014","23.4"
"177","Croatia","Europe","2015","23.9"
"178","Croatia","Europe","2016","24.4"
"179","Croatia","Europe","2017",""
"180","Croatia","Europe","2018",""
"181","Croatia","Europe","2019",""
"182","Croatia","Europe","2020",""
"183","Croatia","Europe","2021",""
"184","Croatia","Europe","2022",""
"185","Czechia","Europe","2000","21"
"186","Czechia","Europe","2001","21.2"
"187","Czechia","Europe","2002","21.5"
"188","Czechia","Europe","2003","21.7"
"189","Czechia","Europe","2004","22"
"190","Czechia","Europe","2005","22.3"
"191","Czechia","Europe","2006","22.6"
"192","Czechia","Europe","2007","22.9"
"193","Czechia","Europe","2008","23.2"
"194","Czechia","Europe","2009","23.6"
"195","Czechia","Europe","2010","23.9"
"196","Czechia","Europe","2011","24.2"
"197","Czechia","Europe","2012","24.5"
"198","Czechia","Europe","2013","24.9"
"199","Czechia","Europe","2014","25.2"
"200","Czechia","Europe","2015","25.6"
"201","Czechia","Europe","2016","26"
"202","Czechia","Europe","2017",""
"203","Czechia","Europe","2018",""
"204","Czechia","Europe","2019",""
"205","Czechia","Europe","2020",""
"206","Czechia","Europe","2021",""
"207","Czechia","Europe","2022",""
"208","Denmark","Europe","2000","14"
"209","Denmark","Europe","2001","14.4"
"210","Denmark","Europe","2002","14.7"
"211","Denmark","Europe","2003","15"
"212","Denmark","Europe","2004","15.3"
"213","Denmark","Europe","2005","15.7"
"214","Denmark","Europe","2006","16"
"215","Denmark","Europe","2007","16.4"
"216","Denmark","Europe","2008","16.7"
"217","Denmark","Europe","2009","17.1"
"218","Denmark","Europe","2010","17.4"
"219","Denmark","Europe","2011","17.8"
"220","Denmark","Europe","2012","18.1"
"221","Denmark","Europe","2013","18.5"
"222","Denmark","Europe","2014","18.9"
"223","Denmark","Europe","2015","19.3"
"224","Denmark","Europe","2016","19.7"
"225","Denmark","Europe","2017",""
"226","Denmark","Europe","2018",""
"227","Denmark","Europe","2019",""
"228","Denmark","Europe","2020",""
"229","Denmark","Europe","2021",""
"230","Denmark","Europe","2022",""
"231","Estonia","Europe","2000","17.4"
"232","Estonia","Europe","2001","17.6"
"233","Estonia","Europe","2002","17.8"
"234","Estonia","Europe","2003","18"
"235","Estonia","Europe","2004","18.2"
"236","Estonia","Europe","2005","18.4"
"237","Estonia","Europe","2006","18.6"
"238","Estonia","Europe","2007","18.9"
"239","Estonia","Europe","2008","19.1"
"240","Estonia","Europe","2009","19.4"
"241","Estonia","Europe","2010","19.6"
"242","Estonia","Europe","2011","19.9"
"243","Estonia","Europe","2012","20.1"
"244","Estonia","Europe","2013","20.4"
"245","Estonia","Europe","2014","20.7"
"246","Estonia","Europe","2015","20.9"
"247","Estonia","Europe","2016","21.2"
"248","Estonia","Europe","2017",""
"249","Estonia","Europe","2018",""
"250","Estonia","Europe","2019",""
"251","Estonia","Europe","2020",""
"252","Estonia","Europe","2021",""
"253","Estonia","Europe","2022",""
"254","Finland","Europe","2000","16.4"
"255","Finland","Europe","2001","16.7"
"256","Finland","Europe","2002","17.1"
"257","Finland","Europe","2003","17.5"
"258","Finland","Europe","2004","17.8"
"259","Finland","Europe","2005","18.2"
"260","Finland","Europe","2006","18.5"
"261","Finland","Europe","2007","18.9"
"262","Finland","Europe","2008","19.3"
"263","Finland","Europe","2009","19.6"
"264","Finland","Europe","2010","20"
"265","Finland","Europe","2011","20.3"
"266","Finland","Europe","2012","20.7"
"267","Finland","Europe","2013","21.1"
"268","Finland","Europe","2014","21.4"
"269","Finland","Europe","2015","21.8"
"270","Finland","Europe","2016","22.2"
"271","Finland","Europe","2017",""
"272","Finland","Europe","2018",""
"273","Finland","Europe","2019",""
"274","Finland","Europe","2020",""
"275","Finland","Europe","2021",""
"276","Finland","Europe","2022",""
"277","France","Europe","2000","15.8"
"278","France","Europe","2001","16.2"
"279","France","Europe","2002","16.5"
"280","France","Europe","2003","16.9"
"281","France","Europe","2004","17.2"
"282","France","Europe","2005","17.6"
"283","France","Europe","2006","17.9"
"284","France","Europe","2007","18.3"
"285","France","Europe","2008","18.6"
"286","France","Europe","2009","19"
"287","France","Europe","2010","19.3"
"288","France","Europe","2011","19.7"
"289","France","Europe","2012","20.1"
"290","France","Europe","2013","20.4"
"291","France","Europe","2014","20.8"
"292","France","Europe","2015","21.2"
"293","France","Europe","2016","21.6"
"294","France","Europe","2017",""
"295","France","Europe","2018",""
"296","France","Europe","2019",""
"297","France","Europe","2020",""
"298","France","Europe","2021",""
"299","France","Europe","2022",""
"300","Germany","Europe","2000","16.3"
"301","Germany","Europe","2001","16.6"
"302","Germany","Europe","2002","17"
"303","Germany","Europe","2003","17.3"
"304","Germany","Europe","2004","17.7"
"305","Germany","Europe","2005","18"
"306","Germany","Europe","2006","18.4"
"307","Germany","Europe","2007","18.8"
"308","Germany","Europe","2008","19.2"
"309","Germany","Europe","2009","19.5"
"310","Germany","Europe","2010","19.9"
"311","Germany","Europe","2011","20.3"
"312","Germany","Europe","2012","20.7"
"313","Germany","Europe","2013","21.1"
"314","Germany","Europe","2014","21.5"
"315","Germany","Europe","2015","21.9"
"316","Germany","Europe","2016","22.3"
"317","Germany","Europe","2017",""
"318","Germany","Europe","2018",""
"319","Germany","Europe","2019",""
"320","Germany","Europe","2020",""
"321","Germany","Europe","2021",""
"322","Germany","Europe","2022",""
"323","Greece","Europe","2000","18.5"
"324","Greece","Europe","2001","18.9"
"325","Greece","Europe","2002","19.3"
"326","Greece","Europe","2003","19.6"
"327","Greece","Europe","2004","20"
"328","Greece","Europe","2005","20.4"
"329","Greece","Europe","2006","20.8"
"330","Greece","Europe","2007","21.2"
"331","Greece","Europe","2008","21.6"
"332","Greece","Europe","2009","22"
"333","Greece","Europe","2010","22.4"
"334","Greece","Europe","2011","22.8"
"335","Greece","Europe","2012","23.2"
"336","Greece","Europe","2013","23.6"
"337","Greece","Europe","2014","24"
"338","Greece","Europe","2015","24.4"
"339","Greece","Europe","2016","24.9"
"340","Greece","Europe","2017",""
"341","Greece","Europe","2018",""
"342","Greece","Europe","2019",""
"343","Greece","Europe","2020",""
"344","Greece","Europe","2021",""
"345","Greece","Europe","2022",""
"346","Hungary","Europe","2000","19.6"
"347","Hungary","Europe","2001","19.9"
"348","Hungary","Europe","2002","20.2"
"349","Hungary","Europe","2003","20.5"
"350","Hungary","Europe","2004","20.9"
"351","Hungary","Europe","2005","21.3"
"352","Hungary","Europe","2006","21.7"
"353","Hungary","Europe","2007","22.2"
"354","Hungary","Europe","2008","22.6"
"355","Hungary","Europe","2009","23.1"
"356","Hungary","Europe","2010","23.5"
"357","Hungary","Europe","2011","24"
"358","Hungary","Europe","2012","24.5"
"359","Hungary","Europe","2013","25"
"360","Hungary","Europe","2014","25.4"
"361","Hungary","Europe","2015","25.9"
"362","Hungary","Europe","2016","26.4"
"363","Hungary","Europe","2017",""
"364","Hungary","Europe","2018",""
"365","Hungary","Europe","2019",""
"366","Hungary","Europe","2020",""
"367","Hungary","Europe","2021",""
"368","Hungary","Europe","2022",""
"369","Iceland","Europe","2000","16"
"370","Iceland","Europe","2001","16.4"
"371","Iceland","Europe","2002","16.8"
"372","Iceland","Europe","2003","17.1"
"373","Iceland","Europe","2004","17.5"
"374","Iceland","Europe","2005","17.8"
"375","Iceland","Europe","2006","18.2"
"376","Iceland","Europe","2007","18.5"
"377","Iceland","Europe","2008","18.9"
"378","Iceland","Europe","2009","19.2"
"379","Iceland","Europe","2010","19.6"
"380","Iceland","Europe","2011","20"
"381","Iceland","Europe","2012","20.3"
"382","Iceland","Europe","2013","20.7"
"383","Iceland","Europe","2014","21.1"
"384","Iceland","Europe","2015","21.5"
"385","Iceland","Europe","2016","21.9"
"386","Iceland","Europe","2017",""
"387","Iceland","Europe","2018",""
"388","Iceland","Europe","2019",""
"389","Iceland","Europe","2020",""
"390","Iceland","Europe","2021",""
"391","Iceland","Europe","2022",""
"392","Ireland","Europe","2000","16"
"393","Ireland","Europe","2001","16.5"
"394","Ireland","Europe","2002","17"
"395","Ireland","Europe","2003","17.6"
"396","Ireland","Europe","2004","18.1"
"397","Ireland","Europe","2005","18.7"
"398","Ireland","Europe","2006","19.3"
"399","Ireland","Europe","2007","19.8"
"400","Ireland","Europe","2008","20.4"
"401","Ireland","Europe","2009","21"
"402","Ireland","Europe","2010","21.6"
"403","Ireland","Europe","2011","22.2"
"404","Ireland","Europe","2012","22.8"
"405","Ireland","Europe","2013","23.4"
"406","Ireland","Europe","2014","24"
"407","Ireland","Europe","2015","24.7"
"408","Ireland","Europe","2016","25.3"
"409","Ireland","Europe","2017",""
"410","Ireland","Europe","2018",""
"411","Ireland","Europe","2019",""
"412","Ireland","Europe","2020",""
"413","Ireland","Europe","2021",""
"414","Ireland","Europe","2022",""
"415","Italy","Europe","2000","15"
"416","Italy","Europe","2001","15.3"
"417","Italy","Europe","2002","15.6"
"418","Italy","Europe","2003","15.9"
"419","Italy","Europe","2004","16.2"
"420","Italy","Europe","2005","16.5"
"421","Italy","Europe","2006","16.9"
"422","Italy","Europe","2007","17.2"
"423","Italy","Europe","2008","17.5"
"424","Italy","Europe","2009","17.8"
"425","Italy","Europe","2010","18.1"
"426","Italy","Europe","2011","18.3"
"427","Italy","Europe","2012","18.7"
"428","Italy","Europe","2013","19"
"429","Italy","Europe","2014","19.3"
"430","Italy","Europe","2015","19.6"
"431","Italy","Europe","2016","19.9"
"432","Italy","Europe","2017",""
"433","Italy","Europe","2018",""
"434","Italy","Europe","2019",""
"435","Italy","Europe","2020",""
"436","Italy","Europe","2021",""
"437","Italy","Europe","2022",""
"438","Latvia","Europe","2000","19.3"
"439","Latvia","Europe","2001","19.5"
"440","Latvia","Europe","2002","19.7"
"441","Latvia","Europe","2003","20"
"442","Latvia","Europe","2004","20.2"
"443","Latvia","Europe","2005","20.5"
"444","Latvia","Europe","2006","20.7"
"445","Latvia","Europe","2007","21"
"446","Latvia","Europe","2008","21.3"
"447","Latvia","Europe","2009","21.5"
"448","Latvia","Europe","2010","21.8"
"449","Latvia","Europe","2011","22.1"
"450","Latvia","Europe","2012","22.4"
"451","Latvia","Europe","2013","22.7"
"452","Latvia","Europe","2014","23"
"453","Latvia","Europe","2015","23.3"
"454","Latvia","Europe","2016","23.6"
"455","Latvia","Europe","2017",""
"456","Latvia","Europe","2018",""
"457","Latvia","Europe","2019",""
"458","Latvia","Europe","2020",""
"459","Latvia","Europe","2021",""
"460","Latvia","Europe","2022",""
"461","Lithuania","Europe","2000","21.6"
"462","Lithuania","Europe","2001","21.9"
"463","Lithuania","Europe","2002","22.1"
"464","Lithuania","Europe","2003","22.4"
"465","Lithuania","Europe","2004","22.6"
"466","Lithuania","Europe","2005","22.9"
"467","Lithuania","Europe","2006","23.2"
"468","Lithuania","Europe","2007","23.5"
"469","Lithuania","Europe","2008","23.8"
"470","Lithuania","Europe","2009","24.1"
"471","Lithuania","Europe","2010","24.4"
"472","Lithuania","Europe","2011","24.7"
"473","Lithuania","Europe","2012","25"
"474","Lithuania","Europe","2013","25.3"
"475","Lithuania","Europe","2014","25.6"
"476","Lithuania","Europe","2015","26"
"477","Lithuania","Europe","2016","26.3"
"478","Lithuania","Europe","2017",""
"479","Lithuania","Europe","2018",""
"480","Lithuania","Europe","2019",""
"481","Lithuania","Europe","2020",""
"482","Lithuania","Europe","2021",""
"483","Lithuania","Europe","2022",""
"484","Luxembourg","Europe","2000","15.8"
"485","Luxembourg","Europe","2001","16.2"
"486","Luxembourg","Europe","2002","16.6"
"487","Luxembourg","Europe","2003","17.1"
"488","Luxembourg","Europe","2004","17.5"
"489","Luxembourg","Europe","2005","17.9"
"490","Luxembourg","Europe","2006","18.3"
"491","Luxembourg","Europe","2007","18.7"
"492","Luxembourg","Europe","2008","19.2"
"493","Luxembourg","Europe","2009","19.6"
"494","Luxembourg","Europe","2010","20"
"495","Luxembourg","Europe","2011","20.4"
"496","Luxembourg","Europe","2012","20.9"
"497","Luxembourg","Europe","2013","21.3"
"498","Luxembourg","Europe","2014","21.7"
"499","Luxembourg","Europe","2015","22.2"
"500","Luxembourg","Europe","2016","22.6"
"501","Luxembourg","Europe","2017",""
"502","Luxembourg","Europe","2018",""
"503","Luxembourg","Europe","2019",""
"504","Luxembourg","Europe","2020",""
"505","Luxembourg","Europe","2021",""
"506","Luxembourg","Europe","2022",""
"507","Malta","Europe","2000","23.1"
"508","Malta","Europe","2001","23.5"
"509","Malta","Europe","2002","23.9"
"510","Malta","Europe","2003","24.2"
"511","Malta","Europe","2004","24.6"
"512","Malta","Europe","2005","25"
"513","Malta","Europe","2006","25.3"
"514","Malta","Europe","2007","25.7"
"515","Malta","Europe","2008","26.1"
"516","Malta","Europe","2009","26.4"
"517","Malta","Europe","2010","26.8"
"518","Malta","Europe","2011","27.1"
"519","Malta","Europe","2012","27.5"
"520","Malta","Europe","2013","27.8"
"521","Malta","Europe","2014","28.2"
"522","Malta","Europe","2015","28.5"
"523","Malta","Europe","2016","28.9"
"524","Malta","Europe","2017",""
"525","Malta","Europe","2018",""
"526","Malta","Europe","2019",""
"527","Malta","Europe","2020",""
"528","Malta","Europe","2021",""
"529","Malta","Europe","2022",""
"530","Montenegro","Europe","2000","16.2"
"531","Montenegro","Europe","2001","16.6"
"532","Montenegro","Europe","2002","17.1"
"533","Montenegro","Europe","2003","17.6"
"534","Montenegro","Europe","2004","18.1"
"535","Montenegro","Europe","2005","18.6"
"536","Montenegro","Europe","2006","19.1"
"537","Montenegro","Europe","2007","19.5"
"538","Montenegro","Europe","2008","20"
"539","Montenegro","Europe","2009","20.4"
"540","Montenegro","Europe","2010","20.8"
"541","Montenegro","Europe","2011","21.2"
"542","Montenegro","Europe","2012","21.6"
"543","Montenegro","Europe","2013","22"
"544","Montenegro","Europe","2014","22.4"
"545","Montenegro","Europe","2015","22.8"
"546","Montenegro","Europe","2016","23.3"
"547","Montenegro","Europe","2017",""
"548","Montenegro","Europe","2018",""
"549","Montenegro","Europe","2019",""
"550","Montenegro","Europe","2020",""
"551","Montenegro","Europe","2021",""
"552","Montenegro","Europe","2022",""
"553","Netherlands (Kingdom of the)","Europe","2000","13"
"554","Netherlands (Kingdom of the)","Europe","2001","13.5"
"555","Netherlands (Kingdom of the)","Europe","2002","13.9"
"556","Netherlands (Kingdom of the)","Europe","2003","14.4"
"557","Netherlands (Kingdom of the)","Europe","2004","14.9"
"558","Netherlands (Kingdom of the)","Europe","2005","15.4"
"559","Netherlands (Kingdom of the)","Europe","2006","15.8"
"560","Netherlands (Kingdom of the)","Europe","2007","16.3"
"561","Netherlands (Kingdom of the)","Europe","2008","16.8"
"562","Netherlands (Kingdom of the)","Europe","2009","17.3"
"563","Netherlands (Kingdom of the)","Europe","2010","17.7"
"564","Netherlands (Kingdom of the)","Europe","2011","18.2"
"565","Netherlands (Kingdom of the)","Europe","2012","18.6"
"566","Netherlands (Kingdom of the)","Europe","2013","19.1"
"567","Netherlands (Kingdom of the)","Europe","2014","19.5"
"568","Netherlands (Kingdom of the)","Europe","2015","20"
"569","Netherlands (Kingdom of the)","Europe","2016","20.4"
"570","Netherlands (Kingdom of the)","Europe","2017",""
"571","Netherlands (Kingdom of the)","Europe","2018",""
"572","Netherlands (Kingdom of the)","Europe","2019",""
"573","Netherlands (Kingdom of the)","Europe","2020",""
"574","Netherlands (Kingdom of the)","Europe","2021",""
"575","Netherlands (Kingdom of the)","Europe","2022",""
"576","North Macedonia","Europe","2000","17.1"
"577","North Macedonia","Europe","2001","17.4"
"578","North Macedonia","Europe","2002","17.7"
"579","North Macedonia","Europe","2003","17.9"
"580","North Macedonia","Europe","2004","18.2"
"581","North Macedonia","Europe","2005","18.5"
"582","North Macedonia","Europe","2006","18.8"
"583","North Macedonia","Europe","2007","19.1"
"584","North Macedonia","Europe","2008","19.4"
"585","North Macedonia","Europe","2009","19.8"
"586","North Macedonia","Europe","2010","20.1"
"587","North Macedonia","Europe","2011","20.5"
"588","North Macedonia","Europe","2012","20.8"
"589","North Macedonia","Europe","2013","21.2"
"590","North Macedonia","Europe","2014","21.6"
"591","North Macedonia","Europe","2015","22"
"592","North Macedonia","Europe","2016","22.4"
"593","North Macedonia","Europe","2017",""
"594","North Macedonia","Europe","2018",""
"595","North Macedonia","Europe","2019",""
"596","North Macedonia","Europe","2020",""
"597","North Macedonia","Europe","2021",""
"598","North Macedonia","Europe","2022",""
"599","Norway","Europe","2000","16"
"600","Norway","Europe","2001","16.4"
"601","Norway","Europe","2002","16.8"
"602","Norway","Europe","2003","17.3"
"603","Norway","Europe","2004","17.7"
"604","Norway","Europe","2005","18.2"
"605","Norway","Europe","2006","18.6"
"606","Norway","Europe","2007","19"
"607","Norway","Europe","2008","19.5"
"608","Norway","Europe","2009","19.9"
"609","Norway","Europe","2010","20.4"
"610","Norway","Europe","2011","20.8"
"611","Norway","Europe","2012","21.3"
"612","Norway","Europe","2013","21.7"
"613","Norway","Europe","2014","22.2"
"614","Norway","Europe","2015","22.6"
"615","Norway","Europe","2016","23.1"
"616","Norway","Europe","2017",""
"617","Norway","Europe","2018",""
"618","Norway","Europe","2019",""
"619","Norway","Europe","2020",""
"620","Norway","Europe","2021",""
"621","Norway","Europe","2022",""
"622","Poland","Europe","2000","17.5"
"623","Poland","Europe","2001","17.8"
"624","Poland","Europe","2002","18.1"
"625","Poland","Europe","2003","18.4"
"626","Poland","Europe","2004","18.8"
"627","Poland","Europe","2005","19.1"
"628","Poland","Europe","2006","19.4"
"629","Poland","Europe","2007","19.8"
"630","Poland","Europe","2008","20.1"
"631","Poland","Europe","2009","20.5"
"632","Poland","Europe","2010","20.8"
"633","Poland","Europe","2011","21.2"
"634","Poland","Europe","2012","21.5"
"635","Poland","Europe","2013","21.9"
"636","Poland","Europe","2014","22.3"
"637","Poland","Europe","2015","22.7"
"638","Poland","Europe","2016","23.1"
"639","Poland","Europe","2017",""
"640","Poland","Europe","2018",""
"641","Poland","Europe","2019",""
"642","Poland","Europe","2020",""
"643","Poland","Europe","2021",""
"644","Poland","Europe","2022",""
"645","Portugal","Europe","2000","13.7"
"646","Portugal","Europe","2001","14.1"
"647","Portugal","Europe","2002","14.6"
"648","Portugal","Europe","2003","15"
"649","Portugal","Europe","2004","15.4"
"650","Portugal","Europe","2005","15.9"
"651","Portugal","Europe","2006","16.3"
"652","Portugal","Europe","2007","16.8"
"653","Portugal","Europe","2008","17.2"
"654","Portugal","Europe","2009","17.7"
"655","Portugal","Europe","2010","18.1"
"656","Portugal","Europe","2011","18.6"
"657","Portugal","Europe","2012","19"
"658","Portugal","Europe","2013","19.5"
"659","Portugal","Europe","2014","19.9"
"660","Portugal","Europe","2015","20.4"
"661","Portugal","Europe","2016","20.8"
"662","Portugal","Europe","2017",""
"663","Portugal","Europe","2018",""
"664","Portugal","Europe","2019",""
"665","Portugal","Europe","2020",""
"666","Portugal","Europe","2021",""
"667","Portugal","Europe","2022",""
"668","Republic of Moldova","Europe","2000","14.2"
"669","Republic of Moldova","Europe","2001","14.5"
"670","Republic of Moldova","Europe","2002","14.7"
"671","Republic of Moldova","Europe","2003","15"
"672","Republic of Moldova","Europe","2004","15.2"
"673","Republic of Moldova","Europe","2005","15.5"
"674","Republic of Moldova","Europe","2006","15.7"
"675","Republic of Moldova","Europe","2007","16"
"676","Republic of Moldova","Europe","2008","16.3"
"677","Republic of Moldova","Europe","2009","16.6"
"678","Republic of Moldova","Europe","2010","16.9"
"679","Republic of Moldova","Europe","2011","17.2"
"680","Republic of Moldova","Europe","2012","17.5"
"681","Republic of Moldova","Europe","2013","17.8"
"682","Republic of Moldova","Europe","2014","18.2"
"683","Republic of Moldova","Europe","2015","18.5"
"684","Republic of Moldova","Europe","2016","18.9"
"685","Republic of Moldova","Europe","2017",""
"686","Republic of Moldova","Europe","2018",""
"687","Republic of Moldova","Europe","2019",""
"688","Republic of Moldova","Europe","2020",""
"689","Republic of Moldova","Europe","2021",""
"690","Republic of Moldova","Europe","2022",""
"691","Romania","Europe","2000","16.2"
"692","Romania","Europe","2001","16.5"
"693","Romania","Europe","2002","16.8"
"694","Romania","Europe","2003","17.1"
"695","Romania","Europe","2004","17.5"
"696","Romania","Europe","2005","17.8"
"697","Romania","Europe","2006","18.2"
"698","Romania","Europe","2007","18.6"
"699","Romania","Europe","2008","19"
"700","Romania","Europe","2009","19.4"
"701","Romania","Europe","2010","19.8"
"702","Romania","Europe","2011","20.2"
"703","Romania","Europe","2012","20.7"
"704","Romania","Europe","2013","21.1"
"705","Romania","Europe","2014","21.6"
"706","Romania","Europe","2015","22.1"
"707","Romania","Europe","2016","22.5"
"708","Romania","Europe","2017",""
"709","Romania","Europe","2018",""
"710","Romania","Europe","2019",""
"711","Romania","Europe","2020",""
"712","Romania","Europe","2021",""
"713","Romania","Europe","2022",""
"714","Russian Federation","Europe","2000","19"
"715","Russian Federation","Europe","2001","19.3"
"716","Russian Federation","Europe","2002","19.5"
"717","Russian Federation","Europe","2003","19.7"
"718","Russian Federation","Europe","2004","19.9"
"719","Russian Federation","Europe","2005","20.2"
"720","Russian Federation","Europe","2006","20.4"
"721","Russian Federation","Europe","2007","20.7"
"722","Russian Federation","Europe","2008","20.9"
"723","Russian Federation","Europe","2009","21.2"
"724","Russian Federation","Europe","2010","21.4"
"725","Russian Federation","Europe","2011","21.7"
"726","Russian Federation","Europe","2012","21.9"
"727","Russian Federation","Europe","2013","22.2"
"728","Russian Federation","Europe","2014","22.5"
"729","Russian Federation","Europe","2015","22.8"
"730","Russian Federation","Europe","2016","23.1"
"731","Russian Federation","Europe","2017",""
"732","Russian Federation","Europe","2018",""
"733","Russian Federation","Europe","2019",""
"734","Russian Federation","Europe","2020",""
"735","Russian Federation","Europe","2021",""
"736","Russian Federation","Europe","2022",""
"737","Serbia","Europe","2000","15.5"
"738","Serbia","Europe","2001","15.8"
"739","Serbia","Europe","2002","16.2"
"740","Serbia","Europe","2003","16.6"
"741","Serbia","Europe","2004","16.9"
"742","Serbia","Europe","2005","17.3"
"743","Serbia","Europe","2006","17.7"
"744","Serbia","Europe","2007","18"
"745","Serbia","Europe","2008","18.4"
"746","Serbia","Europe","2009","18.8"
"747","Serbia","Europe","2010","19.2"
"748","Serbia","Europe","2011","19.6"
"749","Serbia","Europe","2012","20"
"750","Serbia","Europe","2013","20.3"
"751","Serbia","Europe","2014","20.7"
"752","Serbia","Europe","2015","21.1"
"753","Serbia","Europe","2016","21.5"
"754","Serbia","Europe","2017",""
"755","Serbia","Europe","2018",""
"756","Serbia","Europe","2019",""
"757","Serbia","Europe","2020",""
"758","Serbia","Europe","2021",""
"759","Serbia","Europe","2022",""
"760","Slovakia","Europe","2000","15.5"
"761","Slovakia","Europe","2001","15.8"
"762","Slovakia","Europe","2002","16"
"763","Slovakia","Europe","2003","16.3"
"764","Slovakia","Europe","2004","16.6"
"765","Slovakia","Europe","2005","16.9"
"766","Slovakia","Europe","2006","17.2"
"767","Slovakia","Europe","2007","17.5"
"768","Slovakia","Europe","2008","17.8"
"769","Slovakia","Europe","2009","18.1"
"770","Slovakia","Europe","2010","18.4"
"771","Slovakia","Europe","2011","18.8"
"772","Slovakia","Europe","2012","19.1"
"773","Slovakia","Europe","2013","19.4"
"774","Slovakia","Europe","2014","19.8"
"775","Slovakia","Europe","2015","20.1"
"776","Slovakia","Europe","2016","20.5"
"777","Slovakia","Europe","2017",""
"778","Slovakia","Europe","2018",""
"779","Slovakia","Europe","2019",""
"780","Slovakia","Europe","2020",""
"781","Slovakia","Europe","2021",""
"782","Slovakia","Europe","2022",""
"783","Slovenia","Europe","2000","15.1"
"784","Slovenia","Europe","2001","15.4"
"785","Slovenia","Europe","2002","15.7"
"786","Slovenia","Europe","2003","15.9"
"787","Slovenia","Europe","2004","16.2"
"788","Slovenia","Europe","2005","16.5"
"789","Slovenia","Europe","2006","16.8"
"790","Slovenia","Europe","2007","17.2"
"791","Slovenia","Europe","2008","17.5"
"792","Slovenia","Europe","2009","17.8"
"793","Slovenia","Europe","2010","18.1"
"794","Slovenia","Europe","2011","18.4"
"795","Slovenia","Europe","2012","18.8"
"796","Slovenia","Europe","2013","19.1"
"797","Slovenia","Europe","2014","19.5"
"798","Slovenia","Europe","2015","19.8"
"799","Slovenia","Europe","2016","20.2"
"800","Slovenia","Europe","2017",""
"801","Slovenia","Europe","2018",""
"802","Slovenia","Europe","2019",""
"803","Slovenia","Europe","2020",""
"804","Slovenia","Europe","2021",""
"805","Slovenia","Europe","2022",""
"806","Spain","Europe","2000","18.3"
"807","Spain","Europe","2001","18.6"
"808","Spain","Europe","2002","19"
"809","Spain","Europe","2003","19.3"
"810","Spain","Europe","2004","19.7"
"811","Spain","Europe","2005","20"
"812","Spain","Europe","2006","20.3"
"813","Spain","Europe","2007","20.7"
"814","Spain","Europe","2008","21"
"815","Spain","Europe","2009","21.3"
"816","Spain","Europe","2010","21.7"
"817","Spain","Europe","2011","22"
"818","Spain","Europe","2012","22.4"
"819","Spain","Europe","2013","22.7"
"820","Spain","Europe","2014","23.1"
"821","Spain","Europe","2015","23.4"
"822","Spain","Europe","2016","23.8"
"823","Spain","Europe","2017",""
"824","Spain","Europe","2018",""
"825","Spain","Europe","2019",""
"826","Spain","Europe","2020",""
"827","Spain","Europe","2021",""
"828","Spain","Europe","2022",""
"829","Sweden","Europe","2000","14.6"
"830","Sweden","Europe","2001","14.9"
"831","Sweden","Europe","2002","15.3"
"832","Sweden","Europe","2003","15.6"
"833","Sweden","Europe","2004","16"
"834","Sweden","Europe","2005","16.3"
"835","Sweden","Europe","2006","16.7"
"836","Sweden","Europe","2007","17.1"
"837","Sweden","Europe","2008","17.4"
"838","Sweden","Europe","2009","17.8"
"839","Sweden","Europe","2010","18.2"
"840","Sweden","Europe","2011","18.6"
"841","Sweden","Europe","2012","19"
"842","Sweden","Europe","2013","19.4"
"843","Sweden","Europe","2014","19.8"
"844","Sweden","Europe","2015","20.2"
"845","Sweden","Europe","2016","20.6"
"846","Sweden","Europe","2017",""
"847","Sweden","Europe","2018",""
"848","Sweden","Europe","2019",""
"849","Sweden","Europe","2020",""
"850","Sweden","Europe","2021",""
"851","Sweden","Europe","2022",""
"852","Switzerland","Europe","2000","13.9"
"853","Switzerland","Europe","2001","14.2"
"854","Switzerland","Europe","2002","14.5"
"855","Switzerland","Europe","2003","14.8"
"856","Switzerland","Europe","2004","15.2"
"857","Switzerland","Europe","2005","15.5"
"858","Switzerland","Europe","2006","15.9"
"859","Switzerland","Europe","2007","16.2"
"860","Switzerland","Europe","2008","16.5"
"861","Switzerland","Europe","2009","16.9"
"862","Switzerland","Europe","2010","17.3"
"863","Switzerland","Europe","2011","17.6"
"864","Switzerland","Europe","2012","18"
"865","Switzerland","Europe","2013","18.4"
"866","Switzerland","Europe","2014","18.7"
"867","Switzerland","Europe","2015","19.1"
"868","Switzerland","Europe","2016","19.5"
"869","Switzerland","Europe","2017",""
"870","Switzerland","Europe","2018",""
"871","Switzerland","Europe","2019",""
"872","Switzerland","Europe","2020",""
"873","Switzerland","Europe","2021",""
"874","Switzerland","Europe","2022",""
"875","Ukraine","Europe","2000","19.1"
"876","Ukraine","Europe","2001","19.3"
"877","Ukraine","Europe","2002","19.6"
"878","Ukraine","Europe","2003","19.9"
"879","Ukraine","Europe","2004","20.2"
"880","Ukraine","Europe","2005","20.5"
"881","Ukraine","Europe","2006","20.8"
"882","Ukraine","Europe","2007","21.1"
"883","Ukraine","Europe","2008","21.4"
"884","Ukraine","Europe","2009","21.7"
"885","Ukraine","Europe","2010","22"
"886","Ukraine","Europe","2011","22.4"
"887","Ukraine","Europe","2012","22.7"
"888","Ukraine","Europe","2013","23"
"889","Ukraine","Europe","2014","23.4"
"890","Ukraine","Europe","2015","23.7"
"891","Ukraine","Europe","2016","24.1"
"892","Ukraine","Europe","2017",""
"893","Ukraine","Europe","2018",""
"894","Ukraine","Europe","2019",""
"895","Ukraine","Europe","2020",""
"896","Ukraine","Europe","2021",""
"897","Ukraine","Europe","2022",""
"898","United Kingdom of Great Britain and Northern Ireland","Europe","2000","18.6"
"899","United Kingdom of Great Britain and Northern Ireland","Europe","2001","19.2"
"900","United Kingdom of Great Britain and Northern Ireland","Europe","2002","19.7"
"901","United Kingdom of Great Britain and Northern Ireland","Europe","2003","20.3"
"902","United Kingdom of Great Britain and Northern Ireland","Europe","2004","20.8"
"903","United Kingdom of Great Britain and Northern Ireland","Europe","2005","21.4"
"904","United Kingdom of Great Britain and Northern Ireland","Europe","2006","21.9"
"905","United Kingdom of Great Britain and Northern Ireland","Europe","2007","22.5"
"906","United Kingdom of Great Britain and Northern Ireland","Europe","2008","23.1"
"907","United Kingdom of Great Britain and Northern Ireland","Europe","2009","23.6"
"908","United Kingdom of Great Britain and Northern Ireland","Europe","2010","24.2"
"909","United Kingdom of Great Britain and Northern Ireland","Europe","2011","24.8"
"910","United Kingdom of Great Britain and Northern Ireland","Europe","2012","25.4"
"911","United Kingdom of Great Britain and Northern Ireland","Europe","2013","26"
"912","United Kingdom of Great Britain and Northern Ireland","Europe","2014","26.6"
"913","United Kingdom of Great Britain and Northern Ireland","Europe","2015","27.2"
"914","United Kingdom of Great Britain and Northern Ireland","Europe","2016","27.8"
"915","United Kingdom of Great Britain and Northern Ireland","Europe","2017",""
"916","United Kingdom of Great Britain and Northern Ireland","Europe","2018",""
"917","United Kingdom of Great Britain and Northern Ireland","Europe","2019",""
"918","United Kingdom of Great Britain and Northern Ireland","Europe","2020",""
"919","United Kingdom of Great Britain and Northern Ireland","Europe","2021",""
"920","United Kingdom of Great Britain and Northern Ireland","Europe","2022",""
"921","Algeria","Africa","2000","17.4"
"922","Algeria","Africa","2001","17.9"
"923","Algeria","Africa","2002","18.5"
"924","Algeria","Africa","2003","19.1"
"925","Algeria","Africa","2004","19.6"
"926","Algeria","Africa","2005","20.2"
"927","Algeria","Africa","2006","20.8"
"928","Algeria","Africa","2007","21.4"
"929","Algeria","Africa","2008","22"
"930","Algeria","Africa","2009","22.7"
"931","Algeria","Africa","2010","23.3"
"932","Algeria","Africa","2011","24"
"933","Algeria","Africa","2012","24.7"
"934","Algeria","Africa","2013","25.3"
"935","Algeria","Africa","2014","26"
"936","Algeria","Africa","2015","26.7"
"937","Algeria","Africa","2016","27.4"
"938","Algeria","Africa","2017",""
"939","Algeria","Africa","2018",""
"940","Algeria","Africa","2019",""
"941","Algeria","Africa","2020",""
"942","Algeria","Africa","2021",""
"943","Algeria","Africa","2022",""
"944","Angola","Africa","2000","3.6"
"945","Angola","Africa","2001","3.8"
"946","Angola","Africa","2002","4.1"
"947","Angola","Africa","2003","4.3"
"948","Angola","Africa","2004","4.5"
"949","Angola","Africa","2005","4.8"
"950","Angola","Africa","2006","5"
"951","Angola","Africa","2007","5.3"
"952","Angola","Africa","2008","5.6"
"953","Angola","Africa","2009","5.9"
"954","Angola","Africa","2010","6.2"
"955","Angola","Africa","2011","6.5"
"956","Angola","Africa","2012","6.8"
"957","Angola","Africa","2013","7.1"
"958","Angola","Africa","2014","7.5"
"959","Angola","Africa","2015","7.9"
"960","Angola","Africa","2016","8.2"
"961","Angola","Africa","2017",""
"962","Angola","Africa","2018",""
"963","Angola","Africa","2019",""
"964","Angola","Africa","2020",""
"965","Angola","Africa","2021",""
"966","Angola","Africa","2022",""
"967","Benin","Africa","2000","5"
"968","Benin","Africa","2001","5.2"
"969","Benin","Africa","2002","5.5"
"970","Benin","Africa","2003","5.7"
"971","Benin","Africa","2004","6"
"972","Benin","Africa","2005","6.2"
"973","Benin","Africa","2006","6.5"
"974","Benin","Africa","2007","6.7"
"975","Benin","Africa","2008","7"
"976","Benin","Africa","2009","7.3"
"977","Benin","Africa","2010","7.6"
"978","Benin","Africa","2011","7.9"
"979","Benin","Africa","2012","8.2"
"980","Benin","Africa","2013","8.6"
"981","Benin","Africa","2014","8.9"
"982","Benin","Africa","2015","9.3"
"983","Benin","Africa","2016","9.6"
"984","Benin","Africa","2017",""
"985","Benin","Africa","2018",""
"986","Benin","Africa","2019",""
"987","Benin","Africa","2020",""
"988","Benin","Africa","2021",""
"989","Benin","Africa","2022",""
"990","Botswana","Africa","2000","13.1"
"991","Botswana","Africa","2001","13.6"
"992","Botswana","Africa","2002","14"
"993","Botswana","Africa","2003","14.4"
"994","Botswana","Africa","2004","14.8"
"995","Botswana","Africa","2005","15.1"
"996","Botswana","Africa","2006","15.5"
"997","Botswana","Africa","2007","15.8"
"998","Botswana","Africa","2008","16.2"
"999","Botswana","Africa","2009","16.5"
"1000","Botswana","Africa","2010","16.9"
"1001","Botswana","Africa","2011","17.2"
"1002","Botswana","Africa","2012","17.5"
"1003","Botswana","Africa","2013","17.9"
"1004","Botswana","Africa","2014","18.2"
"1005","Botswana","Africa","2015","18.6"
"1006","Botswana","Africa","2016","18.9"
"1007","Botswana","Africa","2017",""
"1008","Botswana","Africa","2018",""
"1009","Botswana","Africa","2019",""
"1010","Botswana","Africa","2020",""
"1011","Botswana","Africa","2021",""
"1012","Botswana","Africa","2022",""
"1013","Burkina Faso","Africa","2000","2.1"
"1014","Burkina Faso","Africa","2001","2.3"
"1015","Burkina Faso","Africa","2002","2.4"
"1016","Burkina Faso","Africa","2003","2.6"
"1017","Burkina Faso","Africa","2004","2.8"
"1018","Burkina Faso","Africa","2005","2.9"
"1019","Burkina Faso","Africa","2006","3.1"
"1020","Burkina Faso","Africa","2007","3.3"
"1021","Burkina Faso","Africa","2008","3.5"
"1022","Burkina Faso","Africa","2009","3.7"
"1023","Burkina Faso","Africa","2010","4"
"1024","Burkina Faso","Africa","2011","4.2"
"1025","Burkina Faso","Africa","2012","4.5"
"1026","Burkina Faso","Africa","2013","4.7"
"1027","Burkina Faso","Africa","2014","5"
"1028","Burkina Faso","Africa","2015","5.3"
"1029","Burkina Faso","Africa","2016","5.6"
"1030","Burkina Faso","Africa","2017",""
"1031","Burkina Faso","Africa","2018",""
"1032","Burkina Faso","Africa","2019",""
"1033","Burkina Faso","Africa","2020",""
"1034","Burkina Faso","Africa","2021",""
"1035","Burkina Faso","Africa","2022",""
"1036","Burundi","Africa","2000","2.4"
"1037","Burundi","Africa","2001","2.5"
"1038","Burundi","Africa","2002","2.6"
"1039","Burundi","Africa","2003","2.8"
"1040","Burundi","Africa","2004","2.9"
"1041","Burundi","Africa","2005","3.1"
"1042","Burundi","Africa","2006","3.2"
"1043","Burundi","Africa","2007","3.4"
"1044","Burundi","Africa","2008","3.6"
"1045","Burundi","Africa","2009","3.8"
"1046","Burundi","Africa","2010","4"
"1047","Burundi","Africa","2011","4.2"
"1048","Burundi","Africa","2012","4.4"
"1049","Burundi","Africa","2013","4.6"
"1050","Burundi","Africa","2014","4.9"
"1051","Burundi","Africa","2015","5.1"
"1052","Burundi","Africa","2016","5.4"
"1053","Burundi","Africa","2017",""
"1054","Burundi","Africa","2018",""
"1055","Burundi","Africa","2019",""
"1056","Burundi","Africa","2020",""
"1057","Burundi","Africa","2021",""
"1058","Burundi","Africa","2022",""
"1059","Cabo Verde","Africa","2000","6.3"
"1060","Cabo Verde","Africa","2001","6.6"
"1061","Cabo Verde","Africa","2002","6.9"
"1062","Cabo Verde","Africa","2003","7.3"
"1063","Cabo Verde","Africa","2004","7.6"
"1064","Cabo Verde","Africa","2005","7.9"
"1065","Cabo Verde","Africa","2006","8.2"
"1066","Cabo Verde","Africa","2007","8.6"
"1067","Cabo Verde","Africa","2008","8.9"
"1068","Cabo Verde","Africa","2009","9.2"
"1069","Cabo Verde","Africa","2010","9.6"
"1070","Cabo Verde","Africa","2011","9.9"
"1071","Cabo Verde","Africa","2012","10.3"
"1072","Cabo Verde","Africa","2013","10.7"
"1073","Cabo Verde","Africa","2014","11"
"1074","Cabo Verde","Africa","2015","11.4"
"1075","Cabo Verde","Africa","2016","11.8"
"1076","Cabo Verde","Africa","2017",""
"1077","Cabo Verde","Africa","2018",""
"1078","Cabo Verde","Africa","2019",""
"1079","Cabo Verde","Africa","2020",""
"1080","Cabo Verde","Africa","2021",""
"1081","Cabo Verde","Africa","2022",""
"1082","Cameroon","Africa","2000","5.8"
"1083","Cameroon","Africa","2001","6.1"
"1084","Cameroon","Africa","2002","6.4"
"1085","Cameroon","Africa","2003","6.7"
"1086","Cameroon","Africa","2004","7"
"1087","Cameroon","Africa","2005","7.3"
"1088","Cameroon","Africa","2006","7.7"
"1089","Cameroon","Africa","2007","8"
"1090","Cameroon","Africa","2008","8.3"
"1091","Cameroon","Africa","2009","8.7"
"1092","Cameroon","Africa","2010","9"
"1093","Cameroon","Africa","2011","9.4"
"1094","Cameroon","Africa","2012","9.8"
"1095","Cameroon","Africa","2013","10.2"
"1096","Cameroon","Africa","2014","10.6"
"1097","Cameroon","Africa","2015","11"
"1098","Cameroon","Africa","2016","11.4"
"1099","Cameroon","Africa","2017",""
"1100","Cameroon","Africa","2018",""
"1101","Cameroon","Africa","2019",""
"1102","Cameroon","Africa","2020",""
"1103","Cameroon","Africa","2021",""
"1104","Cameroon","Africa","2022",""
"1105","Central African Republic","Africa","2000","3.9"
"1106","Central African Republic","Africa","2001","4.1"
"1107","Central African Republic","Africa","2002","4.2"
"1108","Central African Republic","Africa","2003","4.4"
"1109","Central African Republic","Africa","2004","4.6"
"1110","Central African Republic","Africa","2005","4.8"
"1111","Central African Republic","Africa","2006","5"
"1112","Central African Republic","Africa","2007","5.2"
"1113","Central African Republic","Africa","2008","5.4"
"1114","Central African Republic","Africa","2009","5.6"
"1115","Central African Republic","Africa","2010","5.9"
"1116","Central African Republic","Africa","2011","6.1"
"1117","Central African Republic","Africa","2012","6.4"
"1118","Central African Republic","Africa","2013","6.6"
"1119","Central African Republic","Africa","2014","6.9"
"1120","Central African Republic","Africa","2015","7.2"
"1121","Central African Republic","Africa","2016","7.5"
"1122","Central African Republic","Africa","2017",""
"1123","Central African Republic","Africa","2018",""
"1124","Central African Republic","Africa","2019",""
"1125","Central African Republic","Africa","2020",""
"1126","Central African Republic","Africa","2021",""
"1127","Central African Republic","Africa","2022",""
"1128","Chad","Africa","2000","2.9"
"1129","Chad","Africa","2001","3.1"
"1130","Chad","Africa","2002","3.2"
"1131","Chad","Africa","2003","3.4"
"1132","Chad","Africa","2004","3.6"
"1133","Chad","Africa","2005","3.7"
"1134","Chad","Africa","2006","3.9"
"1135","Chad","Africa","2007","4.1"
"1136","Chad","Africa","2008","4.3"
"1137","Chad","Africa","2009","4.5"
"1138","Chad","Africa","2010","4.7"
"1139","Chad","Africa","2011","4.9"
"1140","Chad","Africa","2012","5.1"
"1141","Chad","Africa","2013","5.3"
"1142","Chad","Africa","2014","5.6"
"1143","Chad","Africa","2015","5.8"
"1144","Chad","Africa","2016","6.1"
"1145","Chad","Africa","2017",""
"1146","Chad","Africa","2018",""
"1147","Chad","Africa","2019",""
"1148","Chad","Africa","2020",""
"1149","Chad","Africa","2021",""
"1150","Chad","Africa","2022",""
"1151","Comoros","Africa","2000","4.1"
"1152","Comoros","Africa","2001","4.3"
"1153","Comoros","Africa","2002","4.5"
"1154","Comoros","Africa","2003","4.7"
"1155","Comoros","Africa","2004","4.9"
"1156","Comoros","Africa","2005","5.1"
"1157","Comoros","Africa","2006","5.3"
"1158","Comoros","Africa","2007","5.5"
"1159","Comoros","Africa","2008","5.7"
"1160","Comoros","Africa","2009","5.9"
"1161","Comoros","Africa","2010","6.2"
"1162","Comoros","Africa","2011","6.4"
"1163","Comoros","Africa","2012","6.7"
"1164","Comoros","Africa","2013","6.9"
"1165","Comoros","Africa","2014","7.2"
"1166","Comoros","Africa","2015","7.5"
"1167","Comoros","Africa","2016","7.8"
"1168","Comoros","Africa","2017",""
"1169","Comoros","Africa","2018",""
"1170","Comoros","Africa","2019",""
"1171","Comoros","Africa","2020",""
"1172","Comoros","Africa","2021",""
"1173","Comoros","Africa","2022",""
"1174","Congo","Africa","2000","5.2"
"1175","Congo","Africa","2001","5.4"
"1176","Congo","Africa","2002","5.6"
"1177","Congo","Africa","2003","5.8"
"1178","Congo","Africa","2004","6.1"
"1179","Congo","Africa","2005","6.3"
"1180","Congo","Africa","2006","6.6"
"1181","Congo","Africa","2007","6.8"
"1182","Congo","Africa","2008","7.1"
"1183","Congo","Africa","2009","7.4"
"1184","Congo","Africa","2010","7.7"
"1185","Congo","Africa","2011","8"
"1186","Congo","Africa","2012","8.3"
"1187","Congo","Africa","2013","8.6"
"1188","Congo","Africa","2014","8.9"
"1189","Congo","Africa","2015","9.2"
"1190","Congo","Africa","2016","9.6"
"1191","Congo","Africa","2017",""
"1192","Congo","Africa","2018",""
"1193","Congo","Africa","2019",""
"1194","Congo","Africa","2020",""
"1195","Congo","Africa","2021",""
"1196","Congo","Africa","2022",""
"1197","Côte d'Ivoire","Africa","2000","5"
"1198","Côte d'Ivoire","Africa","2001","5.2"
"1199","Côte d'Ivoire","Africa","2002","5.5"
"1200","Côte d'Ivoire","Africa","2003","5.7"
"1201","Côte d'Ivoire","Africa","2004","6"
"1202","Côte d'Ivoire","Africa","2005","6.3"
"1203","Côte d'Ivoire","Africa","2006","6.6"
"1204","Côte d'Ivoire","Africa","2007","6.9"
"1205","Côte d'Ivoire","Africa","2008","7.2"
"1206","Côte d'Ivoire","Africa","2009","7.6"
"1207","Côte d'Ivoire","Africa","2010","7.9"
"1208","Côte d'Ivoire","Africa","2011","8.3"
"1209","Côte d'Ivoire","Africa","2012","8.7"
"1210","Côte d'Ivoire","Africa","2013","9"
"1211","Côte d'Ivoire","Africa","2014","9.4"
"1212","Côte d'Ivoire","Africa","2015","9.8"
"1213","Côte d'Ivoire","Africa","2016","10.3"
"1214","Côte d'Ivoire","Africa","2017",""
"1215","Côte d'Ivoire","Africa","2018",""
"1216","Côte d'Ivoire","Africa","2019",""
"1217","Côte d'Ivoire","Africa","2020",""
"1218","Côte d'Ivoire","Africa","2021",""
"1219","Côte d'Ivoire","Africa","2022",""
"1220","Democratic Republic of the Congo","Africa","2000","3.1"
"1221","Democratic Republic of the Congo","Africa","2001","3.3"
"1222","Democratic Republic of the Congo","Africa","2002","3.4"
"1223","Democratic Republic of the Congo","Africa","2003","3.6"
"1224","Democratic Republic of the Congo","Africa","2004","3.8"
"1225","Democratic Republic of the Congo","Africa","2005","4"
"1226","Democratic Republic of the Congo","Africa","2006","4.2"
"1227","Democratic Republic of the Congo","Africa","2007","4.4"
"1228","Democratic Republic of the Congo","Africa","2008","4.6"
"1229","Democratic Republic of the Congo","Africa","2009","4.8"
"1230","Democratic Republic of the Congo","Africa","2010","5.1"
"1231","Democratic Republic of the Congo","Africa","2011","5.3"
"1232","Democratic Republic of the Congo","Africa","2012","5.6"
"1233","Democratic Republic of the Congo","Africa","2013","5.9"
"1234","Democratic Republic of the Congo","Africa","2014","6.1"
"1235","Democratic Republic of the Congo","Africa","2015","6.4"
"1236","Democratic Republic of the Congo","Africa","2016","6.7"
"1237","Democratic Republic of the Congo","Africa","2017",""
"1238","Democratic Republic of the Congo","Africa","2018",""
"1239","Democratic Republic of the Congo","Africa","2019",""
"1240","Democratic Republic of the Congo","Africa","2020",""
"1241","Democratic Republic of the Congo","Africa","2021",""
"1242","Democratic Republic of the Congo","Africa","2022",""
"1243","Djibouti","Africa","2000","9.3"
"1244","Djibouti","Africa","2001","9.6"
"1245","Djibouti","Africa","2002","9.8"
"1246","Djibouti","Africa","2003","10"
"1247","Djibouti","Africa","2004","10.2"
"1248","Djibouti","Africa","2005","10.5"
"1249","Djibouti","Africa","2006","10.7"
"1250","Djibouti","Africa","2007","11"
"1251","Djibouti","Africa","2008","11.2"
"1252","Djibouti","Africa","2009","11.5"
"1253","Djibouti","Africa","2010","11.8"
"1254","Djibouti","Africa","2011","12"
"1255","Djibouti","Africa","2012","12.3"
"1256","Djibouti","Africa","2013","12.6"
"1257","Djibouti","Africa","2014","12.9"
"1258","Djibouti","Africa","2015","13.2"
"1259","Djibouti","Africa","2016","13.5"
"1260","Djibouti","Africa","2017",""
"1261","Djibouti","Africa","2018",""
"1262","Djibouti","Africa","2019",""
"1263","Djibouti","Africa","2020",""
"1264","Djibouti","Africa","2021",""
"1265","Djibouti","Africa","2022",""
"1266","Egypt","Africa","2000","22.2"
"1267","Egypt","Africa","2001","22.7"
"1268","Egypt","Africa","2002","23.3"
"1269","Egypt","Africa","2003","23.8"
"1270","Egypt","Africa","2004","24.4"
"1271","Egypt","Africa","2005","24.9"
"1272","Egypt","Africa","2006","25.5"
"1273","Egypt","Africa","2007","26.1"
"1274","Egypt","Africa","2008","26.7"
"1275","Egypt","Africa","2009","27.4"
"1276","Egypt","Africa","2010","28"
"1277","Egypt","Africa","2011","28.6"
"1278","Egypt","Africa","2012","29.3"
"1279","Egypt","Africa","2013","30"
"1280","Egypt","Africa","2014","30.6"
"1281","Egypt","Africa","2015","31.3"
"1282","Egypt","Africa","2016","32"
"1283","Egypt","Africa","2017",""
"1284","Egypt","Africa","2018",""
"1285","Egypt","Africa","2019",""
"1286","Egypt","Africa","2020",""
"1287","Egypt","Africa","2021",""
"1288","Egypt","Africa","2022",""
"1289","Equatorial Guinea","Africa","2000","4.3"
"1290","Equatorial Guinea","Africa","2001","4.5"
"1291","Equatorial Guinea","Africa","2002","4.6"
"1292","Equatorial Guinea","Africa","2003","4.8"
"1293","Equatorial Guinea","Africa","2004","5"
"1294","Equatorial Guinea","Africa","2005","5.2"
"1295","Equatorial Guinea","Africa","2006","5.4"
"1296","Equatorial Guinea","Africa","2007","5.6"
"1297","Equatorial Guinea","Africa","2008","5.8"
"1298","Equatorial Guinea","Africa","2009","6"
"1299","Equatorial Guinea","Africa","2010","6.3"
"1300","Equatorial Guinea","Africa","2011","6.5"
"1301","Equatorial Guinea","Africa","2012","6.8"
"1302","Equatorial Guinea","Africa","2013","7.1"
"1303","Equatorial Guinea","Africa","2014","7.4"
"1304","Equatorial Guinea","Africa","2015","7.7"
"1305","Equatorial Guinea","Africa","2016","8"
"1306","Equatorial Guinea","Africa","2017",""
"1307","Equatorial Guinea","Africa","2018",""
"1308","Equatorial Guinea","Africa","2019",""
"1309","Equatorial Guinea","Africa","2020",""
"1310","Equatorial Guinea","Africa","2021",""
"1311","Equatorial Guinea","Africa","2022",""
"1312","Eritrea","Africa","2000","2.3"
"1313","Eritrea","Africa","2001","2.4"
"1314","Eritrea","Africa","2002","2.5"
"1315","Eritrea","Africa","2003","2.6"
"1316","Eritrea","Africa","2004","2.7"
"1317","Eritrea","Africa","2005","2.9"
"1318","Eritrea","Africa","2006","3"
"1319","Eritrea","Africa","2007","3.2"
"1320","Eritrea","Africa","2008","3.4"
"1321","Eritrea","Africa","2009","3.5"
"1322","Eritrea","Africa","2010","3.7"
"1323","Eritrea","Africa","2011","3.9"
"1324","Eritrea","Africa","2012","4.1"
"1325","Eritrea","Africa","2013","4.3"
"1326","Eritrea","Africa","2014","4.5"
"1327","Eritrea","Africa","2015","4.8"
"1328","Eritrea","Africa","2016","5"
"1329","Eritrea","Africa","2017",""
"1330","Eritrea","Africa","2018",""
"1331","Eritrea","Africa","2019",""
"1332","Eritrea","Africa","2020",""
"1333","Eritrea","Africa","2021",""
"1334","Eritrea","Africa","2022",""
"1335","Eswatini","Africa","2000","10.7"
"1336","Eswatini","Africa","2001","11.1"
"1337","Eswatini","Africa","2002","11.4"
"1338","Eswatini","Africa","2003","11.7"
"1339","Eswatini","Africa","2004","12"
"1340","Eswatini","Africa","2005","12.4"
"1341","Eswatini","Africa","2006","12.7"
"1342","Eswatini","Africa","2007","13.1"
"1343","Eswatini","Africa","2008","13.4"
"1344","Eswatini","Africa","2009","13.8"
"1345","Eswatini","Africa","2010","14.1"
"1346","Eswatini","Africa","2011","14.5"
"1347","Eswatini","Africa","2012","14.9"
"1348","Eswatini","Africa","2013","15.3"
"1349","Eswatini","Africa","2014","15.7"
"1350","Eswatini","Africa","2015","16.1"
"1351","Eswatini","Africa","2016","16.5"
"1352","Eswatini","Africa","2017",""
"1353","Eswatini","Africa","2018",""
"1354","Eswatini","Africa","2019",""
"1355","Eswatini","Africa","2020",""
"1356","Eswatini","Africa","2021",""
"1357","Eswatini","Africa","2022",""
"1358","Ethiopia","Africa","2000","1.9"
"1359","Ethiopia","Africa","2001","2"
"1360","Ethiopia","Africa","2002","2.2"
"1361","Ethiopia","Africa","2003","2.3"
"1362","Ethiopia","Africa","2004","2.4"
"1363","Ethiopia","Africa","2005","2.5"
"1364","Ethiopia","Africa","2006","2.7"
"1365","Ethiopia","Africa","2007","2.8"
"1366","Ethiopia","Africa","2008","2.9"
"1367","Ethiopia","Africa","2009","3.1"
"1368","Ethiopia","Africa","2010","3.3"
"1369","Ethiopia","Africa","2011","3.4"
"1370","Ethiopia","Africa","2012","3.6"
"1371","Ethiopia","Africa","2013","3.8"
"1372","Ethiopia","Africa","2014","4"
"1373","Ethiopia","Africa","2015","4.3"
"1374","Ethiopia","Africa","2016","4.5"
"1375","Ethiopia","Africa","2017",""
"1376","Ethiopia","Africa","2018",""
"1377","Ethiopia","Africa","2019",""
"1378","Ethiopia","Africa","2020",""
"1379","Ethiopia","Africa","2021",""
"1380","Ethiopia","Africa","2022",""
"1381","Gabon","Africa","2000","9.3"
"1382","Gabon","Africa","2001","9.6"
"1383","Gabon","Africa","2002","10"
"1384","Gabon","Africa","2003","10.3"
"1385","Gabon","Africa","2004","10.7"
"1386","Gabon","Africa","2005","11.1"
"1387","Gabon","Africa","2006","11.4"
"1388","Gabon","Africa","2007","11.8"
"1389","Gabon","Africa","2008","12.1"
"1390","Gabon","Africa","2009","12.5"
"1391","Gabon","Africa","2010","12.8"
"1392","Gabon","Africa","2011","13.2"
"1393","Gabon","Africa","2012","13.5"
"1394","Gabon","Africa","2013","13.9"
"1395","Gabon","Africa","2014","14.3"
"1396","Gabon","Africa","2015","14.6"
"1397","Gabon","Africa","2016","15"
"1398","Gabon","Africa","2017",""
"1399","Gabon","Africa","2018",""
"1400","Gabon","Africa","2019",""
"1401","Gabon","Africa","2020",""
"1402","Gabon","Africa","2021",""
"1403","Gabon","Africa","2022",""
"1404","Gambia","Africa","2000","4.8"
"1405","Gambia","Africa","2001","5"
"1406","Gambia","Africa","2002","5.3"
"1407","Gambia","Africa","2003","5.6"
"1408","Gambia","Africa","2004","5.9"
"1409","Gambia","Africa","2005","6.3"
"1410","Gambia","Africa","2006","6.6"
"1411","Gambia","Africa","2007","6.9"
"1412","Gambia","Africa","2008","7.3"
"1413","Gambia","Africa","2009","7.6"
"1414","Gambia","Africa","2010","8"
"1415","Gambia","Africa","2011","8.4"
"1416","Gambia","Africa","2012","8.7"
"1417","Gambia","Africa","2013","9.1"
"1418","Gambia","Africa","2014","9.5"
"1419","Gambia","Africa","2015","9.9"
"1420","Gambia","Africa","2016","10.3"
"1421","Gambia","Africa","2017",""
"1422","Gambia","Africa","2018",""
"1423","Gambia","Africa","2019",""
"1424","Gambia","Africa","2020",""
"1425","Gambia","Africa","2021",""
"1426","Gambia","Africa","2022",""
"1427","Ghana","Africa","2000","5.5"
"1428","Ghana","Africa","2001","5.8"
"1429","Ghana","Africa","2002","6.1"
"1430","Ghana","Africa","2003","6.4"
"1431","Ghana","Africa","2004","6.7"
"1432","Ghana","Africa","2005","7"
"1433","Ghana","Africa","2006","7.4"
"1434","Ghana","Africa","2007","7.7"
"1435","Ghana","Africa","2008","8"
"1436","Ghana","Africa","2009","8.4"
"1437","Ghana","Africa","2010","8.7"
"1438","Ghana","Africa","2011","9.1"
"1439","Ghana","Africa","2012","9.4"
"1440","Ghana","Africa","2013","9.8"
"1441","Ghana","Africa","2014","10.1"
"1442","Ghana","Africa","2015","10.5"
"1443","Ghana","Africa","2016","10.9"
"1444","Ghana","Africa","2017",""
"1445","Ghana","Africa","2018",""
"1446","Ghana","Africa","2019",""
"1447","Ghana","Africa","2020",""
"1448","Ghana","Africa","2021",""
"1449","Ghana","Africa","2022",""
"1450","Guinea","Africa","2000","3.7"
"1451","Guinea","Africa","2001","3.9"
"1452","Guinea","Africa","2002","4.1"
"1453","Guinea","Africa","2003","4.3"
"1454","Guinea","Africa","2004","4.5"
"1455","Guinea","Africa","2005","4.7"
"1456","Guinea","Africa","2006","4.9"
"1457","Guinea","Africa","2007","5.2"
"1458","Guinea","Africa","2008","5.4"
"1459","Guinea","Africa","2009","5.6"
"1460","Guinea","Africa","2010","5.9"
"1461","Guinea","Africa","2011","6.2"
"1462","Guinea","Africa","2012","6.4"
"1463","Guinea","Africa","2013","6.7"
"1464","Guinea","Africa","2014","7"
"1465","Guinea","Africa","2015","7.4"
"1466","Guinea","Africa","2016","7.7"
"1467","Guinea","Africa","2017",""
"1468","Guinea","Africa","2018",""
"1469","Guinea","Africa","2019",""
"1470","Guinea","Africa","2020",""
"1471","Guinea","Africa","2021",""
"1472","Guinea","Africa","2022",""
"1473","Guinea-Bissau","Africa","2000","4.3"
"1474","Guinea-Bissau","Africa","2001","4.5"
"1475","Guinea-Bissau","Africa","2002","4.8"
"1476","Guinea-Bissau","Africa","2003","5.1"
"1477","Guinea-Bissau","Africa","2004","5.3"
"1478","Guinea-Bissau","Africa","2005","5.6"
"1479","Guinea-Bissau","Africa","2006","5.9"
"1480","Guinea-Bissau","Africa","2007","6.2"
"1481","Guinea-Bissau","Africa","2008","6.6"
"1482","Guinea-Bissau","Africa","2009","6.9"
"1483","Guinea-Bissau","Africa","2010","7.2"
"1484","Guinea-Bissau","Africa","2011","7.6"
"1485","Guinea-Bissau","Africa","2012","7.9"
"1486","Guinea-Bissau","Africa","2013","8.3"
"1487","Guinea-Bissau","Africa","2014","8.7"
"1488","Guinea-Bissau","Africa","2015","9.1"
"1489","Guinea-Bissau","Africa","2016","9.5"
"1490","Guinea-Bissau","Africa","2017",""
"1491","Guinea-Bissau","Africa","2018",""
"1492","Guinea-Bissau","Africa","2019",""
"1493","Guinea-Bissau","Africa","2020",""
"1494","Guinea-Bissau","Africa","2021",""
"1495","Guinea-Bissau","Africa","2022",""
"1496","Kenya","Africa","2000","3.2"
"1497","Kenya","Africa","2001","3.4"
"1498","Kenya","Africa","2002","3.6"
"1499","Kenya","Africa","2003","3.8"
"1500","Kenya","Africa","2004","4"
"1501","Kenya","Africa","2005","4.2"
"1502","Kenya","Africa","2006","4.4"
"1503","Kenya","Africa","2007","4.6"
"1504","Kenya","Africa","2008","4.9"
"1505","Kenya","Africa","2009","5.1"
"1506","Kenya","Africa","2010","5.4"
"1507","Kenya","Africa","2011","5.6"
"1508","Kenya","Africa","2012","5.9"
"1509","Kenya","Africa","2013","6.2"
"1510","Kenya","Africa","2014","6.5"
"1511","Kenya","Africa","2015","6.8"
"1512","Kenya","Africa","2016","7.1"
"1513","Kenya","Africa","2017",""
"1514","Kenya","Africa","2018",""
"1515","Kenya","Africa","2019",""
"1516","Kenya","Africa","2020",""
"1517","Kenya","Africa","2021",""
"1518","Kenya","Africa","2022",""
"1519","Lesotho","Africa","2000","10"
"1520","Lesotho","Africa","2001","10.4"
"1521","Lesotho","Africa","2002","10.8"
"1522","Lesotho","Africa","2003","11.2"
"1523","Lesotho","Africa","2004","11.5"
"1524","Lesotho","Africa","2005","11.9"
"1525","Lesotho","Africa","2006","12.3"
"1526","Lesotho","Africa","2007","12.8"
"1527","Lesotho","Africa","2008","13.2"
"1528","Lesotho","Africa","2009","13.6"
"1529","Lesotho","Africa","2010","14.1"
"1530","Lesotho","Africa","2011","14.5"
"1531","Lesotho","Africa","2012","14.9"
"1532","Lesotho","Africa","2013","15.3"
"1533","Lesotho","Africa","2014","15.7"
"1534","Lesotho","Africa","2015","16.2"
"1535","Lesotho","Africa","2016","16.6"
"1536","Lesotho","Africa","2017",""
"1537","Lesotho","Africa","2018",""
"1538","Lesotho","Africa","2019",""
"1539","Lesotho","Africa","2020",""
"1540","Lesotho","Africa","2021",""
"1541","Lesotho","Africa","2022",""
"1542","Liberia","Africa","2000","5.6"
"1543","Liberia","Africa","2001","5.7"
"1544","Liberia","Africa","2002","5.9"
"1545","Liberia","Africa","2003","6.1"
"1546","Liberia","Africa","2004","6.3"
"1547","Liberia","Africa","2005","6.6"
"1548","Liberia","Africa","2006","6.8"
"1549","Liberia","Africa","2007","7.1"
"1550","Liberia","Africa","2008","7.4"
"1551","Liberia","Africa","2009","7.7"
"1552","Liberia","Africa","2010","8"
"1553","Liberia","Africa","2011","8.3"
"1554","Liberia","Africa","2012","8.6"
"1555","Liberia","Africa","2013","8.9"
"1556","Liberia","Africa","2014","9.2"
"1557","Liberia","Africa","2015","9.6"
"1558","Liberia","Africa","2016","9.9"
"1559","Liberia","Africa","2017",""
"1560","Liberia","Africa","2018",""
"1561","Liberia","Africa","2019",""
"1562","Liberia","Africa","2020",""
"1563","Liberia","Africa","2021",""
"1564","Liberia","Africa","2022",""
"1565","Libya","Africa","2000","23.5"
"1566","Libya","Africa","2001","24"
"1567","Libya","Africa","2002","24.5"
"1568","Libya","Africa","2003","25"
"1569","Libya","Africa","2004","25.5"
"1570","Libya","Africa","2005","26"
"1571","Libya","Africa","2006","26.5"
"1572","Libya","Africa","2007","27.1"
"1573","Libya","Africa","2008","27.6"
"1574","Libya","Africa","2009","28.2"
"1575","Libya","Africa","2010","28.8"
"1576","Libya","Africa","2011","29.4"
"1577","Libya","Africa","2012","30"
"1578","Libya","Africa","2013","30.6"
"1579","Libya","Africa","2014","31.3"
"1580","Libya","Africa","2015","31.9"
"1581","Libya","Africa","2016","32.5"
"1582","Libya","Africa","2017",""
"1583","Libya","Africa","2018",""
"1584","Libya","Africa","2019",""
"1585","Libya","Africa","2020",""
"1586","Libya","Africa","2021",""
"1587","Libya","Africa","2022",""
"1588","Madagascar","Africa","2000","2.3"
"1589","Madagascar","Africa","2001","2.4"
"1590","Madagascar","Africa","2002","2.5"
"1591","Madagascar","Africa","2003","2.7"
"1592","Madagascar","Africa","2004","2.8"
"1593","Madagascar","Africa","2005","3"
"1594","Madagascar","Africa","2006","3.1"
"1595","Madagascar","Africa","2007","3.3"
"1596","Madagascar","Africa","2008","3.5"
"1597","Madagascar","Africa","2009","3.7"
"1598","Madagascar","Africa","2010","3.9"
"1599","Madagascar","Africa","2011","4.1"
"1600","Madagascar","Africa","2012","4.3"
"1601","Madagascar","Africa","2013","4.5"
"1602","Madagascar","Africa","2014","4.8"
"1603","Madagascar","Africa","2015","5.1"
"1604","Madagascar","Africa","2016","5.3"
"1605","Madagascar","Africa","2017",""
"1606","Madagascar","Africa","2018",""
"1607","Madagascar","Africa","2019",""
"1608","Madagascar","Africa","2020",""
"1609","Madagascar","Africa","2021",""
"1610","Madagascar","Africa","2022",""
"1611","Malawi","Africa","2000","2.7"
"1612","Malawi","Africa","2001","2.8"
"1613","Malawi","Africa","2002","3"
"1614","Malawi","Africa","2003","3.1"
"1615","Malawi","Africa","2004","3.3"
"1616","Malawi","Africa","2005","3.4"
"1617","Malawi","Africa","2006","3.6"
"1618","Malawi","Africa","2007","3.8"
"1619","Malawi","Africa","2008","4"
"1620","Malawi","Africa","2009","4.2"
"1621","Malawi","Africa","2010","4.4"
"1622","Malawi","Africa","2011","4.6"
"1623","Malawi","Africa","2012","4.8"
"1624","Malawi","Africa","2013","5"
"1625","Malawi","Africa","2014","5.3"
"1626","Malawi","Africa","2015","5.5"
"1627","Malawi","Africa","2016","5.8"
"1628","Malawi","Africa","2017",""
"1629","Malawi","Africa","2018",""
"1630","Malawi","Africa","2019",""
"1631","Malawi","Africa","2020",""
"1632","Malawi","Africa","2021",""
"1633","Malawi","Africa","2022",""
"1634","Mali","Africa","2000","3.8"
"1635","Mali","Africa","2001","4"
"1636","Mali","Africa","2002","4.3"
"1637","Mali","Africa","2003","4.5"
"1638","Mali","Africa","2004","4.8"
"1639","Mali","Africa","2005","5"
"1640","Mali","Africa","2006","5.3"
"1641","Mali","Africa","2007","5.6"
"1642","Mali","Africa","2008","5.9"
"1643","Mali","Africa","2009","6.2"
"1644","Mali","Africa","2010","6.5"
"1645","Mali","Africa","2011","6.8"
"1646","Mali","Africa","2012","7.2"
"1647","Mali","Africa","2013","7.5"
"1648","Mali","Africa","2014","7.9"
"1649","Mali","Africa","2015","8.2"
"1650","Mali","Africa","2016","8.6"
"1651","Mali","Africa","2017",""
"1652","Mali","Africa","2018",""
"1653","Mali","Africa","2019",""
"1654","Mali","Africa","2020",""
"1655","Mali","Africa","2021",""
"1656","Mali","Africa","2022",""
"1657","Mauritania","Africa","2000","6.7"
"1658","Mauritania","Africa","2001","7"
"1659","Mauritania","Africa","2002","7.4"
"1660","Mauritania","Africa","2003","7.7"
"1661","Mauritania","Africa","2004","8.1"
"1662","Mauritania","Africa","2005","8.4"
"1663","Mauritania","Africa","2006","8.8"
"1664","Mauritania","Africa","2007","9.1"
"1665","Mauritania","Africa","2008","9.5"
"1666","Mauritania","Africa","2009","9.9"
"1667","Mauritania","Africa","2010","10.3"
"1668","Mauritania","Africa","2011","10.6"
"1669","Mauritania","Africa","2012","11"
"1670","Mauritania","Africa","2013","11.4"
"1671","Mauritania","Africa","2014","11.8"
"1672","Mauritania","Africa","2015","12.3"
"1673","Mauritania","Africa","2016","12.7"
"1674","Mauritania","Africa","2017",""
"1675","Mauritania","Africa","2018",""
"1676","Mauritania","Africa","2019",""
"1677","Mauritania","Africa","2020",""
"1678","Mauritania","Africa","2021",""
"1679","Mauritania","Africa","2022",""
"1680","Mauritius","Africa","2000","6.8"
"1681","Mauritius","Africa","2001","7"
"1682","Mauritius","Africa","2002","7.2"
"1683","Mauritius","Africa","2003","7.5"
"1684","Mauritius","Africa","2004","7.7"
"1685","Mauritius","Africa","2005","7.9"
"1686","Mauritius","Africa","2006","8.1"
"1687","Mauritius","Africa","2007","8.3"
"1688","Mauritius","Africa","2008","8.6"
"1689","Mauritius","Africa","2009","8.8"
"1690","Mauritius","Africa","2010","9.1"
"1691","Mauritius","Africa","2011","9.3"
"1692","Mauritius","Africa","2012","9.6"
"1693","Mauritius","Africa","2013","9.9"
"1694","Mauritius","Africa","2014","10.2"
"1695","Mauritius","Africa","2015","10.5"
"1696","Mauritius","Africa","2016","10.8"
"1697","Mauritius","Africa","2017",""
"1698","Mauritius","Africa","2018",""
"1699","Mauritius","Africa","2019",""
"1700","Mauritius","Africa","2020",""
"1701","Mauritius","Africa","2021",""
"1702","Mauritius","Africa","2022",""
"1703","Morocco","Africa","2000","16.7"
"1704","Morocco","Africa","2001","17.2"
"1705","Morocco","Africa","2002","17.7"
"1706","Morocco","Africa","2003","18.2"
"1707","Morocco","Africa","2004","18.7"
"1708","Morocco","Africa","2005","19.2"
"1709","Morocco","Africa","2006","19.8"
"1710","Morocco","Africa","2007","20.4"
"1711","Morocco","Africa","2008","20.9"
"1712","Morocco","Africa","2009","21.5"
"1713","Morocco","Africa","2010","22.1"
"1714","Morocco","Africa","2011","22.8"
"1715","Morocco","Africa","2012","23.4"
"1716","Morocco","Africa","2013","24.1"
"1717","Morocco","Africa","2014","24.7"
"1718","Morocco","Africa","2015","25.4"
"1719","Morocco","Africa","2016","26.1"
"1720","Morocco","Africa","2017",""
"1721","Morocco","Africa","2018",""
"1722","Morocco","Africa","2019",""
"1723","Morocco","Africa","2020",""
"1724","Morocco","Africa","2021",""
"1725","Morocco","Africa","2022",""
"1726","Mozambique","Africa","2000","3.7"
"1727","Mozambique","Africa","2001","3.8"
"1728","Mozambique","Africa","2002","4"
"1729","Mozambique","Africa","2003","4.2"
"1730","Mozambique","Africa","2004","4.4"
"1731","Mozambique","Africa","2005","4.6"
"1732","Mozambique","Africa","2006","4.8"
"1733","Mozambique","Africa","2007","5"
"1734","Mozambique","Africa","2008","5.2"
"1735","Mozambique","Africa","2009","5.4"
"1736","Mozambique","Africa","2010","5.7"
"1737","Mozambique","Africa","2011","5.9"
"1738","Mozambique","Africa","2012","6.1"
"1739","Mozambique","Africa","2013","6.4"
"1740","Mozambique","Africa","2014","6.7"
"1741","Mozambique","Africa","2015","6.9"
"1742","Mozambique","Africa","2016","7.2"
"1743","Mozambique","Africa","2017",""
"1744","Mozambique","Africa","2018",""
"1745","Mozambique","Africa","2019",""
"1746","Mozambique","Africa","2020",""
"1747","Mozambique","Africa","2021",""
"1748","Mozambique","Africa","2022",""
"1749","Namibia","Africa","2000","9.5"
"1750","Namibia","Africa","2001","9.8"
"1751","Namibia","Africa","2002","10.2"
"1752","Namibia","Africa","2003","10.7"
"1753","Namibia","Africa","2004","11.1"
"1754","Namibia","Africa","2005","11.6"
"1755","Namibia","Africa","2006","12"
"1756","Namibia","Africa","2007","12.5"
"1757","Namibia","Africa","2008","13"
"1758","Namibia","Africa","2009","13.5"
"1759","Namibia","Africa","2010","14"
"1760","Namibia","Africa","2011","14.6"
"1761","Namibia","Africa","2012","15.1"
"1762","Namibia","Africa","2013","15.6"
"1763","Namibia","Africa","2014","16.1"
"1764","Namibia","Africa","2015","16.7"
"1765","Namibia","Africa","2016","17.2"
"1766","Namibia","Africa","2017",""
"1767","Namibia","Africa","2018",""
"1768","Namibia","Africa","2019",""
"1769","Namibia","Africa","2020",""
"1770","Namibia","Africa","2021",""
"1771","Namibia","Africa","2022",""
"1772","Niger","Africa","2000","2.5"
"1773","Niger","Africa","2001","2.7"
"1774","Niger","Africa","2002","2.8"
"1775","Niger","Africa","2003","2.9"
"1776","Niger","Africa","2004","3.1"
"1777","Niger","Africa","2005","3.2"
"1778","Niger","Africa","2006","3.4"
"1779","Niger","Africa","2007","3.6"
"1780","Niger","Africa","2008","3.7"
"1781","Niger","Africa","2009","3.9"
"1782","Niger","Africa","2010","4.1"
"1783","Niger","Africa","2011","4.3"
"1784","Niger","Africa","2012","4.5"
"1785","Niger","Africa","2013","4.8"
"1786","Niger","Africa","2014","5"
"1787","Niger","Africa","2015","5.2"
"1788","Niger","Africa","2016","5.5"
"1789","Niger","Africa","2017",""
"1790","Niger","Africa","2018",""
"1791","Niger","Africa","2019",""
"1792","Niger","Africa","2020",""
"1793","Niger","Africa","2021",""
"1794","Niger","Africa","2022",""
"1795","Nigeria","Africa","2000","4"
"1796","Nigeria","Africa","2001","4.2"
"1797","Nigeria","Africa","2002","4.4"
"1798","Nigeria","Africa","2003","4.7"
"1799","Nigeria","Africa","2004","4.9"
"1800","Nigeria","Africa","2005","5.2"
"1801","Nigeria","Africa","2006","5.4"
"1802","Nigeria","Africa","2007","5.7"
"1803","Nigeria","Africa","2008","6"
"1804","Nigeria","Africa","2009","6.4"
"1805","Nigeria","Africa","2010","6.7"
"1806","Nigeria","Africa","2011","7"
"1807","Nigeria","Africa","2012","7.4"
"1808","Nigeria","Africa","2013","7.7"
"1809","Nigeria","Africa","2014","8.1"
"1810","Nigeria","Africa","2015","8.5"
"1811","Nigeria","Africa","2016","8.9"
"1812","Nigeria","Africa","2017",""
"1813","Nigeria","Africa","2018",""
"1814","Nigeria","Africa","2019",""
"1815","Nigeria","Africa","2020",""
"1816","Nigeria","Africa","2021",""
"1817","Nigeria","Africa","2022",""
"1818","Rwanda","Africa","2000","2.3"
"1819","Rwanda","Africa","2001","2.4"
"1820","Rwanda","Africa","2002","2.6"
"1821","Rwanda","Africa","2003","2.8"
"1822","Rwanda","Africa","2004","3"
"1823","Rwanda","Africa","2005","3.2"
"1824","Rwanda","Africa","2006","3.3"
"1825","Rwanda","Africa","2007","3.6"
"1826","Rwanda","Africa","2008","3.8"
"1827","Rwanda","Africa","2009","4"
"1828","Rwanda","Africa","2010","4.2"
"1829","Rwanda","Africa","2011","4.5"
"1830","Rwanda","Africa","2012","4.7"
"1831","Rwanda","Africa","2013","5"
"1832","Rwanda","Africa","2014","5.3"
"1833","Rwanda","Africa","2015","5.6"
"1834","Rwanda","Africa","2016","5.8"
"1835","Rwanda","Africa","2017",""
"1836","Rwanda","Africa","2018",""
"1837","Rwanda","Africa","2019",""
"1838","Rwanda","Africa","2020",""
"1839","Rwanda","Africa","2021",""
"1840","Rwanda","Africa","2022",""
"1841","Sao Tome and Principe","Africa","2000","6.3"
"1842","Sao Tome and Principe","Africa","2001","6.6"
"1843","Sao Tome and Principe","Africa","2002","6.9"
"1844","Sao Tome and Principe","Africa","2003","7.3"
"1845","Sao Tome and Principe","Africa","2004","7.7"
"1846","Sao Tome and Principe","Africa","2005","8"
"1847","Sao Tome and Principe","Africa","2006","8.4"
"1848","Sao Tome and Principe","Africa","2007","8.8"
"1849","Sao Tome and Principe","Africa","2008","9.2"
"1850","Sao Tome and Principe","Africa","2009","9.6"
"1851","Sao Tome and Principe","Africa","2010","10"
"1852","Sao Tome and Principe","Africa","2011","10.3"
"1853","Sao Tome and Principe","Africa","2012","10.7"
"1854","Sao Tome and Principe","Africa","2013","11.2"
"1855","Sao Tome and Principe","Africa","2014","11.6"
"1856","Sao Tome and Principe","Africa","2015","12"
"1857","Sao Tome and Principe","Africa","2016","12.4"
"1858","Sao Tome and Principe","Africa","2017",""
"1859","Sao Tome and Principe","Africa","2018",""
"1860","Sao Tome and Principe","Africa","2019",""
"1861","Sao Tome and Principe","Africa","2020",""
"1862","Sao Tome and Principe","Africa","2021",""
"1863","Sao Tome and Principe","Africa","2022",""
"1864","Senegal","Africa","2000","4.7"
"1865","Senegal","Africa","2001","4.9"
"1866","Senegal","Africa","2002","5.1"
"1867","Senegal","Africa","2003","5.3"
"1868","Senegal","Africa","2004","5.6"
"1869","Senegal","Africa","2005","5.8"
"1870","Senegal","Africa","2006","6"
"1871","Senegal","Africa","2007","6.3"
"1872","Senegal","Africa","2008","6.5"
"1873","Senegal","Africa","2009","6.8"
"1874","Senegal","Africa","2010","7.1"
"1875","Senegal","Africa","2011","7.3"
"1876","Senegal","Africa","2012","7.6"
"1877","Senegal","Africa","2013","7.9"
"1878","Senegal","Africa","2014","8.2"
"1879","Senegal","Africa","2015","8.5"
"1880","Senegal","Africa","2016","8.8"
"1881","Senegal","Africa","2017",""
"1882","Senegal","Africa","2018",""
"1883","Senegal","Africa","2019",""
"1884","Senegal","Africa","2020",""
"1885","Senegal","Africa","2021",""
"1886","Senegal","Africa","2022",""
"1887","Seychelles","Africa","2000","8.6"
"1888","Seychelles","Africa","2001","8.9"
"1889","Seychelles","Africa","2002","9.2"
"1890","Seychelles","Africa","2003","9.5"
"1891","Seychelles","Africa","2004","9.8"
"1892","Seychelles","Africa","2005","10"
"1893","Seychelles","Africa","2006","10.4"
"1894","Seychelles","Africa","2007","10.7"
"1895","Seychelles","Africa","2008","11"
"1896","Seychelles","Africa","2009","11.4"
"1897","Seychelles","Africa","2010","11.7"
"1898","Seychelles","Africa","2011","12"
"1899","Seychelles","Africa","2012","12.4"
"1900","Seychelles","Africa","2013","12.8"
"1901","Seychelles","Africa","2014","13.2"
"1902","Seychelles","Africa","2015","13.5"
"1903","Seychelles","Africa","2016","14"
"1904","Seychelles","Africa","2017",""
"1905","Seychelles","Africa","2018",""
"1906","Seychelles","Africa","2019",""
"1907","Seychelles","Africa","2020",""
"1908","Seychelles","Africa","2021",""
"1909","Seychelles","Africa","2022",""
"1910","Sierra Leone","Africa","2000","4.4"
"1911","Sierra Leone","Africa","2001","4.6"
"1912","Sierra Leone","Africa","2002","4.9"
"1913","Sierra Leone","Africa","2003","5.1"
"1914","Sierra Leone","Africa","2004","5.3"
"1915","Sierra Leone","Africa","2005","5.5"
"1916","Sierra Leone","Africa","2006","5.8"
"1917","Sierra Leone","Africa","2007","6"
"1918","Sierra Leone","Africa","2008","6.3"
"1919","Sierra Leone","Africa","2009","6.5"
"1920","Sierra Leone","Africa","2010","6.8"
"1921","Sierra Leone","Africa","2011","7.1"
"1922","Sierra Leone","Africa","2012","7.4"
"1923","Sierra Leone","Africa","2013","7.7"
"1924","Sierra Leone","Africa","2014","8"
"1925","Sierra Leone","Africa","2015","8.3"
"1926","Sierra Leone","Africa","2016","8.7"
"1927","Sierra Leone","Africa","2017",""
"1928","Sierra Leone","Africa","2018",""
"1929","Sierra Leone","Africa","2019",""
"1930","Sierra Leone","Africa","2020",""
"1931","Sierra Leone","Africa","2021",""
"1932","Sierra Leone","Africa","2022",""
"1933","Somalia","Africa","2000","4.1"
"1934","Somalia","Africa","2001","4.3"
"1935","Somalia","Africa","2002","4.5"
"1936","Somalia","Africa","2003","4.7"
"1937","Somalia","Africa","2004","4.9"
"1938","Somalia","Africa","2005","5.2"
"1939","Somalia","Africa","2006","5.4"
"1940","Somalia","Africa","2007","5.6"
"1941","Somalia","Africa","2008","5.9"
"1942","Somalia","Africa","2009","6.2"
"1943","Somalia","Africa","2010","6.4"
"1944","Somalia","Africa","2011","6.7"
"1945","Somalia","Africa","2012","7"
"1946","Somalia","Africa","2013","7.3"
"1947","Somalia","Africa","2014","7.6"
"1948","Somalia","Africa","2015","7.9"
"1949","Somalia","Africa","2016","8.3"
"1950","Somalia","Africa","2017",""
"1951","Somalia","Africa","2018",""
"1952","Somalia","Africa","2019",""
"1953","Somalia","Africa","2020",""
"1954","Somalia","Africa","2021",""
"1955","Somalia","Africa","2022",""
"1956","South Africa","Africa","2000","19.7"
"1957","South Africa","Africa","2001","20.2"
"1958","South Africa","Africa","2002","20.8"
"1959","South Africa","Africa","2003","21.3"
"1960","South Africa","Africa","2004","21.8"
"1961","South Africa","Africa","2005","22.3"
"1962","South Africa","Africa","2006","22.9"
"1963","South Africa","Africa","2007","23.4"
"1964","South Africa","Africa","2008","24"
"1965","South Africa","Africa","2009","24.5"
"1966","South Africa","Africa","2010","25.1"
"1967","South Africa","Africa","2011","25.6"
"1968","South Africa","Africa","2012","26.1"
"1969","South Africa","Africa","2013","26.7"
"1970","South Africa","Africa","2014","27.2"
"1971","South Africa","Africa","2015","27.8"
"1972","South Africa","Africa","2016","28.3"
"1973","South Africa","Africa","2017",""
"1974","South Africa","Africa","2018",""
"1975","South Africa","Africa","2019",""
"1976","South Africa","Africa","2020",""
"1977","South Africa","Africa","2021",""
"1978","South Africa","Africa","2022",""
"1979","Togo","Africa","2000","4.1"
"1980","Togo","Africa","2001","4.3"
"1981","Togo","Africa","2002","4.5"
"1982","Togo","Africa","2003","4.7"
"1983","Togo","Africa","2004","5"
"1984","Togo","Africa","2005","5.2"
"1985","Togo","Africa","2006","5.5"
"1986","Togo","Africa","2007","5.7"
"1987","Togo","Africa","2008","6"
"1988","Togo","Africa","2009","6.3"
"1989","Togo","Africa","2010","6.5"
"1990","Togo","Africa","2011","6.8"
"1991","Togo","Africa","2012","7.1"
"1992","Togo","Africa","2013","7.4"
"1993","Togo","Africa","2014","7.8"
"1994","Togo","Africa","2015","8.1"
"1995","Togo","Africa","2016","8.4"
"1996","Togo","Africa","2017",""
"1997","Togo","Africa","2018",""
"1998","Togo","Africa","2019",""
"1999","Togo","Africa","2020",""
"2000","Togo","Africa","2021",""
"2001","Togo","Africa","2022",""
"2002","Tunisia","Africa","2000","18.2"
"2003","Tunisia","Africa","2001","18.7"
"2004","Tunisia","Africa","2002","19.2"
"2005","Tunisia","Africa","2003","19.7"
"2006","Tunisia","Africa","2004","20.2"
"2007","Tunisia","Africa","2005","20.7"
"2008","Tunisia","Africa","2006","21.3"
"2009","Tunisia","Africa","2007","21.8"
"2010","Tunisia","Africa","2008","22.3"
"2011","Tunisia","Africa","2009","22.9"
"2012","Tunisia","Africa","2010","23.4"
"2013","Tunisia","Africa","2011","24"
"2014","Tunisia","Africa","2012","24.6"
"2015","Tunisia","Africa","2013","25.1"
"2016","Tunisia","Africa","2014","25.7"
"2017","Tunisia","Africa","2015","26.3"
"2018","Tunisia","Africa","2016","26.9"
"2019","Tunisia","Africa","2017",""
"2020","Tunisia","Africa","2018",""
"2021","Tunisia","Africa","2019",""
"2022","Tunisia","Africa","2020",""
"2023","Tunisia","Africa","2021",""
"2024","Tunisia","Africa","2022",""
"2025","Uganda","Africa","2000","2.4"
"2026","Uganda","Africa","2001","2.5"
"2027","Uganda","Africa","2002","2.6"
"2028","Uganda","Africa","2003","2.8"
"2029","Uganda","Africa","2004","2.9"
"2030","Uganda","Africa","2005","3.1"
"2031","Uganda","Africa","2006","3.2"
"2032","Uganda","Africa","2007","3.4"
"2033","Uganda","Africa","2008","3.5"
"2034","Uganda","Africa","2009","3.7"
"2035","Uganda","Africa","2010","3.9"
"2036","Uganda","Africa","2011","4.1"
"2037","Uganda","Africa","2012","4.3"
"2038","Uganda","Africa","2013","4.5"
"2039","Uganda","Africa","2014","4.8"
"2040","Uganda","Africa","2015","5"
"2041","Uganda","Africa","2016","5.3"
"2042","Uganda","Africa","2017",""
"2043","Uganda","Africa","2018",""
"2044","Uganda","Africa","2019",""
"2045","Uganda","Africa","2020",""
"2046","Uganda","Africa","2021",""
"2047","Uganda","Africa","2022",""
"2048","United Republic of Tanzania","Africa","2000","3.8"
"2049","United Republic of Tanzania","Africa","2001","4"
"2050","United Republic of Tanzania","Africa","2002","4.2"
"2051","United Republic of Tanzania","Africa","2003","4.4"
"2052","United Republic of Tanzania","Africa","2004","4.7"
"2053","United Republic of Tanzania","Africa","2005","4.9"
"2054","United Republic of Tanzania","Africa","2006","5.1"
"2055","United Republic of Tanzania","Africa","2007","5.4"
"2056","United Republic of Tanzania","Africa","2008","5.7"
"2057","United Republic of Tanzania","Africa","2009","6"
"2058","United Republic of Tanzania","Africa","2010","6.3"
"2059","United Republic of Tanzania","Africa","2011","6.6"
"2060","United Republic of Tanzania","Africa","2012","6.9"
"2061","United Republic of Tanzania","Africa","2013","7.3"
"2062","United Republic of Tanzania","Africa","2014","7.6"
"2063","United Republic of Tanzania","Africa","2015","8"
"2064","United Republic of Tanzania","Africa","2016","8.4"
"2065","United Republic of Tanzania","Africa","2017",""
"2066","United Republic of Tanzania","Africa","2018",""
"2067","United Republic of Tanzania","Africa","2019",""
"2068","United Republic of Tanzania","Africa","2020",""
"2069","United Republic of Tanzania","Africa","2021",""
"2070","United Republic of Tanzania","Africa","2022",""
"2071","Zambia","Africa","2000","4.2"
"2072","Zambia","Africa","2001","4.4"
"2073","Zambia","Africa","2002","4.5"
"2074","Zambia","Africa","2003","4.7"
"2075","Zambia","Africa","2004","4.9"
"2076","Zambia","Africa","2005","5.1"
"2077","Zambia","Africa","2006","5.3"
"2078","Zambia","Africa","2007","5.5"
"2079","Zambia","Africa","2008","5.7"
"2080","Zambia","Africa","2009","6"
"2081","Zambia","Africa","2010","6.3"
"2082","Zambia","Africa","2011","6.5"
"2083","Zambia","Africa","2012","6.8"
"2084","Zambia","Africa","2013","7.1"
"2085","Zambia","Africa","2014","7.4"
"2086","Zambia","Africa","2015","7.7"
"2087","Zambia","Africa","2016","8.1"
"2088","Zambia","Africa","2017",""
"2089","Zambia","Africa","2018",""
"2090","Zambia","Africa","2019",""
"2091","Zambia","Africa","2020",""
"2092","Zambia","Africa","2021",""
"2093","Zambia","Africa","2022",""
"2094","Zimbabwe","Africa","2000","10.5"
"2095","Zimbabwe","Africa","2001","10.9"
"2096","Zimbabwe","Africa","2002","11.2"
"2097","Zimbabwe","Africa","2003","11.5"
"2098","Zimbabwe","Africa","2004","11.9"
"2099","Zimbabwe","Africa","2005","12.2"
"2100","Zimbabwe","Africa","2006","12.5"
"2101","Zimbabwe","Africa","2007","12.9"
"2102","Zimbabwe","Africa","2008","13.2"
"2103","Zimbabwe","Africa","2009","13.5"
"2104","Zimbabwe","Africa","2010","13.8"
"2105","Zimbabwe","Africa","2011","14.1"
"2106","Zimbabwe","Africa","2012","14.3"
"2107","Zimbabwe","Africa","2013","14.6"
"2108","Zimbabwe","Africa","2014","14.9"
"2109","Zimbabwe","Africa","2015","15.2"
"2110","Zimbabwe","Africa","2016","15.5"
"2111","Zimbabwe","Africa","2017",""
"2112","Zimbabwe","Africa","2018",""
"2113","Zimbabwe","Africa","2019",""
"2114","Zimbabwe","Africa","2020",""
"2115","Zimbabwe","Africa","2021",""
"2116","Zimbabwe","Africa","2022",""
