"","Area","Region","YearPeriod","TotalProtein(AVG_g/cap/day)","AnimalProtein(AVG_g/cap/day)"
"1","Albania","Europe","Y20002002","93","41"
"2","Albania","Europe","Y20012003","94.7","44"
"3","Albania","Europe","Y20022004","95.7","46"
"4","Albania","Europe","Y20032005","96","47.3"
"5","Albania","Europe","Y20042006","96.7","48.3"
"6","Albania","Europe","Y20052007","97.3","49.3"
"7","Albania","Europe","Y20062008","98.3","51"
"8","Albania","Europe","Y20072009","99.7","52.3"
"9","Albania","Europe","Y20082010","102.3","53.7"
"10","Albania","Europe","Y20092011","104.7","54.3"
"11","Albania","Europe","Y20102012","107","54.7"
"12","Albania","Europe","Y20112013","108.7","55.7"
"13","Albania","Europe","Y20122014","109","56"
"14","Albania","Europe","Y20132015","110","57"
"15","Albania","Europe","Y20142016","111.3","58.3"
"16","Albania","Europe","Y20152017","113","60.3"
"17","Albania","Europe","Y20162018","113.3","61"
"18","Albania","Europe","Y20172019","113.7","61.3"
"19","Albania","Europe","Y20182020","113","60"
"20","Albania","Europe","Y20192021","",""
"21","Albania","Europe","Y20202022","",""
"22","Algeria","Africa","Y20002002","77","19"
"23","Algeria","Africa","Y20012003","79.4","19.3"
"24","Algeria","Africa","Y20022004","81.4","20"
"25","Algeria","Africa","Y20032005","83","20.3"
"26","Algeria","Africa","Y20042006","83.3","21"
"27","Algeria","Africa","Y20052007","83.3","21"
"28","Algeria","Africa","Y20062008","83","21"
"29","Algeria","Africa","Y20072009","84","21.3"
"30","Algeria","Africa","Y20082010","85.4","22.4"
"31","Algeria","Africa","Y20092011","87","23.7"
"32","Algeria","Africa","Y20102012","88.7","25"
"33","Algeria","Africa","Y20112013","89.7","25.7"
"34","Algeria","Africa","Y20122014","90.7","26.3"
"35","Algeria","Africa","Y20132015","90.7","26.3"
"36","Algeria","Africa","Y20142016","90.7","26.3"
"37","Algeria","Africa","Y20152017","89.6","25.7"
"38","Algeria","Africa","Y20162018","89.3","25"
"39","Algeria","Africa","Y20172019","89.7","24.7"
"40","Algeria","Africa","Y20182020","90","24.3"
"41","Algeria","Africa","Y20192021","",""
"42","Algeria","Africa","Y20202022","",""
"43","Angola","Africa","Y20002002","40.4","12.3"
"44","Angola","Africa","Y20012003","41.7","12.7"
"45","Angola","Africa","Y20022004","42.3","12.7"
"46","Angola","Africa","Y20032005","43","12.7"
"47","Angola","Africa","Y20042006","43.7","12.7"
"48","Angola","Africa","Y20052007","45.4","13.7"
"49","Angola","Africa","Y20062008","47.7","14.7"
"50","Angola","Africa","Y20072009","49.7","15"
"51","Angola","Africa","Y20082010","49.3","14.6"
"52","Angola","Africa","Y20092011","48.6","14.7"
"53","Angola","Africa","Y20102012","48.7","16.1"
"54","Angola","Africa","Y20112013","50.7","17.4"
"55","Angola","Africa","Y20122014","53.8","19.4"
"56","Angola","Africa","Y20132015","54.7","19"
"57","Angola","Africa","Y20142016","54.2","17.9"
"58","Angola","Africa","Y20152017","52.7","16"
"59","Angola","Africa","Y20162018","52","15.3"
"60","Angola","Africa","Y20172019","50.9","14.6"
"61","Angola","Africa","Y20182020","48.9","13.3"
"62","Angola","Africa","Y20192021","",""
"63","Angola","Africa","Y20202022","",""
"64","Austria","Europe","Y20002002","106","64"
"65","Austria","Europe","Y20012003","104.7","62.7"
"66","Austria","Europe","Y20022004","102.7","61"
"67","Austria","Europe","Y20032005","101.3","59.7"
"68","Austria","Europe","Y20042006","101","59.3"
"69","Austria","Europe","Y20052007","102","59.7"
"70","Austria","Europe","Y20062008","101.7","59.3"
"71","Austria","Europe","Y20072009","102","59.3"
"72","Austria","Europe","Y20082010","103","60.7"
"73","Austria","Europe","Y20092011","105","62.3"
"74","Austria","Europe","Y20102012","105","62.7"
"75","Austria","Europe","Y20112013","104.7","62"
"76","Austria","Europe","Y20122014","104.3","61.3"
"77","Austria","Europe","Y20132015","106","62.7"
"78","Austria","Europe","Y20142016","107.3","64"
"79","Austria","Europe","Y20152017","107.7","64.3"
"80","Austria","Europe","Y20162018","108.3","65"
"81","Austria","Europe","Y20172019","108.3","64.3"
"82","Austria","Europe","Y20182020","108","64"
"83","Austria","Europe","Y20192021","",""
"84","Austria","Europe","Y20202022","",""
"85","Belarus","Europe","Y20002002","86.7","46"
"86","Belarus","Europe","Y20012003","86.3","46.7"
"87","Belarus","Europe","Y20022004","86","46"
"88","Belarus","Europe","Y20032005","87","46.3"
"89","Belarus","Europe","Y20042006","88.7","47.7"
"90","Belarus","Europe","Y20052007","90.3","49.7"
"91","Belarus","Europe","Y20062008","90.7","50.3"
"92","Belarus","Europe","Y20072009","91","51"
"93","Belarus","Europe","Y20082010","91","51"
"94","Belarus","Europe","Y20092011","91.3","51.7"
"95","Belarus","Europe","Y20102012","91.7","51.7"
"96","Belarus","Europe","Y20112013","91","51"
"97","Belarus","Europe","Y20122014","91","50"
"98","Belarus","Europe","Y20132015","89.7","48.3"
"99","Belarus","Europe","Y20142016","89","48"
"100","Belarus","Europe","Y20152017","88.3","48"
"101","Belarus","Europe","Y20162018","89","49"
"102","Belarus","Europe","Y20172019","93","52.7"
"103","Belarus","Europe","Y20182020","97.7","57"
"104","Belarus","Europe","Y20192021","",""
"105","Belarus","Europe","Y20202022","",""
"106","Belgium","Europe","Y20002002","98.7","60.3"
"107","Belgium","Europe","Y20012003","99.7","61"
"108","Belgium","Europe","Y20022004","99.3","60.3"
"109","Belgium","Europe","Y20032005","99","60"
"110","Belgium","Europe","Y20042006","99.3","60"
"111","Belgium","Europe","Y20052007","100","60.7"
"112","Belgium","Europe","Y20062008","99.7","60"
"113","Belgium","Europe","Y20072009","98.3","58.7"
"114","Belgium","Europe","Y20082010","96.7","57"
"115","Belgium","Europe","Y20092011","96","56.3"
"116","Belgium","Europe","Y20102012","96.7","57"
"117","Belgium","Europe","Y20112013","97.7","57.3"
"118","Belgium","Europe","Y20122014","98.3","57"
"119","Belgium","Europe","Y20132015","98.3","56.3"
"120","Belgium","Europe","Y20142016","98.3","56.7"
"121","Belgium","Europe","Y20152017","98.3","57.7"
"122","Belgium","Europe","Y20162018","98.3","57.7"
"123","Belgium","Europe","Y20172019","99.7","58.7"
"124","Belgium","Europe","Y20182020","101.7","61"
"125","Belgium","Europe","Y20192021","",""
"126","Belgium","Europe","Y20202022","",""
"127","Benin","Africa","Y20002002","55.7","9"
"128","Benin","Africa","Y20012003","56","9.4"
"129","Benin","Africa","Y20022004","57.7","9.7"
"130","Benin","Africa","Y20032005","57","9.3"
"131","Benin","Africa","Y20042006","57.7","9"
"132","Benin","Africa","Y20052007","58.4","9"
"133","Benin","Africa","Y20062008","60","9.7"
"134","Benin","Africa","Y20072009","61.7","10.4"
"135","Benin","Africa","Y20082010","62.7","12"
"136","Benin","Africa","Y20092011","63.3","13"
"137","Benin","Africa","Y20102012","64","14"
"138","Benin","Africa","Y20112013","64.7","14"
"139","Benin","Africa","Y20122014","66","15"
"140","Benin","Africa","Y20132015","66.7","15.7"
"141","Benin","Africa","Y20142016","67","16"
"142","Benin","Africa","Y20152017","65.6","14.6"
"143","Benin","Africa","Y20162018","64.3","13.3"
"144","Benin","Africa","Y20172019","64.7","12.3"
"145","Benin","Africa","Y20182020","65.4","11.7"
"146","Benin","Africa","Y20192021","",""
"147","Benin","Africa","Y20202022","",""
"148","Bosnia and Herzegovina","Europe","Y20002002","79.3","23"
"149","Bosnia and Herzegovina","Europe","Y20012003","80.7","23.7"
"150","Bosnia and Herzegovina","Europe","Y20022004","84","24.7"
"151","Bosnia and Herzegovina","Europe","Y20032005","85.6","26"
"152","Bosnia and Herzegovina","Europe","Y20042006","87.3","27"
"153","Bosnia and Herzegovina","Europe","Y20052007","87","28"
"154","Bosnia and Herzegovina","Europe","Y20062008","88","28.7"
"155","Bosnia and Herzegovina","Europe","Y20072009","89.3","30"
"156","Bosnia and Herzegovina","Europe","Y20082010","89.3","30.7"
"157","Bosnia and Herzegovina","Europe","Y20092011","88.7","31"
"158","Bosnia and Herzegovina","Europe","Y20102012","88.7","31.3"
"159","Bosnia and Herzegovina","Europe","Y20112013","89.3","31.3"
"160","Bosnia and Herzegovina","Europe","Y20122014","91","31.7"
"161","Bosnia and Herzegovina","Europe","Y20132015","93.3","33"
"162","Bosnia and Herzegovina","Europe","Y20142016","96","35"
"163","Bosnia and Herzegovina","Europe","Y20152017","97.3","36.3"
"164","Bosnia and Herzegovina","Europe","Y20162018","98","36.7"
"165","Bosnia and Herzegovina","Europe","Y20172019","99","37"
"166","Bosnia and Herzegovina","Europe","Y20182020","100.7","37.3"
"167","Bosnia and Herzegovina","Europe","Y20192021","",""
"168","Bosnia and Herzegovina","Europe","Y20202022","",""
"169","Botswana","Africa","Y20002002","66.3","24.7"
"170","Botswana","Africa","Y20012003","65","23"
"171","Botswana","Africa","Y20022004","63","22.3"
"172","Botswana","Africa","Y20032005","60.7","22.4"
"173","Botswana","Africa","Y20042006","59.3","23"
"174","Botswana","Africa","Y20052007","57.7","22.7"
"175","Botswana","Africa","Y20062008","57.7","22.3"
"176","Botswana","Africa","Y20072009","60","23"
"177","Botswana","Africa","Y20082010","65.1","26.7"
"178","Botswana","Africa","Y20092011","70.7","31.8"
"179","Botswana","Africa","Y20102012","74.7","36"
"180","Botswana","Africa","Y20112013","74.6","36"
"181","Botswana","Africa","Y20122014","73.3","33.6"
"182","Botswana","Africa","Y20132015","72.7","31.7"
"183","Botswana","Africa","Y20142016","72.7","30.7"
"184","Botswana","Africa","Y20152017","72","29"
"185","Botswana","Africa","Y20162018","70.7","28"
"186","Botswana","Africa","Y20172019","70","27"
"187","Botswana","Africa","Y20182020","70.7","27.7"
"188","Botswana","Africa","Y20192021","",""
"189","Botswana","Africa","Y20202022","",""
"190","Bulgaria","Europe","Y20002002","83.3","39"
"191","Bulgaria","Europe","Y20012003","81","37"
"192","Bulgaria","Europe","Y20022004","79.7","36.7"
"193","Bulgaria","Europe","Y20032005","78.3","37"
"194","Bulgaria","Europe","Y20042006","78.7","38.3"
"195","Bulgaria","Europe","Y20052007","77.3","37.7"
"196","Bulgaria","Europe","Y20062008","78.3","37.7"
"197","Bulgaria","Europe","Y20072009","78.7","37.3"
"198","Bulgaria","Europe","Y20082010","80","38.3"
"199","Bulgaria","Europe","Y20092011","80","38.7"
"200","Bulgaria","Europe","Y20102012","80.3","38.7"
"201","Bulgaria","Europe","Y20112013","81","38.7"
"202","Bulgaria","Europe","Y20122014","82.7","38.7"
"203","Bulgaria","Europe","Y20132015","82.7","39"
"204","Bulgaria","Europe","Y20142016","83.7","39.3"
"205","Bulgaria","Europe","Y20152017","83.7","40"
"206","Bulgaria","Europe","Y20162018","84.3","41"
"207","Bulgaria","Europe","Y20172019","83","42"
"208","Bulgaria","Europe","Y20182020","80.7","41.7"
"209","Bulgaria","Europe","Y20192021","",""
"210","Bulgaria","Europe","Y20202022","",""
"211","Burkina Faso","Africa","Y20002002","68.7","9"
"212","Burkina Faso","Africa","Y20012003","71.1","9.7"
"213","Burkina Faso","Africa","Y20022004","73","10.4"
"214","Burkina Faso","Africa","Y20032005","74","11"
"215","Burkina Faso","Africa","Y20042006","74","11"
"216","Burkina Faso","Africa","Y20052007","74.7","11"
"217","Burkina Faso","Africa","Y20062008","76.4","11"
"218","Burkina Faso","Africa","Y20072009","77.7","11"
"219","Burkina Faso","Africa","Y20082010","79.4","11.3"
"220","Burkina Faso","Africa","Y20092011","79.7","11.7"
"221","Burkina Faso","Africa","Y20102012","80.3","12"
"222","Burkina Faso","Africa","Y20112013","80.4","11.7"
"223","Burkina Faso","Africa","Y20122014","80.7","11.3"
"224","Burkina Faso","Africa","Y20132015","80.3","11"
"225","Burkina Faso","Africa","Y20142016","79.7","11"
"226","Burkina Faso","Africa","Y20152017","79","11"
"227","Burkina Faso","Africa","Y20162018","79","11"
"228","Burkina Faso","Africa","Y20172019","84.1","14.1"
"229","Burkina Faso","Africa","Y20182020","89.1","16.4"
"230","Burkina Faso","Africa","Y20192021","",""
"231","Burkina Faso","Africa","Y20202022","",""
"232","Burundi","Africa","Y20002002","",""
"233","Burundi","Africa","Y20012003","",""
"234","Burundi","Africa","Y20022004","",""
"235","Burundi","Africa","Y20032005","",""
"236","Burundi","Africa","Y20042006","",""
"237","Burundi","Africa","Y20052007","",""
"238","Burundi","Africa","Y20062008","",""
"239","Burundi","Africa","Y20072009","",""
"240","Burundi","Africa","Y20082010","",""
"241","Burundi","Africa","Y20092011","",""
"242","Burundi","Africa","Y20102012","",""
"243","Burundi","Africa","Y20112013","",""
"244","Burundi","Africa","Y20122014","11.7","0.7"
"245","Burundi","Africa","Y20132015","24","1.4"
"246","Burundi","Africa","Y20142016","37","2"
"247","Burundi","Africa","Y20152017","39.7","2"
"248","Burundi","Africa","Y20162018","40.7","2"
"249","Burundi","Africa","Y20172019","41.3","2.3"
"250","Burundi","Africa","Y20182020","41","2.3"
"251","Burundi","Africa","Y20192021","",""
"252","Burundi","Africa","Y20202022","",""
"253","Cabo Verde","Africa","Y20002002","62","23.7"
"254","Cabo Verde","Africa","Y20012003","62","23.7"
"255","Cabo Verde","Africa","Y20022004","63.7","24.3"
"256","Cabo Verde","Africa","Y20032005","66","25"
"257","Cabo Verde","Africa","Y20042006","67.3","25.3"
"258","Cabo Verde","Africa","Y20052007","68.3","25.3"
"259","Cabo Verde","Africa","Y20062008","69","26"
"260","Cabo Verde","Africa","Y20072009","70","27"
"261","Cabo Verde","Africa","Y20082010","70.3","27.3"
"262","Cabo Verde","Africa","Y20092011","70.3","27"
"263","Cabo Verde","Africa","Y20102012","70.3","26"
"264","Cabo Verde","Africa","Y20112013","70","25.3"
"265","Cabo Verde","Africa","Y20122014","69.7","25"
"266","Cabo Verde","Africa","Y20132015","69.3","25.3"
"267","Cabo Verde","Africa","Y20142016","69.3","25.7"
"268","Cabo Verde","Africa","Y20152017","69.7","26"
"269","Cabo Verde","Africa","Y20162018","70.3","25.7"
"270","Cabo Verde","Africa","Y20172019","71","25.3"
"271","Cabo Verde","Africa","Y20182020","71","24.7"
"272","Cabo Verde","Africa","Y20192021","",""
"273","Cabo Verde","Africa","Y20202022","",""
"274","Cameroon","Africa","Y20002002","55.7","11.3"
"275","Cameroon","Africa","Y20012003","56.3","11.7"
"276","Cameroon","Africa","Y20022004","57","12"
"277","Cameroon","Africa","Y20032005","58.7","12.3"
"278","Cameroon","Africa","Y20042006","60.4","12.3"
"279","Cameroon","Africa","Y20052007","62","12"
"280","Cameroon","Africa","Y20062008","63.4","12"
"281","Cameroon","Africa","Y20072009","65","12.3"
"282","Cameroon","Africa","Y20082010","67.7","12.3"
"283","Cameroon","Africa","Y20092011","70.4","12.7"
"284","Cameroon","Africa","Y20102012","72","12.3"
"285","Cameroon","Africa","Y20112013","72.7","12.7"
"286","Cameroon","Africa","Y20122014","72.3","12.7"
"287","Cameroon","Africa","Y20132015","72.7","13"
"288","Cameroon","Africa","Y20142016","72.7","12.7"
"289","Cameroon","Africa","Y20152017","72.3","12"
"290","Cameroon","Africa","Y20162018","72","11.3"
"291","Cameroon","Africa","Y20172019","71.7","11"
"292","Cameroon","Africa","Y20182020","72","11"
"293","Cameroon","Africa","Y20192021","",""
"294","Cameroon","Africa","Y20202022","",""
"295","Central African Republic","Africa","Y20002002","47","17"
"296","Central African Republic","Africa","Y20012003","47","17"
"297","Central African Republic","Africa","Y20022004","47","17.3"
"298","Central African Republic","Africa","Y20032005","47","17.7"
"299","Central African Republic","Africa","Y20042006","48","18"
"300","Central African Republic","Africa","Y20052007","49","18.3"
"301","Central African Republic","Africa","Y20062008","50","18.7"
"302","Central African Republic","Africa","Y20072009","51","19"
"303","Central African Republic","Africa","Y20082010","51.3","19"
"304","Central African Republic","Africa","Y20092011","52","19"
"305","Central African Republic","Africa","Y20102012","52","19"
"306","Central African Republic","Africa","Y20112013","51.3","19"
"307","Central African Republic","Africa","Y20122014","49.3","19.3"
"308","Central African Republic","Africa","Y20132015","47.7","19.7"
"309","Central African Republic","Africa","Y20142016","48","20"
"310","Central African Republic","Africa","Y20152017","49.4","20"
"311","Central African Republic","Africa","Y20162018","50.7","20"
"312","Central African Republic","Africa","Y20172019","50.7","20.3"
"313","Central African Republic","Africa","Y20182020","50","20.3"
"314","Central African Republic","Africa","Y20192021","",""
"315","Central African Republic","Africa","Y20202022","",""
"316","Chad","Africa","Y20002002","63","11.7"
"317","Chad","Africa","Y20012003","63","11.3"
"318","Chad","Africa","Y20022004","62.3","11"
"319","Chad","Africa","Y20032005","62.3","10.7"
"320","Chad","Africa","Y20042006","62","10.3"
"321","Chad","Africa","Y20052007","61.3","9.7"
"322","Chad","Africa","Y20062008","61","9.3"
"323","Chad","Africa","Y20072009","60.7","9"
"324","Chad","Africa","Y20082010","65.8","13.8"
"325","Chad","Africa","Y20092011","70.5","18.5"
"326","Chad","Africa","Y20102012","75.7","23.3"
"327","Chad","Africa","Y20112013","76.4","23.7"
"328","Chad","Africa","Y20122014","77","24.7"
"329","Chad","Africa","Y20132015","76.7","25"
"330","Chad","Africa","Y20142016","76.7","25.3"
"331","Chad","Africa","Y20152017","77","25.3"
"332","Chad","Africa","Y20162018","77.7","25.7"
"333","Chad","Africa","Y20172019","78","26.3"
"334","Chad","Africa","Y20182020","77.7","26.7"
"335","Chad","Africa","Y20192021","",""
"336","Chad","Africa","Y20202022","",""
"337","Comoros","Africa","Y20002002","",""
"338","Comoros","Africa","Y20012003","",""
"339","Comoros","Africa","Y20022004","",""
"340","Comoros","Africa","Y20032005","",""
"341","Comoros","Africa","Y20042006","",""
"342","Comoros","Africa","Y20052007","",""
"343","Comoros","Africa","Y20062008","",""
"344","Comoros","Africa","Y20072009","",""
"345","Comoros","Africa","Y20082010","18","4.8"
"346","Comoros","Africa","Y20092011","35.7","9.4"
"347","Comoros","Africa","Y20102012","53","14"
"348","Comoros","Africa","Y20112013","53.3","14"
"349","Comoros","Africa","Y20122014","53.7","14"
"350","Comoros","Africa","Y20132015","54","14"
"351","Comoros","Africa","Y20142016","54.7","14.3"
"352","Comoros","Africa","Y20152017","55.3","14.7"
"353","Comoros","Africa","Y20162018","55","14.3"
"354","Comoros","Africa","Y20172019","54.3","14.7"
"355","Comoros","Africa","Y20182020","54.7","15.7"
"356","Comoros","Africa","Y20192021","",""
"357","Comoros","Africa","Y20202022","",""
"358","Congo","Africa","Y20002002","43.7","13.7"
"359","Congo","Africa","Y20012003","45","15"
"360","Congo","Africa","Y20022004","46.4","16.7"
"361","Congo","Africa","Y20032005","44.9","16.6"
"362","Congo","Africa","Y20042006","44","17"
"363","Congo","Africa","Y20052007","42.7","16.4"
"364","Congo","Africa","Y20062008","44","17.3"
"365","Congo","Africa","Y20072009","45","17.3"
"366","Congo","Africa","Y20082010","44.7","16.6"
"367","Congo","Africa","Y20092011","44.6","17"
"368","Congo","Africa","Y20102012","43.7","17.4"
"369","Congo","Africa","Y20112013","45.4","19.4"
"370","Congo","Africa","Y20122014","47","20.7"
"371","Congo","Africa","Y20132015","49.4","22"
"372","Congo","Africa","Y20142016","49.7","22.7"
"373","Congo","Africa","Y20152017","51","24"
"374","Congo","Africa","Y20162018","51.7","25"
"375","Congo","Africa","Y20172019","52.7","25.3"
"376","Congo","Africa","Y20182020","52.3","25"
"377","Congo","Africa","Y20192021","",""
"378","Congo","Africa","Y20202022","",""
"379","Croatia","Europe","Y20002002","71.3","32.3"
"380","Croatia","Europe","Y20012003","74.3","34.3"
"381","Croatia","Europe","Y20022004","75.3","36.3"
"382","Croatia","Europe","Y20032005","76","38.3"
"383","Croatia","Europe","Y20042006","77.7","41.3"
"384","Croatia","Europe","Y20052007","79.7","43.7"
"385","Croatia","Europe","Y20062008","81","45.3"
"386","Croatia","Europe","Y20072009","82.3","46"
"387","Croatia","Europe","Y20082010","82","45.7"
"388","Croatia","Europe","Y20092011","81.7","45.3"
"389","Croatia","Europe","Y20102012","81.3","45.7"
"390","Croatia","Europe","Y20112013","82.7","47"
"391","Croatia","Europe","Y20122014","83.7","48.7"
"392","Croatia","Europe","Y20132015","85","49.3"
"393","Croatia","Europe","Y20142016","86.7","50"
"394","Croatia","Europe","Y20152017","88.7","51.3"
"395","Croatia","Europe","Y20162018","90.3","53"
"396","Croatia","Europe","Y20172019","92","55.3"
"397","Croatia","Europe","Y20182020","93.3","56"
"398","Croatia","Europe","Y20192021","",""
"399","Croatia","Europe","Y20202022","",""
"400","Czechia","Europe","Y20002002","91.3","54"
"401","Czechia","Europe","Y20012003","92","54"
"402","Czechia","Europe","Y20022004","93.3","54.7"
"403","Czechia","Europe","Y20032005","95.7","55.7"
"404","Czechia","Europe","Y20042006","96.7","56"
"405","Czechia","Europe","Y20052007","96.3","56"
"406","Czechia","Europe","Y20062008","94.3","55.3"
"407","Czechia","Europe","Y20072009","93.3","55"
"408","Czechia","Europe","Y20082010","92.3","54.7"
"409","Czechia","Europe","Y20092011","91.3","53.7"
"410","Czechia","Europe","Y20102012","89.3","52.7"
"411","Czechia","Europe","Y20112013","87.7","51"
"412","Czechia","Europe","Y20122014","86.7","49.7"
"413","Czechia","Europe","Y20132015","87","49.3"
"414","Czechia","Europe","Y20142016","87.3","49.7"
"415","Czechia","Europe","Y20152017","87","51"
"416","Czechia","Europe","Y20162018","86.7","51.7"
"417","Czechia","Europe","Y20172019","86.3","52.7"
"418","Czechia","Europe","Y20182020","87.7","54"
"419","Czechia","Europe","Y20192021","",""
"420","Czechia","Europe","Y20202022","",""
"421","Côte d'Ivoire","Africa","Y20002002","51","11.3"
"422","Côte d'Ivoire","Africa","Y20012003","52","12"
"423","Côte d'Ivoire","Africa","Y20022004","53","12.7"
"424","Côte d'Ivoire","Africa","Y20032005","54","13"
"425","Côte d'Ivoire","Africa","Y20042006","54.7","13"
"426","Côte d'Ivoire","Africa","Y20052007","55","12.7"
"427","Côte d'Ivoire","Africa","Y20062008","55.3","12.7"
"428","Côte d'Ivoire","Africa","Y20072009","56","13"
"429","Côte d'Ivoire","Africa","Y20082010","56.7","13"
"430","Côte d'Ivoire","Africa","Y20092011","57","12.7"
"431","Côte d'Ivoire","Africa","Y20102012","56.7","11.7"
"432","Côte d'Ivoire","Africa","Y20112013","56.3","11.3"
"433","Côte d'Ivoire","Africa","Y20122014","56.3","11.7"
"434","Côte d'Ivoire","Africa","Y20132015","57.4","12.7"
"435","Côte d'Ivoire","Africa","Y20142016","58.4","13.3"
"436","Côte d'Ivoire","Africa","Y20152017","59.7","13.7"
"437","Côte d'Ivoire","Africa","Y20162018","60.4","14"
"438","Côte d'Ivoire","Africa","Y20172019","61.3","15"
"439","Côte d'Ivoire","Africa","Y20182020","62","15.3"
"440","Côte d'Ivoire","Africa","Y20192021","",""
"441","Côte d'Ivoire","Africa","Y20202022","",""
"442","Democratic Republic of the Congo","Africa","Y20002002","",""
"443","Democratic Republic of the Congo","Africa","Y20012003","",""
"444","Democratic Republic of the Congo","Africa","Y20022004","",""
"445","Democratic Republic of the Congo","Africa","Y20032005","",""
"446","Democratic Republic of the Congo","Africa","Y20042006","",""
"447","Democratic Republic of the Congo","Africa","Y20052007","",""
"448","Democratic Republic of the Congo","Africa","Y20062008","",""
"449","Democratic Republic of the Congo","Africa","Y20072009","",""
"450","Democratic Republic of the Congo","Africa","Y20082010","10.7","1"
"451","Democratic Republic of the Congo","Africa","Y20092011","21.3","2"
"452","Democratic Republic of the Congo","Africa","Y20102012","31.3","3"
"453","Democratic Republic of the Congo","Africa","Y20112013","31","3"
"454","Democratic Republic of the Congo","Africa","Y20122014","31","3"
"455","Democratic Republic of the Congo","Africa","Y20132015","31","3"
"456","Democratic Republic of the Congo","Africa","Y20142016","31","3"
"457","Democratic Republic of the Congo","Africa","Y20152017","30.7","3"
"458","Democratic Republic of the Congo","Africa","Y20162018","30.3","3"
"459","Democratic Republic of the Congo","Africa","Y20172019","30.3","3"
"460","Democratic Republic of the Congo","Africa","Y20182020","29.7","3"
"461","Democratic Republic of the Congo","Africa","Y20192021","",""
"462","Democratic Republic of the Congo","Africa","Y20202022","",""
"463","Denmark","Europe","Y20002002","104.3","66.7"
"464","Denmark","Europe","Y20012003","105.7","67.7"
"465","Denmark","Europe","Y20022004","105","66.7"
"466","Denmark","Europe","Y20032005","107.7","69"
"467","Denmark","Europe","Y20042006","110.7","71.3"
"468","Denmark","Europe","Y20052007","112.3","73"
"469","Denmark","Europe","Y20062008","110.3","70.7"
"470","Denmark","Europe","Y20072009","107.3","67.7"
"471","Denmark","Europe","Y20082010","107","66.3"
"472","Denmark","Europe","Y20092011","105.3","65"
"473","Denmark","Europe","Y20102012","107.3","67.3"
"474","Denmark","Europe","Y20112013","108","69"
"475","Denmark","Europe","Y20122014","109.3","70.3"
"476","Denmark","Europe","Y20132015","109.3","70.7"
"477","Denmark","Europe","Y20142016","110.3","71.7"
"478","Denmark","Europe","Y20152017","112.7","74"
"479","Denmark","Europe","Y20162018","115.3","77"
"480","Denmark","Europe","Y20172019","115","77.3"
"481","Denmark","Europe","Y20182020","113.3","76.3"
"482","Denmark","Europe","Y20192021","",""
"483","Denmark","Europe","Y20202022","",""
"484","Djibouti","Africa","Y20002002","48.3","14.7"
"485","Djibouti","Africa","Y20012003","49","14.3"
"486","Djibouti","Africa","Y20022004","49.7","14.3"
"487","Djibouti","Africa","Y20032005","51.7","14.3"
"488","Djibouti","Africa","Y20042006","54.7","16"
"489","Djibouti","Africa","Y20052007","58.7","18.4"
"490","Djibouti","Africa","Y20062008","60.7","19.7"
"491","Djibouti","Africa","Y20072009","61.7","18"
"492","Djibouti","Africa","Y20082010","62","15.3"
"493","Djibouti","Africa","Y20092011","62.3","13"
"494","Djibouti","Africa","Y20102012","63","12.7"
"495","Djibouti","Africa","Y20112013","63.7","13"
"496","Djibouti","Africa","Y20122014","65.4","13.7"
"497","Djibouti","Africa","Y20132015","67.7","14.7"
"498","Djibouti","Africa","Y20142016","69","15"
"499","Djibouti","Africa","Y20152017","69.7","15.3"
"500","Djibouti","Africa","Y20162018","68.7","15"
"501","Djibouti","Africa","Y20172019","68.3","14"
"502","Djibouti","Africa","Y20182020","68.3","13"
"503","Djibouti","Africa","Y20192021","",""
"504","Djibouti","Africa","Y20202022","",""
"505","Egypt","Africa","Y20002002","94.3","17.7"
"506","Egypt","Africa","Y20012003","94.7","18"
"507","Egypt","Africa","Y20022004","94.3","18.3"
"508","Egypt","Africa","Y20032005","94.3","18.7"
"509","Egypt","Africa","Y20042006","95.4","19.4"
"510","Egypt","Africa","Y20052007","97.7","21"
"511","Egypt","Africa","Y20062008","99.3","22"
"512","Egypt","Africa","Y20072009","99.7","22"
"513","Egypt","Africa","Y20082010","100","22"
"514","Egypt","Africa","Y20092011","99.3","22"
"515","Egypt","Africa","Y20102012","99.3","23"
"516","Egypt","Africa","Y20112013","98.3","23.3"
"517","Egypt","Africa","Y20122014","98.7","24"
"518","Egypt","Africa","Y20132015","98.3","24"
"519","Egypt","Africa","Y20142016","97.6","23.7"
"520","Egypt","Africa","Y20152017","97.3","24"
"521","Egypt","Africa","Y20162018","97","24.7"
"522","Egypt","Africa","Y20172019","97","25.3"
"523","Egypt","Africa","Y20182020","95.3","24.3"
"524","Egypt","Africa","Y20192021","",""
"525","Egypt","Africa","Y20202022","",""
"526","Estonia","Europe","Y20002002","89","52.3"
"527","Estonia","Europe","Y20012003","89.7","53"
"528","Estonia","Europe","Y20022004","88.7","52.7"
"529","Estonia","Europe","Y20032005","88.7","51.7"
"530","Estonia","Europe","Y20042006","89.6","51.3"
"531","Estonia","Europe","Y20052007","94","52.7"
"532","Estonia","Europe","Y20062008","96.7","53.3"
"533","Estonia","Europe","Y20072009","98.3","54.3"
"534","Estonia","Europe","Y20082010","98.7","54"
"535","Estonia","Europe","Y20092011","98","53"
"536","Estonia","Europe","Y20102012","97.3","51.3"
"537","Estonia","Europe","Y20112013","99","51.7"
"538","Estonia","Europe","Y20122014","99.7","53.3"
"539","Estonia","Europe","Y20132015","101.7","57.7"
"540","Estonia","Europe","Y20142016","101.7","61.7"
"541","Estonia","Europe","Y20152017","102","63.3"
"542","Estonia","Europe","Y20162018","102.7","63.7"
"543","Estonia","Europe","Y20172019","103","65.3"
"544","Estonia","Europe","Y20182020","103","67.7"
"545","Estonia","Europe","Y20192021","",""
"546","Estonia","Europe","Y20202022","",""
"547","Eswatini","Africa","Y20002002","62","20.3"
"548","Eswatini","Africa","Y20012003","63.7","21"
"549","Eswatini","Africa","Y20022004","68","24.7"
"550","Eswatini","Africa","Y20032005","69","25.7"
"551","Eswatini","Africa","Y20042006","67.3","24.3"
"552","Eswatini","Africa","Y20052007","62.6","20.3"
"553","Eswatini","Africa","Y20062008","58.7","17"
"554","Eswatini","Africa","Y20072009","57","15.7"
"555","Eswatini","Africa","Y20082010","55","15.7"
"556","Eswatini","Africa","Y20092011","54","16"
"557","Eswatini","Africa","Y20102012","54","16.7"
"558","Eswatini","Africa","Y20112013","56.3","17.3"
"559","Eswatini","Africa","Y20122014","58.7","18.7"
"560","Eswatini","Africa","Y20132015","59.3","19.3"
"561","Eswatini","Africa","Y20142016","59.3","19"
"562","Eswatini","Africa","Y20152017","59","18.3"
"563","Eswatini","Africa","Y20162018","59.7","18"
"564","Eswatini","Africa","Y20172019","59.7","18"
"565","Eswatini","Africa","Y20182020","60.3","17.7"
"566","Eswatini","Africa","Y20192021","",""
"567","Eswatini","Africa","Y20202022","",""
"568","Ethiopia","Africa","Y20002002","51.7","5.4"
"569","Ethiopia","Africa","Y20012003","53","6.4"
"570","Ethiopia","Africa","Y20022004","53.7","7"
"571","Ethiopia","Africa","Y20032005","54.7","6.7"
"572","Ethiopia","Africa","Y20042006","55.4","6.7"
"573","Ethiopia","Africa","Y20052007","56","6.7"
"574","Ethiopia","Africa","Y20062008","56.7","7.3"
"575","Ethiopia","Africa","Y20072009","58","7.3"
"576","Ethiopia","Africa","Y20082010","62.8","7.7"
"577","Ethiopia","Africa","Y20092011","66.8","7.3"
"578","Ethiopia","Africa","Y20102012","70.7","7.3"
"579","Ethiopia","Africa","Y20112013","71.7","6.7"
"580","Ethiopia","Africa","Y20122014","71.3","6.7"
"581","Ethiopia","Africa","Y20132015","71.3","6.7"
"582","Ethiopia","Africa","Y20142016","71.4","6.7"
"583","Ethiopia","Africa","Y20152017","72.7","6.3"
"584","Ethiopia","Africa","Y20162018","72.3","6"
"585","Ethiopia","Africa","Y20172019","72.3","6.3"
"586","Ethiopia","Africa","Y20182020","72.7","6.7"
"587","Ethiopia","Africa","Y20192021","",""
"588","Ethiopia","Africa","Y20202022","",""
"589","Finland","Europe","Y20002002","101.7","62.7"
"590","Finland","Europe","Y20012003","102.7","63.7"
"591","Finland","Europe","Y20022004","103.7","64"
"592","Finland","Europe","Y20032005","104.7","64.3"
"593","Finland","Europe","Y20042006","106","64.3"
"594","Finland","Europe","Y20052007","107.7","65.3"
"595","Finland","Europe","Y20062008","109.7","66.7"
"596","Finland","Europe","Y20072009","110","67.3"
"597","Finland","Europe","Y20082010","110.7","67.7"
"598","Finland","Europe","Y20092011","111.3","68.3"
"599","Finland","Europe","Y20102012","113.7","69.7"
"600","Finland","Europe","Y20112013","115","71"
"601","Finland","Europe","Y20122014","116.7","72.3"
"602","Finland","Europe","Y20132015","117.3","73.7"
"603","Finland","Europe","Y20142016","117.7","74.3"
"604","Finland","Europe","Y20152017","117.7","74.3"
"605","Finland","Europe","Y20162018","117.7","74.3"
"606","Finland","Europe","Y20172019","118.3","74.3"
"607","Finland","Europe","Y20182020","118","74.3"
"608","Finland","Europe","Y20192021","",""
"609","Finland","Europe","Y20202022","",""
"610","France","Europe","Y20002002","118","78"
"611","France","Europe","Y20012003","117.7","77.7"
"612","France","Europe","Y20022004","116","76"
"613","France","Europe","Y20032005","113.7","74"
"614","France","Europe","Y20042006","111.7","72.3"
"615","France","Europe","Y20052007","110.3","71.3"
"616","France","Europe","Y20062008","110.7","71"
"617","France","Europe","Y20072009","111","71"
"618","France","Europe","Y20082010","111.7","70.7"
"619","France","Europe","Y20092011","111.3","70"
"620","France","Europe","Y20102012","111","69.3"
"621","France","Europe","Y20112013","110","68.7"
"622","France","Europe","Y20122014","108.7","67"
"623","France","Europe","Y20132015","108","65"
"624","France","Europe","Y20142016","108","63.3"
"625","France","Europe","Y20152017","108.7","63.3"
"626","France","Europe","Y20162018","108.7","63.7"
"627","France","Europe","Y20172019","112","67.7"
"628","France","Europe","Y20182020","115.3","71.3"
"629","France","Europe","Y20192021","",""
"630","France","Europe","Y20202022","",""
"631","Gabon","Africa","Y20002002","75.6","35.9"
"632","Gabon","Africa","Y20012003","74","34.6"
"633","Gabon","Africa","Y20022004","74.4","34.7"
"634","Gabon","Africa","Y20032005","77.1","37"
"635","Gabon","Africa","Y20042006","79.7","39.4"
"636","Gabon","Africa","Y20052007","80.3","40"
"637","Gabon","Africa","Y20062008","79.6","39.3"
"638","Gabon","Africa","Y20072009","79","38.3"
"639","Gabon","Africa","Y20082010","78.3","37"
"640","Gabon","Africa","Y20092011","79.4","37.7"
"641","Gabon","Africa","Y20102012","80.7","38.4"
"642","Gabon","Africa","Y20112013","82.4","39.7"
"643","Gabon","Africa","Y20122014","83.7","41"
"644","Gabon","Africa","Y20132015","84.7","42"
"645","Gabon","Africa","Y20142016","84.3","42"
"646","Gabon","Africa","Y20152017","82.6","40.3"
"647","Gabon","Africa","Y20162018","81","39.3"
"648","Gabon","Africa","Y20172019","79.7","38.3"
"649","Gabon","Africa","Y20182020","79.7","38.7"
"650","Gabon","Africa","Y20192021","",""
"651","Gabon","Africa","Y20202022","",""
"652","Gambia","Africa","Y20002002","58.3","13.3"
"653","Gambia","Africa","Y20012003","58.3","14"
"654","Gambia","Africa","Y20022004","58","14.7"
"655","Gambia","Africa","Y20032005","57.6","14.7"
"656","Gambia","Africa","Y20042006","57","14.7"
"657","Gambia","Africa","Y20052007","58","15"
"658","Gambia","Africa","Y20062008","59.7","15.3"
"659","Gambia","Africa","Y20072009","61.4","15.3"
"660","Gambia","Africa","Y20082010","62.3","15.7"
"661","Gambia","Africa","Y20092011","61.6","15.7"
"662","Gambia","Africa","Y20102012","60.3","15.3"
"663","Gambia","Africa","Y20112013","58.3","14.3"
"664","Gambia","Africa","Y20122014","59.7","14.7"
"665","Gambia","Africa","Y20132015","62.1","15.7"
"666","Gambia","Africa","Y20142016","64.7","16.7"
"667","Gambia","Africa","Y20152017","64.7","17.3"
"668","Gambia","Africa","Y20162018","63.6","17.3"
"669","Gambia","Africa","Y20172019","62.6","18"
"670","Gambia","Africa","Y20182020","61.7","18"
"671","Gambia","Africa","Y20192021","",""
"672","Gambia","Africa","Y20202022","",""
"673","Germany","Europe","Y20002002","96.7","57.3"
"674","Germany","Europe","Y20012003","97.7","58.3"
"675","Germany","Europe","Y20022004","97.3","58.3"
"676","Germany","Europe","Y20032005","96.3","58.3"
"677","Germany","Europe","Y20042006","97","58.3"
"678","Germany","Europe","Y20052007","99","59.7"
"679","Germany","Europe","Y20062008","100.7","60.7"
"680","Germany","Europe","Y20072009","101.7","61.7"
"681","Germany","Europe","Y20082010","101.3","61.3"
"682","Germany","Europe","Y20092011","102","61.7"
"683","Germany","Europe","Y20102012","101.7","61.3"
"684","Germany","Europe","Y20112013","101.7","61.3"
"685","Germany","Europe","Y20122014","102","61.3"
"686","Germany","Europe","Y20132015","103.3","62"
"687","Germany","Europe","Y20142016","104.3","62.7"
"688","Germany","Europe","Y20152017","104.3","62.7"
"689","Germany","Europe","Y20162018","104.3","63"
"690","Germany","Europe","Y20172019","104.7","64"
"691","Germany","Europe","Y20182020","105","65.7"
"692","Germany","Europe","Y20192021","",""
"693","Germany","Europe","Y20202022","",""
"694","Ghana","Africa","Y20002002","52.4","14.3"
"695","Ghana","Africa","Y20012003","53.7","13.7"
"696","Ghana","Africa","Y20022004","55.7","14.4"
"697","Ghana","Africa","Y20032005","57","14.7"
"698","Ghana","Africa","Y20042006","59","15.7"
"699","Ghana","Africa","Y20052007","59.3","16"
"700","Ghana","Africa","Y20062008","61","16.3"
"701","Ghana","Africa","Y20072009","62","15.6"
"702","Ghana","Africa","Y20082010","63","14.3"
"703","Ghana","Africa","Y20092011","63.3","14"
"704","Ghana","Africa","Y20102012","63.3","14"
"705","Ghana","Africa","Y20112013","63.7","14.7"
"706","Ghana","Africa","Y20122014","62.6","14.3"
"707","Ghana","Africa","Y20132015","61.3","14.3"
"708","Ghana","Africa","Y20142016","59.6","14"
"709","Ghana","Africa","Y20152017","59.3","14.3"
"710","Ghana","Africa","Y20162018","60","14.7"
"711","Ghana","Africa","Y20172019","61.7","15"
"712","Ghana","Africa","Y20182020","63.4","15.3"
"713","Ghana","Africa","Y20192021","",""
"714","Ghana","Africa","Y20202022","",""
"715","Greece","Europe","Y20002002","116","63"
"716","Greece","Europe","Y20012003","115","62"
"717","Greece","Europe","Y20022004","115.7","62"
"718","Greece","Europe","Y20032005","116","62.7"
"719","Greece","Europe","Y20042006","114.7","62.7"
"720","Greece","Europe","Y20052007","114","63.7"
"721","Greece","Europe","Y20062008","113","63.7"
"722","Greece","Europe","Y20072009","113","63.3"
"723","Greece","Europe","Y20082010","111.7","62.7"
"724","Greece","Europe","Y20092011","110.7","62"
"725","Greece","Europe","Y20102012","108.7","60.3"
"726","Greece","Europe","Y20112013","107.3","58.7"
"727","Greece","Europe","Y20122014","107.7","58.7"
"728","Greece","Europe","Y20132015","107.3","58.3"
"729","Greece","Europe","Y20142016","106.7","58"
"730","Greece","Europe","Y20152017","105.3","57"
"731","Greece","Europe","Y20162018","106.3","59"
"732","Greece","Europe","Y20172019","106.7","61.3"
"733","Greece","Europe","Y20182020","105.7","62.3"
"734","Greece","Europe","Y20192021","",""
"735","Greece","Europe","Y20202022","",""
"736","Guinea","Africa","Y20002002","51","7"
"737","Guinea","Africa","Y20012003","51.3","7.3"
"738","Guinea","Africa","Y20022004","51.7","7.3"
"739","Guinea","Africa","Y20032005","51.7","7.3"
"740","Guinea","Africa","Y20042006","51.7","7"
"741","Guinea","Africa","Y20052007","51.7","7"
"742","Guinea","Africa","Y20062008","52.3","7"
"743","Guinea","Africa","Y20072009","53.4","7.7"
"744","Guinea","Africa","Y20082010","53.7","8.7"
"745","Guinea","Africa","Y20092011","54","9.7"
"746","Guinea","Africa","Y20102012","54.4","10.3"
"747","Guinea","Africa","Y20112013","55.7","11"
"748","Guinea","Africa","Y20122014","56.7","11"
"749","Guinea","Africa","Y20132015","56.3","10.7"
"750","Guinea","Africa","Y20142016","56.3","10.3"
"751","Guinea","Africa","Y20152017","56","10.7"
"752","Guinea","Africa","Y20162018","56.7","11"
"753","Guinea","Africa","Y20172019","57","11.3"
"754","Guinea","Africa","Y20182020","57.3","11.3"
"755","Guinea","Africa","Y20192021","",""
"756","Guinea","Africa","Y20202022","",""
"757","Guinea-Bissau","Africa","Y20002002","44","8"
"758","Guinea-Bissau","Africa","Y20012003","43.3","8"
"759","Guinea-Bissau","Africa","Y20022004","43","7.7"
"760","Guinea-Bissau","Africa","Y20032005","42.7","7.3"
"761","Guinea-Bissau","Africa","Y20042006","43","7"
"762","Guinea-Bissau","Africa","Y20052007","43","7"
"763","Guinea-Bissau","Africa","Y20062008","43.3","7.3"
"764","Guinea-Bissau","Africa","Y20072009","43.3","7.7"
"765","Guinea-Bissau","Africa","Y20082010","43.3","8.3"
"766","Guinea-Bissau","Africa","Y20092011","43","8.7"
"767","Guinea-Bissau","Africa","Y20102012","43","9"
"768","Guinea-Bissau","Africa","Y20112013","43.3","9.3"
"769","Guinea-Bissau","Africa","Y20122014","43","9.3"
"770","Guinea-Bissau","Africa","Y20132015","42.6","9.3"
"771","Guinea-Bissau","Africa","Y20142016","42.3","9"
"772","Guinea-Bissau","Africa","Y20152017","42.7","9"
"773","Guinea-Bissau","Africa","Y20162018","43","9"
"774","Guinea-Bissau","Africa","Y20172019","43.3","9"
"775","Guinea-Bissau","Africa","Y20182020","43.7","8.7"
"776","Guinea-Bissau","Africa","Y20192021","",""
"777","Guinea-Bissau","Africa","Y20202022","",""
"778","Hungary","Europe","Y20002002","89.3","51.7"
"779","Hungary","Europe","Y20012003","88","51"
"780","Hungary","Europe","Y20022004","88.7","51"
"781","Hungary","Europe","Y20032005","89","49.3"
"782","Hungary","Europe","Y20042006","90","48.7"
"783","Hungary","Europe","Y20052007","89","48"
"784","Hungary","Europe","Y20062008","87.7","48"
"785","Hungary","Europe","Y20072009","86","47.3"
"786","Hungary","Europe","Y20082010","84","46"
"787","Hungary","Europe","Y20092011","82.3","44.7"
"788","Hungary","Europe","Y20102012","80.7","44"
"789","Hungary","Europe","Y20112013","79.7","43.3"
"790","Hungary","Europe","Y20122014","80.3","43.7"
"791","Hungary","Europe","Y20132015","82","44.7"
"792","Hungary","Europe","Y20142016","85","46.7"
"793","Hungary","Europe","Y20152017","86.7","48.3"
"794","Hungary","Europe","Y20162018","88","49.7"
"795","Hungary","Europe","Y20172019","89","50.3"
"796","Hungary","Europe","Y20182020","88.7","50.7"
"797","Hungary","Europe","Y20192021","",""
"798","Hungary","Europe","Y20202022","",""
"799","Iceland","Europe","Y20002002","123.7","88.7"
"800","Iceland","Europe","Y20012003","125.7","92"
"801","Iceland","Europe","Y20022004","127.7","95"
"802","Iceland","Europe","Y20032005","128.3","95"
"803","Iceland","Europe","Y20042006","130","95.4"
"804","Iceland","Europe","Y20052007","133.7","97.7"
"805","Iceland","Europe","Y20062008","135.3","99"
"806","Iceland","Europe","Y20072009","135.3","98.7"
"807","Iceland","Europe","Y20082010","132","95"
"808","Iceland","Europe","Y20092011","130.3","93"
"809","Iceland","Europe","Y20102012","128.7","91.3"
"810","Iceland","Europe","Y20112013","128.7","91.7"
"811","Iceland","Europe","Y20122014","131","93.4"
"812","Iceland","Europe","Y20132015","134.7","96.4"
"813","Iceland","Europe","Y20142016","138.7","99.3"
"814","Iceland","Europe","Y20152017","141.4","102"
"815","Iceland","Europe","Y20162018","143","103"
"816","Iceland","Europe","Y20172019","144.3","104.7"
"817","Iceland","Europe","Y20182020","143.3","104"
"818","Iceland","Europe","Y20192021","",""
"819","Iceland","Europe","Y20202022","",""
"820","Ireland","Europe","Y20002002","117.3","74.7"
"821","Ireland","Europe","Y20012003","117.3","75"
"822","Ireland","Europe","Y20022004","116","74.3"
"823","Ireland","Europe","Y20032005","115","73.7"
"824","Ireland","Europe","Y20042006","114.3","72"
"825","Ireland","Europe","Y20052007","112.6","70"
"826","Ireland","Europe","Y20062008","112.3","69"
"827","Ireland","Europe","Y20072009","111.3","67.6"
"828","Ireland","Europe","Y20082010","111.3","66"
"829","Ireland","Europe","Y20092011","110","64"
"830","Ireland","Europe","Y20102012","108","62.7"
"831","Ireland","Europe","Y20112013","107.3","62.7"
"832","Ireland","Europe","Y20122014","106.7","62.3"
"833","Ireland","Europe","Y20132015","109.7","64.3"
"834","Ireland","Europe","Y20142016","110.3","64.3"
"835","Ireland","Europe","Y20152017","113.3","66.7"
"836","Ireland","Europe","Y20162018","114.4","68"
"837","Ireland","Europe","Y20172019","115.7","69.3"
"838","Ireland","Europe","Y20182020","115.7","70.3"
"839","Ireland","Europe","Y20192021","",""
"840","Ireland","Europe","Y20202022","",""
"841","Italy","Europe","Y20002002","113","61.7"
"842","Italy","Europe","Y20012003","112.3","61.3"
"843","Italy","Europe","Y20022004","111.7","60.3"
"844","Italy","Europe","Y20032005","111","59.7"
"845","Italy","Europe","Y20042006","110.7","59.3"
"846","Italy","Europe","Y20052007","110.3","59.3"
"847","Italy","Europe","Y20062008","110","59.3"
"848","Italy","Europe","Y20072009","110.7","59.3"
"849","Italy","Europe","Y20082010","111","60"
"850","Italy","Europe","Y20092011","110.7","60"
"851","Italy","Europe","Y20102012","109.7","60"
"852","Italy","Europe","Y20112013","108.7","59"
"853","Italy","Europe","Y20122014","107.3","57.7"
"854","Italy","Europe","Y20132015","105.7","56"
"855","Italy","Europe","Y20142016","104","54.3"
"856","Italy","Europe","Y20152017","103.7","53.7"
"857","Italy","Europe","Y20162018","104","54"
"858","Italy","Europe","Y20172019","105","55.7"
"859","Italy","Europe","Y20182020","105.3","56.7"
"860","Italy","Europe","Y20192021","",""
"861","Italy","Europe","Y20202022","",""
"862","Kenya","Africa","Y20002002","56.7","15"
"863","Kenya","Africa","Y20012003","56.3","15"
"864","Kenya","Africa","Y20022004","56.3","15.3"
"865","Kenya","Africa","Y20032005","57.7","16"
"866","Kenya","Africa","Y20042006","59","16.7"
"867","Kenya","Africa","Y20052007","60","16.7"
"868","Kenya","Africa","Y20062008","58.6","16.3"
"869","Kenya","Africa","Y20072009","58.3","16.3"
"870","Kenya","Africa","Y20082010","58.4","16.3"
"871","Kenya","Africa","Y20092011","60.4","16.3"
"872","Kenya","Africa","Y20102012","61.7","15.7"
"873","Kenya","Africa","Y20112013","62.3","15.3"
"874","Kenya","Africa","Y20122014","62","15"
"875","Kenya","Africa","Y20132015","62.4","15"
"876","Kenya","Africa","Y20142016","62.7","15"
"877","Kenya","Africa","Y20152017","62","15"
"878","Kenya","Africa","Y20162018","61","15"
"879","Kenya","Africa","Y20172019","60.7","14.3"
"880","Kenya","Africa","Y20182020","60","13.7"
"881","Kenya","Africa","Y20192021","",""
"882","Kenya","Africa","Y20202022","",""
"883","Latvia","Europe","Y20002002","78.3","40.7"
"884","Latvia","Europe","Y20012003","81.3","42.3"
"885","Latvia","Europe","Y20022004","84","45"
"886","Latvia","Europe","Y20032005","85.3","46.7"
"887","Latvia","Europe","Y20042006","87","49"
"888","Latvia","Europe","Y20052007","89.3","51.6"
"889","Latvia","Europe","Y20062008","93","55"
"890","Latvia","Europe","Y20072009","95","57"
"891","Latvia","Europe","Y20082010","96","58"
"892","Latvia","Europe","Y20092011","96","57.3"
"893","Latvia","Europe","Y20102012","94.7","55.4"
"894","Latvia","Europe","Y20112013","93","53"
"895","Latvia","Europe","Y20122014","93.6","53"
"896","Latvia","Europe","Y20132015","94.3","53.3"
"897","Latvia","Europe","Y20142016","98.3","56.3"
"898","Latvia","Europe","Y20152017","99.6","57.6"
"899","Latvia","Europe","Y20162018","100.4","58.3"
"900","Latvia","Europe","Y20172019","98.3","57.7"
"901","Latvia","Europe","Y20182020","96.3","57.3"
"902","Latvia","Europe","Y20192021","",""
"903","Latvia","Europe","Y20202022","",""
"904","Lesotho","Africa","Y20002002","69","9.3"
"905","Lesotho","Africa","Y20012003","69.7","9.3"
"906","Lesotho","Africa","Y20022004","70.3","9.3"
"907","Lesotho","Africa","Y20032005","70.7","9.3"
"908","Lesotho","Africa","Y20042006","71.7","10"
"909","Lesotho","Africa","Y20052007","72","10.3"
"910","Lesotho","Africa","Y20062008","72.3","10.3"
"911","Lesotho","Africa","Y20072009","72.3","10"
"912","Lesotho","Africa","Y20082010","73.7","11"
"913","Lesotho","Africa","Y20092011","75.3","12.7"
"914","Lesotho","Africa","Y20102012","76.3","14.3"
"915","Lesotho","Africa","Y20112013","74","15"
"916","Lesotho","Africa","Y20122014","69.6","16.3"
"917","Lesotho","Africa","Y20132015","64.6","17.7"
"918","Lesotho","Africa","Y20142016","62.7","19"
"919","Lesotho","Africa","Y20152017","62.7","19"
"920","Lesotho","Africa","Y20162018","63.7","19"
"921","Lesotho","Africa","Y20172019","62","17"
"922","Lesotho","Africa","Y20182020","59.3","15.7"
"923","Lesotho","Africa","Y20192021","",""
"924","Lesotho","Africa","Y20202022","",""
"925","Liberia","Africa","Y20002002","35.3","5"
"926","Liberia","Africa","Y20012003","33.3","4.7"
"927","Liberia","Africa","Y20022004","33.3","5"
"928","Liberia","Africa","Y20032005","34.4","5.7"
"929","Liberia","Africa","Y20042006","34.7","5.6"
"930","Liberia","Africa","Y20052007","35","5.7"
"931","Liberia","Africa","Y20062008","35.4","5.7"
"932","Liberia","Africa","Y20072009","36","5.7"
"933","Liberia","Africa","Y20082010","36.3","6"
"934","Liberia","Africa","Y20092011","36.7","6.7"
"935","Liberia","Africa","Y20102012","37","7.7"
"936","Liberia","Africa","Y20112013","37.7","8"
"937","Liberia","Africa","Y20122014","38.4","9"
"938","Liberia","Africa","Y20132015","39.3","10"
"939","Liberia","Africa","Y20142016","40.3","11"
"940","Liberia","Africa","Y20152017","41","11"
"941","Liberia","Africa","Y20162018","41.3","10.7"
"942","Liberia","Africa","Y20172019","41.3","10.3"
"943","Liberia","Africa","Y20182020","40.7","10"
"944","Liberia","Africa","Y20192021","",""
"945","Liberia","Africa","Y20202022","",""
"946","Libya","Africa","Y20002002","",""
"947","Libya","Africa","Y20012003","",""
"948","Libya","Africa","Y20022004","",""
"949","Libya","Africa","Y20032005","",""
"950","Libya","Africa","Y20042006","",""
"951","Libya","Africa","Y20052007","",""
"952","Libya","Africa","Y20062008","",""
"953","Libya","Africa","Y20072009","",""
"954","Libya","Africa","Y20082010","27.6","10.2"
"955","Libya","Africa","Y20092011","52.6","19.7"
"956","Libya","Africa","Y20102012","80","30.6"
"957","Libya","Africa","Y20112013","80.9","31.3"
"958","Libya","Africa","Y20122014","82.7","31.6"
"959","Libya","Africa","Y20132015","83","30.7"
"960","Libya","Africa","Y20142016","83","30"
"961","Libya","Africa","Y20152017","82.3","30"
"962","Libya","Africa","Y20162018","82.7","31"
"963","Libya","Africa","Y20172019","81.7","31"
"964","Libya","Africa","Y20182020","82.3","31.7"
"965","Libya","Africa","Y20192021","",""
"966","Libya","Africa","Y20202022","",""
"967","Lithuania","Europe","Y20002002","105.3","53"
"968","Lithuania","Europe","Y20012003","106.3","55"
"969","Lithuania","Europe","Y20022004","110.3","59.6"
"970","Lithuania","Europe","Y20032005","114.3","64.3"
"971","Lithuania","Europe","Y20042006","118","69.3"
"972","Lithuania","Europe","Y20052007","121.3","72.6"
"973","Lithuania","Europe","Y20062008","123.6","75.6"
"974","Lithuania","Europe","Y20072009","126.7","77.3"
"975","Lithuania","Europe","Y20082010","122.7","74.4"
"976","Lithuania","Europe","Y20092011","118.1","70"
"977","Lithuania","Europe","Y20102012","114","66.7"
"978","Lithuania","Europe","Y20112013","114.7","67"
"979","Lithuania","Europe","Y20122014","117","69"
"980","Lithuania","Europe","Y20132015","119.3","70.7"
"981","Lithuania","Europe","Y20142016","122.3","72.7"
"982","Lithuania","Europe","Y20152017","124.3","74"
"983","Lithuania","Europe","Y20162018","125","75.3"
"984","Lithuania","Europe","Y20172019","124.3","77"
"985","Lithuania","Europe","Y20182020","124.7","79.3"
"986","Lithuania","Europe","Y20192021","",""
"987","Lithuania","Europe","Y20202022","",""
"988","Luxembourg","Europe","Y20002002","104","71.4"
"989","Luxembourg","Europe","Y20012003","107","73.7"
"990","Luxembourg","Europe","Y20022004","107.3","73.3"
"991","Luxembourg","Europe","Y20032005","108.7","74.3"
"992","Luxembourg","Europe","Y20042006","109","74"
"993","Luxembourg","Europe","Y20052007","109","73"
"994","Luxembourg","Europe","Y20062008","108.3","71.3"
"995","Luxembourg","Europe","Y20072009","108","69.6"
"996","Luxembourg","Europe","Y20082010","108.7","68.3"
"997","Luxembourg","Europe","Y20092011","110.4","68.7"
"998","Luxembourg","Europe","Y20102012","112.7","70.4"
"999","Luxembourg","Europe","Y20112013","113.7","72"
"1000","Luxembourg","Europe","Y20122014","113","71"
"1001","Luxembourg","Europe","Y20132015","112","70"
"1002","Luxembourg","Europe","Y20142016","111.3","69"
"1003","Luxembourg","Europe","Y20152017","110.6","69"
"1004","Luxembourg","Europe","Y20162018","109.3","67.6"
"1005","Luxembourg","Europe","Y20172019","108.3","67"
"1006","Luxembourg","Europe","Y20182020","108.7","66.7"
"1007","Luxembourg","Europe","Y20192021","",""
"1008","Luxembourg","Europe","Y20202022","",""
"1009","Madagascar","Africa","Y20002002","45.3","10.6"
"1010","Madagascar","Africa","Y20012003","45.3","10"
"1011","Madagascar","Africa","Y20022004","45.7","10"
"1012","Madagascar","Africa","Y20032005","46.7","10"
"1013","Madagascar","Africa","Y20042006","47.4","10.3"
"1014","Madagascar","Africa","Y20052007","48","10.7"
"1015","Madagascar","Africa","Y20062008","47.7","10.7"
"1016","Madagascar","Africa","Y20072009","47.3","10.3"
"1017","Madagascar","Africa","Y20082010","47","10"
"1018","Madagascar","Africa","Y20092011","47","10"
"1019","Madagascar","Africa","Y20102012","46.7","9.7"
"1020","Madagascar","Africa","Y20112013","45.6","9.3"
"1021","Madagascar","Africa","Y20122014","44.6","9"
"1022","Madagascar","Africa","Y20132015","43.7","9"
"1023","Madagascar","Africa","Y20142016","43.3","9"
"1024","Madagascar","Africa","Y20152017","43","9"
"1025","Madagascar","Africa","Y20162018","42.7","9"
"1026","Madagascar","Africa","Y20172019","41","7.6"
"1027","Madagascar","Africa","Y20182020","39","6.3"
"1028","Madagascar","Africa","Y20192021","",""
"1029","Madagascar","Africa","Y20202022","",""
"1030","Malawi","Africa","Y20002002","56","3.7"
"1031","Malawi","Africa","Y20012003","56","3.7"
"1032","Malawi","Africa","Y20022004","56","3.7"
"1033","Malawi","Africa","Y20032005","56","4"
"1034","Malawi","Africa","Y20042006","57","4"
"1035","Malawi","Africa","Y20052007","58.4","4"
"1036","Malawi","Africa","Y20062008","60","4.3"
"1037","Malawi","Africa","Y20072009","60.3","4.7"
"1038","Malawi","Africa","Y20082010","63.1","5"
"1039","Malawi","Africa","Y20092011","65.4","5.3"
"1040","Malawi","Africa","Y20102012","68.7","6.4"
"1041","Malawi","Africa","Y20112013","69","7"
"1042","Malawi","Africa","Y20122014","68","8"
"1043","Malawi","Africa","Y20132015","67.3","8.7"
"1044","Malawi","Africa","Y20142016","67.4","10"
"1045","Malawi","Africa","Y20152017","68.7","11.4"
"1046","Malawi","Africa","Y20162018","69.7","12.7"
"1047","Malawi","Africa","Y20172019","70.4","13.3"
"1048","Malawi","Africa","Y20182020","71","13"
"1049","Malawi","Africa","Y20192021","",""
"1050","Malawi","Africa","Y20202022","",""
"1051","Mali","Africa","Y20002002","68","16.7"
"1052","Mali","Africa","Y20012003","69","17.7"
"1053","Mali","Africa","Y20022004","70","18.4"
"1054","Mali","Africa","Y20032005","71.7","19.7"
"1055","Mali","Africa","Y20042006","72.4","20.4"
"1056","Mali","Africa","Y20052007","74","21.3"
"1057","Mali","Africa","Y20062008","75.4","22"
"1058","Mali","Africa","Y20072009","77.7","23"
"1059","Mali","Africa","Y20082010","80.4","23.3"
"1060","Mali","Africa","Y20092011","83.1","23.7"
"1061","Mali","Africa","Y20102012","84","23"
"1062","Mali","Africa","Y20112013","83.3","22"
"1063","Mali","Africa","Y20122014","82","21"
"1064","Mali","Africa","Y20132015","80.6","19.6"
"1065","Mali","Africa","Y20142016","80","19"
"1066","Mali","Africa","Y20152017","79.7","18"
"1067","Mali","Africa","Y20162018","80","18"
"1068","Mali","Africa","Y20172019","79","15.6"
"1069","Mali","Africa","Y20182020","77.6","12.9"
"1070","Mali","Africa","Y20192021","",""
"1071","Mali","Africa","Y20202022","",""
"1072","Malta","Europe","Y20002002","109","56.7"
"1073","Malta","Europe","Y20012003","109.7","57.3"
"1074","Malta","Europe","Y20022004","110.7","58.7"
"1075","Malta","Europe","Y20032005","110.7","59"
"1076","Malta","Europe","Y20042006","110.7","59"
"1077","Malta","Europe","Y20052007","111.7","59.7"
"1078","Malta","Europe","Y20062008","112.3","61"
"1079","Malta","Europe","Y20072009","111.7","61"
"1080","Malta","Europe","Y20082010","109.3","59.7"
"1081","Malta","Europe","Y20092011","108","58.3"
"1082","Malta","Europe","Y20102012","107.3","58.3"
"1083","Malta","Europe","Y20112013","108.3","59.3"
"1084","Malta","Europe","Y20122014","110.7","62"
"1085","Malta","Europe","Y20132015","112.3","63"
"1086","Malta","Europe","Y20142016","113.3","64.3"
"1087","Malta","Europe","Y20152017","113.7","64.4"
"1088","Malta","Europe","Y20162018","113","64.3"
"1089","Malta","Europe","Y20172019","109.6","62.3"
"1090","Malta","Europe","Y20182020","107","61.7"
"1091","Malta","Europe","Y20192021","",""
"1092","Malta","Europe","Y20202022","",""
"1093","Mauritania","Africa","Y20002002","76.4","31"
"1094","Mauritania","Africa","Y20012003","79.4","31.7"
"1095","Mauritania","Africa","Y20022004","79.3","32"
"1096","Mauritania","Africa","Y20032005","79.3","32"
"1097","Mauritania","Africa","Y20042006","77.3","31.3"
"1098","Mauritania","Africa","Y20052007","78","30.7"
"1099","Mauritania","Africa","Y20062008","78","29.7"
"1100","Mauritania","Africa","Y20072009","78.7","29.3"
"1101","Mauritania","Africa","Y20082010","78.7","29.3"
"1102","Mauritania","Africa","Y20092011","79","29.7"
"1103","Mauritania","Africa","Y20102012","79","30"
"1104","Mauritania","Africa","Y20112013","79.3","30"
"1105","Mauritania","Africa","Y20122014","80","30"
"1106","Mauritania","Africa","Y20132015","81.4","30"
"1107","Mauritania","Africa","Y20142016","82","30"
"1108","Mauritania","Africa","Y20152017","81.3","29.7"
"1109","Mauritania","Africa","Y20162018","81.3","29.7"
"1110","Mauritania","Africa","Y20172019","81.7","30"
"1111","Mauritania","Africa","Y20182020","82.7","30"
"1112","Mauritania","Africa","Y20192021","",""
"1113","Mauritania","Africa","Y20202022","",""
"1114","Mauritius","Africa","Y20002002","79.3","33.7"
"1115","Mauritius","Africa","Y20012003","81","34.7"
"1116","Mauritius","Africa","Y20022004","83","35.7"
"1117","Mauritius","Africa","Y20032005","83.7","36"
"1118","Mauritius","Africa","Y20042006","83.7","35.7"
"1119","Mauritius","Africa","Y20052007","84","36"
"1120","Mauritius","Africa","Y20062008","84.3","36.3"
"1121","Mauritius","Africa","Y20072009","86.3","37.7"
"1122","Mauritius","Africa","Y20082010","86.3","37.3"
"1123","Mauritius","Africa","Y20092011","86.7","37.3"
"1124","Mauritius","Africa","Y20102012","85.3","37"
"1125","Mauritius","Africa","Y20112013","85.3","38"
"1126","Mauritius","Africa","Y20122014","85.7","38.7"
"1127","Mauritius","Africa","Y20132015","86.3","39"
"1128","Mauritius","Africa","Y20142016","86","39"
"1129","Mauritius","Africa","Y20152017","86","39"
"1130","Mauritius","Africa","Y20162018","86","39.3"
"1131","Mauritius","Africa","Y20172019","87","40"
"1132","Mauritius","Africa","Y20182020","87.3","40"
"1133","Mauritius","Africa","Y20192021","",""
"1134","Mauritius","Africa","Y20202022","",""
"1135","Montenegro","Europe","Y20002002","",""
"1136","Montenegro","Europe","Y20012003","",""
"1137","Montenegro","Europe","Y20022004","",""
"1138","Montenegro","Europe","Y20032005","",""
"1139","Montenegro","Europe","Y20042006","33.7","18"
"1140","Montenegro","Europe","Y20052007","103.5","55"
"1141","Montenegro","Europe","Y20062008","105.7","56"
"1142","Montenegro","Europe","Y20072009","108.3","57"
"1143","Montenegro","Europe","Y20082010","108.7","57.7"
"1144","Montenegro","Europe","Y20092011","108.7","59.7"
"1145","Montenegro","Europe","Y20102012","107.7","61.7"
"1146","Montenegro","Europe","Y20112013","108.3","64"
"1147","Montenegro","Europe","Y20122014","107.3","64"
"1148","Montenegro","Europe","Y20132015","108.3","64.7"
"1149","Montenegro","Europe","Y20142016","109.3","65.7"
"1150","Montenegro","Europe","Y20152017","111","67.3"
"1151","Montenegro","Europe","Y20162018","112.3","68.7"
"1152","Montenegro","Europe","Y20172019","112.7","68.7"
"1153","Montenegro","Europe","Y20182020","112.7","68"
"1154","Montenegro","Europe","Y20192021","",""
"1155","Montenegro","Europe","Y20202022","",""
"1156","Morocco","Africa","Y20002002","84","16"
"1157","Morocco","Africa","Y20012003","86.4","16.7"
"1158","Morocco","Africa","Y20022004","88.3","17"
"1159","Morocco","Africa","Y20032005","88.7","17.3"
"1160","Morocco","Africa","Y20042006","90","18"
"1161","Morocco","Africa","Y20052007","89.7","18.7"
"1162","Morocco","Africa","Y20062008","90.3","19.3"
"1163","Morocco","Africa","Y20072009","90","20"
"1164","Morocco","Africa","Y20082010","91.7","21.3"
"1165","Morocco","Africa","Y20092011","93.7","22.7"
"1166","Morocco","Africa","Y20102012","95.3","24"
"1167","Morocco","Africa","Y20112013","96.3","24.7"
"1168","Morocco","Africa","Y20122014","97","25.3"
"1169","Morocco","Africa","Y20132015","98","26"
"1170","Morocco","Africa","Y20142016","98.7","26.7"
"1171","Morocco","Africa","Y20152017","99","27"
"1172","Morocco","Africa","Y20162018","99.7","27.3"
"1173","Morocco","Africa","Y20172019","99.7","28"
"1174","Morocco","Africa","Y20182020","99.7","28.7"
"1175","Morocco","Africa","Y20192021","",""
"1176","Morocco","Africa","Y20202022","",""
"1177","Mozambique","Africa","Y20002002","36.4","4.3"
"1178","Mozambique","Africa","Y20012003","37.7","4"
"1179","Mozambique","Africa","Y20022004","39.4","4.3"
"1180","Mozambique","Africa","Y20032005","40","4.7"
"1181","Mozambique","Africa","Y20042006","41","4.7"
"1182","Mozambique","Africa","Y20052007","42","4.3"
"1183","Mozambique","Africa","Y20062008","43","4.3"
"1184","Mozambique","Africa","Y20072009","43","4.7"
"1185","Mozambique","Africa","Y20082010","44.7","5"
"1186","Mozambique","Africa","Y20092011","46.7","5"
"1187","Mozambique","Africa","Y20102012","49.4","5.3"
"1188","Mozambique","Africa","Y20112013","49","5.7"
"1189","Mozambique","Africa","Y20122014","46.9","6.3"
"1190","Mozambique","Africa","Y20132015","43.6","6.7"
"1191","Mozambique","Africa","Y20142016","41","7"
"1192","Mozambique","Africa","Y20152017","40.7","7.3"
"1193","Mozambique","Africa","Y20162018","43.4","7.3"
"1194","Mozambique","Africa","Y20172019","44.7","7.3"
"1195","Mozambique","Africa","Y20182020","45.3","7"
"1196","Mozambique","Africa","Y20192021","",""
"1197","Mozambique","Africa","Y20202022","",""
"1198","Namibia","Africa","Y20002002","65.3","25.6"
"1199","Namibia","Africa","Y20012003","64.3","24.3"
"1200","Namibia","Africa","Y20022004","63","23.7"
"1201","Namibia","Africa","Y20032005","63.3","24"
"1202","Namibia","Africa","Y20042006","63","23.7"
"1203","Namibia","Africa","Y20052007","63.3","23.7"
"1204","Namibia","Africa","Y20062008","63.7","24.3"
"1205","Namibia","Africa","Y20072009","62.6","24.3"
"1206","Namibia","Africa","Y20082010","61.3","24"
"1207","Namibia","Africa","Y20092011","60.7","23.3"
"1208","Namibia","Africa","Y20102012","61.7","23"
"1209","Namibia","Africa","Y20112013","62","22"
"1210","Namibia","Africa","Y20122014","62","21"
"1211","Namibia","Africa","Y20132015","62","21"
"1212","Namibia","Africa","Y20142016","63","21.7"
"1213","Namibia","Africa","Y20152017","64","22.3"
"1214","Namibia","Africa","Y20162018","64.7","22.7"
"1215","Namibia","Africa","Y20172019","64.3","22"
"1216","Namibia","Africa","Y20182020","65","22"
"1217","Namibia","Africa","Y20192021","",""
"1218","Namibia","Africa","Y20202022","",""
"1219","Netherlands (Kingdom of the)","Europe","Y20002002","105.7","73.7"
"1220","Netherlands (Kingdom of the)","Europe","Y20012003","102.3","70"
"1221","Netherlands (Kingdom of the)","Europe","Y20022004","101.3","68.3"
"1222","Netherlands (Kingdom of the)","Europe","Y20032005","102.3","68.7"
"1223","Netherlands (Kingdom of the)","Europe","Y20042006","106","72.3"
"1224","Netherlands (Kingdom of the)","Europe","Y20052007","106.3","72"
"1225","Netherlands (Kingdom of the)","Europe","Y20062008","107.3","72.7"
"1226","Netherlands (Kingdom of the)","Europe","Y20072009","108","73"
"1227","Netherlands (Kingdom of the)","Europe","Y20082010","108.3","73.7"
"1228","Netherlands (Kingdom of the)","Europe","Y20092011","108","73"
"1229","Netherlands (Kingdom of the)","Europe","Y20102012","108.7","73"
"1230","Netherlands (Kingdom of the)","Europe","Y20112013","110","74"
"1231","Netherlands (Kingdom of the)","Europe","Y20122014","110.3","74.3"
"1232","Netherlands (Kingdom of the)","Europe","Y20132015","108.7","73"
"1233","Netherlands (Kingdom of the)","Europe","Y20142016","107.3","72"
"1234","Netherlands (Kingdom of the)","Europe","Y20152017","105.3","69.3"
"1235","Netherlands (Kingdom of the)","Europe","Y20162018","104","67.3"
"1236","Netherlands (Kingdom of the)","Europe","Y20172019","104","65.3"
"1237","Netherlands (Kingdom of the)","Europe","Y20182020","107.3","67.3"
"1238","Netherlands (Kingdom of the)","Europe","Y20192021","",""
"1239","Netherlands (Kingdom of the)","Europe","Y20202022","",""
"1240","Niger","Africa","Y20002002","68","15.3"
"1241","Niger","Africa","Y20012003","69.7","16"
"1242","Niger","Africa","Y20022004","71.1","16.7"
"1243","Niger","Africa","Y20032005","73.4","17"
"1244","Niger","Africa","Y20042006","74.3","17"
"1245","Niger","Africa","Y20052007","75.4","17"
"1246","Niger","Africa","Y20062008","77","17"
"1247","Niger","Africa","Y20072009","78","16.7"
"1248","Niger","Africa","Y20082010","80.4","14.2"
"1249","Niger","Africa","Y20092011","80.7","11.9"
"1250","Niger","Africa","Y20102012","81.3","10"
"1251","Niger","Africa","Y20112013","80","10"
"1252","Niger","Africa","Y20122014","79.7","10"
"1253","Niger","Africa","Y20132015","80","10"
"1254","Niger","Africa","Y20142016","81.1","10"
"1255","Niger","Africa","Y20152017","82","10"
"1256","Niger","Africa","Y20162018","83","10"
"1257","Niger","Africa","Y20172019","83.4","10"
"1258","Niger","Africa","Y20182020","83.7","10"
"1259","Niger","Africa","Y20192021","",""
"1260","Niger","Africa","Y20202022","",""
"1261","Nigeria","Africa","Y20002002","58","7.7"
"1262","Nigeria","Africa","Y20012003","58.3","8"
"1263","Nigeria","Africa","Y20022004","59","8"
"1264","Nigeria","Africa","Y20032005","60.4","8"
"1265","Nigeria","Africa","Y20042006","61.7","8.3"
"1266","Nigeria","Africa","Y20052007","63","9"
"1267","Nigeria","Africa","Y20062008","63.3","9.3"
"1268","Nigeria","Africa","Y20072009","63.7","9.3"
"1269","Nigeria","Africa","Y20082010","63","9"
"1270","Nigeria","Africa","Y20092011","62.3","9"
"1271","Nigeria","Africa","Y20102012","61","8.7"
"1272","Nigeria","Africa","Y20112013","60.3","8.3"
"1273","Nigeria","Africa","Y20122014","60.3","8.3"
"1274","Nigeria","Africa","Y20132015","60","8.3"
"1275","Nigeria","Africa","Y20142016","60","8"
"1276","Nigeria","Africa","Y20152017","59.7","7.3"
"1277","Nigeria","Africa","Y20162018","60","7"
"1278","Nigeria","Africa","Y20172019","59.7","7"
"1279","Nigeria","Africa","Y20182020","59","6.7"
"1280","Nigeria","Africa","Y20192021","",""
"1281","Nigeria","Africa","Y20202022","",""
"1282","North Macedonia","Europe","Y20002002","71","26.3"
"1283","North Macedonia","Europe","Y20012003","71.3","27"
"1284","North Macedonia","Europe","Y20022004","73.7","28.7"
"1285","North Macedonia","Europe","Y20032005","72.7","29"
"1286","North Macedonia","Europe","Y20042006","73.3","29.7"
"1287","North Macedonia","Europe","Y20052007","74.3","31.7"
"1288","North Macedonia","Europe","Y20062008","75.7","32.7"
"1289","North Macedonia","Europe","Y20072009","77.7","33.3"
"1290","North Macedonia","Europe","Y20082010","77.7","32"
"1291","North Macedonia","Europe","Y20092011","78","31.7"
"1292","North Macedonia","Europe","Y20102012","77.3","31.7"
"1293","North Macedonia","Europe","Y20112013","77.3","31.7"
"1294","North Macedonia","Europe","Y20122014","78.3","32"
"1295","North Macedonia","Europe","Y20132015","79.7","32.3"
"1296","North Macedonia","Europe","Y20142016","81","33"
"1297","North Macedonia","Europe","Y20152017","81.7","34"
"1298","North Macedonia","Europe","Y20162018","82.7","35.3"
"1299","North Macedonia","Europe","Y20172019","83.7","36"
"1300","North Macedonia","Europe","Y20182020","85","36.3"
"1301","North Macedonia","Europe","Y20192021","",""
"1302","North Macedonia","Europe","Y20202022","",""
"1303","Norway","Europe","Y20002002","105","64"
"1304","Norway","Europe","Y20012003","104.3","63.3"
"1305","Norway","Europe","Y20022004","104","63"
"1306","Norway","Europe","Y20032005","104","62.7"
"1307","Norway","Europe","Y20042006","104.7","63"
"1308","Norway","Europe","Y20052007","105.7","63.3"
"1309","Norway","Europe","Y20062008","107","64"
"1310","Norway","Europe","Y20072009","108.3","64.7"
"1311","Norway","Europe","Y20082010","111.7","65.7"
"1312","Norway","Europe","Y20092011","114","66.3"
"1313","Norway","Europe","Y20102012","116.3","67"
"1314","Norway","Europe","Y20112013","115.3","66.3"
"1315","Norway","Europe","Y20122014","113.6","65.3"
"1316","Norway","Europe","Y20132015","112.3","65"
"1317","Norway","Europe","Y20142016","111.7","65.3"
"1318","Norway","Europe","Y20152017","112.3","66.7"
"1319","Norway","Europe","Y20162018","113.7","66.7"
"1320","Norway","Europe","Y20172019","115","66"
"1321","Norway","Europe","Y20182020","116.7","65"
"1322","Norway","Europe","Y20192021","",""
"1323","Norway","Europe","Y20202022","",""
"1324","Poland","Europe","Y20002002","99.3","49.7"
"1325","Poland","Europe","Y20012003","100","50.3"
"1326","Poland","Europe","Y20022004","100","50.3"
"1327","Poland","Europe","Y20032005","99.3","49.7"
"1328","Poland","Europe","Y20042006","98.3","49"
"1329","Poland","Europe","Y20052007","98.3","49.3"
"1330","Poland","Europe","Y20062008","98","49.3"
"1331","Poland","Europe","Y20072009","98.7","50"
"1332","Poland","Europe","Y20082010","100","51.3"
"1333","Poland","Europe","Y20092011","101.7","53"
"1334","Poland","Europe","Y20102012","102","53.7"
"1335","Poland","Europe","Y20112013","101.3","53.3"
"1336","Poland","Europe","Y20122014","100.7","52.7"
"1337","Poland","Europe","Y20132015","100.3","53"
"1338","Poland","Europe","Y20142016","101","54.3"
"1339","Poland","Europe","Y20152017","102.7","56"
"1340","Poland","Europe","Y20162018","104.3","57.3"
"1341","Poland","Europe","Y20172019","106","58.7"
"1342","Poland","Europe","Y20182020","107.7","60.7"
"1343","Poland","Europe","Y20192021","",""
"1344","Poland","Europe","Y20202022","",""
"1345","Portugal","Europe","Y20002002","112.7","67.7"
"1346","Portugal","Europe","Y20012003","112","67"
"1347","Portugal","Europe","Y20022004","111.7","66.3"
"1348","Portugal","Europe","Y20032005","112","66.7"
"1349","Portugal","Europe","Y20042006","113","68"
"1350","Portugal","Europe","Y20052007","114.3","70"
"1351","Portugal","Europe","Y20062008","114.7","71"
"1352","Portugal","Europe","Y20072009","115","71.3"
"1353","Portugal","Europe","Y20082010","114.7","71"
"1354","Portugal","Europe","Y20092011","114.3","71"
"1355","Portugal","Europe","Y20102012","113.3","70.3"
"1356","Portugal","Europe","Y20112013","111.7","69"
"1357","Portugal","Europe","Y20122014","111","68"
"1358","Portugal","Europe","Y20132015","111.3","68.3"
"1359","Portugal","Europe","Y20142016","112","69.3"
"1360","Portugal","Europe","Y20152017","113","70.3"
"1361","Portugal","Europe","Y20162018","115","73"
"1362","Portugal","Europe","Y20172019","116.7","75"
"1363","Portugal","Europe","Y20182020","117.7","76.3"
"1364","Portugal","Europe","Y20192021","",""
"1365","Portugal","Europe","Y20202022","",""
"1366","Republic of Moldova","Europe","Y20002002","68.7","25"
"1367","Republic of Moldova","Europe","Y20012003","69","26.3"
"1368","Republic of Moldova","Europe","Y20022004","70.3","27.7"
"1369","Republic of Moldova","Europe","Y20032005","71.6","30"
"1370","Republic of Moldova","Europe","Y20042006","73.7","32.3"
"1371","Republic of Moldova","Europe","Y20052007","73.4","33.7"
"1372","Republic of Moldova","Europe","Y20062008","72.3","33"
"1373","Republic of Moldova","Europe","Y20072009","70.3","32"
"1374","Republic of Moldova","Europe","Y20082010","70.3","30.7"
"1375","Republic of Moldova","Europe","Y20092011","70","29.7"
"1376","Republic of Moldova","Europe","Y20102012","70.3","28.7"
"1377","Republic of Moldova","Europe","Y20112013","69.7","28.7"
"1378","Republic of Moldova","Europe","Y20122014","69.3","28.3"
"1379","Republic of Moldova","Europe","Y20132015","69.7","28.7"
"1380","Republic of Moldova","Europe","Y20142016","70.3","29"
"1381","Republic of Moldova","Europe","Y20152017","70.7","29.3"
"1382","Republic of Moldova","Europe","Y20162018","71","29.3"
"1383","Republic of Moldova","Europe","Y20172019","70.3","28.3"
"1384","Republic of Moldova","Europe","Y20182020","69.3","27.7"
"1385","Republic of Moldova","Europe","Y20192021","",""
"1386","Republic of Moldova","Europe","Y20202022","",""
"1387","Romania","Europe","Y20002002","98.6","43.7"
"1388","Romania","Europe","Y20012003","102.6","46.6"
"1389","Romania","Europe","Y20022004","105.3","48.7"
"1390","Romania","Europe","Y20032005","106.7","50.7"
"1391","Romania","Europe","Y20042006","107.3","52"
"1392","Romania","Europe","Y20052007","108","54"
"1393","Romania","Europe","Y20062008","108.7","54.7"
"1394","Romania","Europe","Y20072009","109","54.7"
"1395","Romania","Europe","Y20082010","107.7","53"
"1396","Romania","Europe","Y20092011","105.7","50.7"
"1397","Romania","Europe","Y20102012","103.7","48.7"
"1398","Romania","Europe","Y20112013","103","47.3"
"1399","Romania","Europe","Y20122014","103","48.3"
"1400","Romania","Europe","Y20132015","104.7","50.3"
"1401","Romania","Europe","Y20142016","106.7","53.3"
"1402","Romania","Europe","Y20152017","108.3","54.3"
"1403","Romania","Europe","Y20162018","108.7","54.3"
"1404","Romania","Europe","Y20172019","108","53.3"
"1405","Romania","Europe","Y20182020","107","53"
"1406","Romania","Europe","Y20192021","",""
"1407","Romania","Europe","Y20202022","",""
"1408","Russian Federation","Europe","Y20002002","86.3","41.7"
"1409","Russian Federation","Europe","Y20012003","88","42.7"
"1410","Russian Federation","Europe","Y20022004","89.3","43.7"
"1411","Russian Federation","Europe","Y20032005","91.3","45"
"1412","Russian Federation","Europe","Y20042006","93","46.3"
"1413","Russian Federation","Europe","Y20052007","95.7","48.7"
"1414","Russian Federation","Europe","Y20062008","97.3","50.3"
"1415","Russian Federation","Europe","Y20072009","98.7","52"
"1416","Russian Federation","Europe","Y20082010","99.3","53"
"1417","Russian Federation","Europe","Y20092011","100","53.7"
"1418","Russian Federation","Europe","Y20102012","101.3","54.7"
"1419","Russian Federation","Europe","Y20112013","102","55.3"
"1420","Russian Federation","Europe","Y20122014","102.3","55.7"
"1421","Russian Federation","Europe","Y20132015","102","54.7"
"1422","Russian Federation","Europe","Y20142016","101.7","53.7"
"1423","Russian Federation","Europe","Y20152017","101.7","53.3"
"1424","Russian Federation","Europe","Y20162018","102","54"
"1425","Russian Federation","Europe","Y20172019","103","55"
"1426","Russian Federation","Europe","Y20182020","104","55.7"
"1427","Russian Federation","Europe","Y20192021","",""
"1428","Russian Federation","Europe","Y20202022","",""
"1429","Rwanda","Africa","Y20002002","45","3"
"1430","Rwanda","Africa","Y20012003","46.3","3.3"
"1431","Rwanda","Africa","Y20022004","47","3.7"
"1432","Rwanda","Africa","Y20032005","47.3","4"
"1433","Rwanda","Africa","Y20042006","48.4","4"
"1434","Rwanda","Africa","Y20052007","50","4.3"
"1435","Rwanda","Africa","Y20062008","51.7","4.7"
"1436","Rwanda","Africa","Y20072009","53.4","5"
"1437","Rwanda","Africa","Y20082010","56.4","5.3"
"1438","Rwanda","Africa","Y20092011","58.4","6"
"1439","Rwanda","Africa","Y20102012","59.6","6.7"
"1440","Rwanda","Africa","Y20112013","59","7"
"1441","Rwanda","Africa","Y20122014","59","7"
"1442","Rwanda","Africa","Y20132015","59","7.3"
"1443","Rwanda","Africa","Y20142016","59.3","7.7"
"1444","Rwanda","Africa","Y20152017","59.7","8"
"1445","Rwanda","Africa","Y20162018","59.7","7.7"
"1446","Rwanda","Africa","Y20172019","59","7.3"
"1447","Rwanda","Africa","Y20182020","57.6","7"
"1448","Rwanda","Africa","Y20192021","",""
"1449","Rwanda","Africa","Y20202022","",""
"1450","Sao Tome and Principe","Africa","Y20002002","51","12"
"1451","Sao Tome and Principe","Africa","Y20012003","53.1","13.4"
"1452","Sao Tome and Principe","Africa","Y20022004","55.4","15"
"1453","Sao Tome and Principe","Africa","Y20032005","57","16"
"1454","Sao Tome and Principe","Africa","Y20042006","57","16"
"1455","Sao Tome and Principe","Africa","Y20052007","57.3","16"
"1456","Sao Tome and Principe","Africa","Y20062008","57.3","16"
"1457","Sao Tome and Principe","Africa","Y20072009","57.7","16.3"
"1458","Sao Tome and Principe","Africa","Y20082010","56.7","16.7"
"1459","Sao Tome and Principe","Africa","Y20092011","55.6","16.7"
"1460","Sao Tome and Principe","Africa","Y20102012","54.3","16.3"
"1461","Sao Tome and Principe","Africa","Y20112013","54","16"
"1462","Sao Tome and Principe","Africa","Y20122014","53.7","16.3"
"1463","Sao Tome and Principe","Africa","Y20132015","53","16.7"
"1464","Sao Tome and Principe","Africa","Y20142016","52.7","17"
"1465","Sao Tome and Principe","Africa","Y20152017","52.3","16.7"
"1466","Sao Tome and Principe","Africa","Y20162018","52.7","16.7"
"1467","Sao Tome and Principe","Africa","Y20172019","53.7","17.3"
"1468","Sao Tome and Principe","Africa","Y20182020","54.7","18"
"1469","Sao Tome and Principe","Africa","Y20192021","",""
"1470","Sao Tome and Principe","Africa","Y20202022","",""
"1471","Senegal","Africa","Y20002002","55.6","16.3"
"1472","Senegal","Africa","Y20012003","53.7","16"
"1473","Senegal","Africa","Y20022004","54.4","15.7"
"1474","Senegal","Africa","Y20032005","56","16"
"1475","Senegal","Africa","Y20042006","57","15.7"
"1476","Senegal","Africa","Y20052007","57.7","15.3"
"1477","Senegal","Africa","Y20062008","58.7","15.3"
"1478","Senegal","Africa","Y20072009","59.7","16"
"1479","Senegal","Africa","Y20082010","61","16.3"
"1480","Senegal","Africa","Y20092011","60.6","16.3"
"1481","Senegal","Africa","Y20102012","60.7","16"
"1482","Senegal","Africa","Y20112013","59.7","15.7"
"1483","Senegal","Africa","Y20122014","59.6","15"
"1484","Senegal","Africa","Y20132015","59.3","14.3"
"1485","Senegal","Africa","Y20142016","60.4","14"
"1486","Senegal","Africa","Y20152017","61.7","14.3"
"1487","Senegal","Africa","Y20162018","62.7","14.3"
"1488","Senegal","Africa","Y20172019","63","13.6"
"1489","Senegal","Africa","Y20182020","63.7","12.6"
"1490","Senegal","Africa","Y20192021","",""
"1491","Senegal","Africa","Y20202022","",""
"1492","Serbia","Europe","Y20002002","",""
"1493","Serbia","Europe","Y20012003","",""
"1494","Serbia","Europe","Y20022004","",""
"1495","Serbia","Europe","Y20032005","",""
"1496","Serbia","Europe","Y20042006","25.6","11.3"
"1497","Serbia","Europe","Y20052007","77.5","35"
"1498","Serbia","Europe","Y20062008","78.3","35.7"
"1499","Serbia","Europe","Y20072009","79","36.3"
"1500","Serbia","Europe","Y20082010","80","36.7"
"1501","Serbia","Europe","Y20092011","80.7","36.7"
"1502","Serbia","Europe","Y20102012","81.7","37.7"
"1503","Serbia","Europe","Y20112013","82","38.7"
"1504","Serbia","Europe","Y20122014","83","40.7"
"1505","Serbia","Europe","Y20132015","84","41.7"
"1506","Serbia","Europe","Y20142016","84.7","42.3"
"1507","Serbia","Europe","Y20152017","84","41.3"
"1508","Serbia","Europe","Y20162018","83.7","41"
"1509","Serbia","Europe","Y20172019","85","41.7"
"1510","Serbia","Europe","Y20182020","87","43"
"1511","Serbia","Europe","Y20192021","",""
"1512","Serbia","Europe","Y20202022","",""
"1513","Seychelles","Africa","Y20002002","",""
"1514","Seychelles","Africa","Y20012003","",""
"1515","Seychelles","Africa","Y20022004","",""
"1516","Seychelles","Africa","Y20032005","",""
"1517","Seychelles","Africa","Y20042006","",""
"1518","Seychelles","Africa","Y20052007","",""
"1519","Seychelles","Africa","Y20062008","",""
"1520","Seychelles","Africa","Y20072009","",""
"1521","Seychelles","Africa","Y20082010","30.5","13.2"
"1522","Seychelles","Africa","Y20092011","59.8","27.5"
"1523","Seychelles","Africa","Y20102012","89","41"
"1524","Seychelles","Africa","Y20112013","88","41.7"
"1525","Seychelles","Africa","Y20122014","86","40.7"
"1526","Seychelles","Africa","Y20132015","85","41.7"
"1527","Seychelles","Africa","Y20142016","86","44.7"
"1528","Seychelles","Africa","Y20152017","90","48.7"
"1529","Seychelles","Africa","Y20162018","93.4","51"
"1530","Seychelles","Africa","Y20172019","96","51.3"
"1531","Seychelles","Africa","Y20182020","98","51"
"1532","Seychelles","Africa","Y20192021","",""
"1533","Seychelles","Africa","Y20202022","",""
"1534","Sierra Leone","Africa","Y20002002","44.4","6.7"
"1535","Sierra Leone","Africa","Y20012003","45.4","7"
"1536","Sierra Leone","Africa","Y20022004","47","8.4"
"1537","Sierra Leone","Africa","Y20032005","48.4","9.7"
"1538","Sierra Leone","Africa","Y20042006","50","10.7"
"1539","Sierra Leone","Africa","Y20052007","50.3","11"
"1540","Sierra Leone","Africa","Y20062008","51.3","12"
"1541","Sierra Leone","Africa","Y20072009","52.4","13"
"1542","Sierra Leone","Africa","Y20082010","52.6","13.3"
"1543","Sierra Leone","Africa","Y20092011","52","12.6"
"1544","Sierra Leone","Africa","Y20102012","51.3","12"
"1545","Sierra Leone","Africa","Y20112013","51.7","12.3"
"1546","Sierra Leone","Africa","Y20122014","51.7","12.7"
"1547","Sierra Leone","Africa","Y20132015","51","12.7"
"1548","Sierra Leone","Africa","Y20142016","49.6","12"
"1549","Sierra Leone","Africa","Y20152017","49","11.3"
"1550","Sierra Leone","Africa","Y20162018","48.7","11"
"1551","Sierra Leone","Africa","Y20172019","49.3","11.3"
"1552","Sierra Leone","Africa","Y20182020","49.7","11.7"
"1553","Sierra Leone","Africa","Y20192021","",""
"1554","Sierra Leone","Africa","Y20202022","",""
"1555","Slovakia","Europe","Y20002002","71.7","33.7"
"1556","Slovakia","Europe","Y20012003","72.3","34.3"
"1557","Slovakia","Europe","Y20022004","72.3","34.3"
"1558","Slovakia","Europe","Y20032005","72.7","35"
"1559","Slovakia","Europe","Y20042006","72.7","35.3"
"1560","Slovakia","Europe","Y20052007","72.7","35.3"
"1561","Slovakia","Europe","Y20062008","72.3","34.3"
"1562","Slovakia","Europe","Y20072009","72","34.3"
"1563","Slovakia","Europe","Y20082010","72.3","35.3"
"1564","Slovakia","Europe","Y20092011","72","36"
"1565","Slovakia","Europe","Y20102012","70.3","34.7"
"1566","Slovakia","Europe","Y20112013","69.7","34"
"1567","Slovakia","Europe","Y20122014","69.3","33.3"
"1568","Slovakia","Europe","Y20132015","69.3","34"
"1569","Slovakia","Europe","Y20142016","69.3","35"
"1570","Slovakia","Europe","Y20152017","68.3","36.3"
"1571","Slovakia","Europe","Y20162018","68.7","37.3"
"1572","Slovakia","Europe","Y20172019","69","38"
"1573","Slovakia","Europe","Y20182020","70.3","38.3"
"1574","Slovakia","Europe","Y20192021","",""
"1575","Slovakia","Europe","Y20202022","",""
"1576","Slovenia","Europe","Y20002002","99.7","58.3"
"1577","Slovenia","Europe","Y20012003","99","57.7"
"1578","Slovenia","Europe","Y20022004","99","57.7"
"1579","Slovenia","Europe","Y20032005","99","58"
"1580","Slovenia","Europe","Y20042006","98.3","57.3"
"1581","Slovenia","Europe","Y20052007","98","56.7"
"1582","Slovenia","Europe","Y20062008","99","57"
"1583","Slovenia","Europe","Y20072009","100","58"
"1584","Slovenia","Europe","Y20082010","100.7","58.7"
"1585","Slovenia","Europe","Y20092011","99.7","57.3"
"1586","Slovenia","Europe","Y20102012","98.7","55.7"
"1587","Slovenia","Europe","Y20112013","97.3","53.3"
"1588","Slovenia","Europe","Y20122014","97.3","52.3"
"1589","Slovenia","Europe","Y20132015","97","51.7"
"1590","Slovenia","Europe","Y20142016","97.7","52"
"1591","Slovenia","Europe","Y20152017","97.3","52.3"
"1592","Slovenia","Europe","Y20162018","96.7","51.7"
"1593","Slovenia","Europe","Y20172019","96.7","52.3"
"1594","Slovenia","Europe","Y20182020","97.3","52.3"
"1595","Slovenia","Europe","Y20192021","",""
"1596","Slovenia","Europe","Y20202022","",""
"1597","South Africa","Africa","Y20002002","75.3","25"
"1598","South Africa","Africa","Y20012003","75","25.3"
"1599","South Africa","Africa","Y20022004","75.3","26.3"
"1600","South Africa","Africa","Y20032005","76.7","27.7"
"1601","South Africa","Africa","Y20042006","78","29"
"1602","South Africa","Africa","Y20052007","79.3","30.3"
"1603","South Africa","Africa","Y20062008","80.3","31.7"
"1604","South Africa","Africa","Y20072009","80.7","32.3"
"1605","South Africa","Africa","Y20082010","80.3","32.7"
"1606","South Africa","Africa","Y20092011","80","33"
"1607","South Africa","Africa","Y20102012","80","34"
"1608","South Africa","Africa","Y20112013","80","34.7"
"1609","South Africa","Africa","Y20122014","80.7","35.7"
"1610","South Africa","Africa","Y20132015","81","36.3"
"1611","South Africa","Africa","Y20142016","81.3","37"
"1612","South Africa","Africa","Y20152017","80.3","36.3"
"1613","South Africa","Africa","Y20162018","80","35.7"
"1614","South Africa","Africa","Y20172019","79.7","35.7"
"1615","South Africa","Africa","Y20182020","79.7","36"
"1616","South Africa","Africa","Y20192021","",""
"1617","South Africa","Africa","Y20202022","",""
"1618","South Sudan","Africa","Y20002002","",""
"1619","South Sudan","Africa","Y20012003","",""
"1620","South Sudan","Africa","Y20022004","",""
"1621","South Sudan","Africa","Y20032005","",""
"1622","South Sudan","Africa","Y20042006","",""
"1623","South Sudan","Africa","Y20052007","",""
"1624","South Sudan","Africa","Y20062008","",""
"1625","South Sudan","Africa","Y20072009","",""
"1626","South Sudan","Africa","Y20082010","",""
"1627","South Sudan","Africa","Y20092011","",""
"1628","South Sudan","Africa","Y20102012","",""
"1629","South Sudan","Africa","Y20112013","",""
"1630","South Sudan","Africa","Y20122014","",""
"1631","South Sudan","Africa","Y20132015","",""
"1632","South Sudan","Africa","Y20142016","",""
"1633","South Sudan","Africa","Y20152017","",""
"1634","South Sudan","Africa","Y20162018","",""
"1635","South Sudan","Africa","Y20172019","21.2","9.6"
"1636","South Sudan","Africa","Y20182020","42.8","18.7"
"1637","South Sudan","Africa","Y20192021","",""
"1638","South Sudan","Africa","Y20202022","",""
"1639","Spain","Europe","Y20002002","113","72.7"
"1640","Spain","Europe","Y20012003","113.3","73.7"
"1641","Spain","Europe","Y20022004","112.6","73.3"
"1642","Spain","Europe","Y20032005","110.3","71.3"
"1643","Spain","Europe","Y20042006","109.3","70.3"
"1644","Spain","Europe","Y20052007","109.7","70.7"
"1645","Spain","Europe","Y20062008","109.7","70.3"
"1646","Spain","Europe","Y20072009","109","69"
"1647","Spain","Europe","Y20082010","107.3","67.3"
"1648","Spain","Europe","Y20092011","106.3","66.7"
"1649","Spain","Europe","Y20102012","105","65.7"
"1650","Spain","Europe","Y20112013","104.3","64.7"
"1651","Spain","Europe","Y20122014","104","64.3"
"1652","Spain","Europe","Y20132015","104.3","65"
"1653","Spain","Europe","Y20142016","105.3","65.7"
"1654","Spain","Europe","Y20152017","106.3","66"
"1655","Spain","Europe","Y20162018","107.7","66.7"
"1656","Spain","Europe","Y20172019","109","68.3"
"1657","Spain","Europe","Y20182020","110.3","69.7"
"1658","Spain","Europe","Y20192021","",""
"1659","Spain","Europe","Y20202022","",""
"1660","Sudan","Africa","Y20002002","",""
"1661","Sudan","Africa","Y20012003","",""
"1662","Sudan","Africa","Y20022004","",""
"1663","Sudan","Africa","Y20032005","",""
"1664","Sudan","Africa","Y20042006","",""
"1665","Sudan","Africa","Y20052007","",""
"1666","Sudan","Africa","Y20062008","",""
"1667","Sudan","Africa","Y20072009","",""
"1668","Sudan","Africa","Y20082010","",""
"1669","Sudan","Africa","Y20092011","",""
"1670","Sudan","Africa","Y20102012","24.5","7.1"
"1671","Sudan","Africa","Y20112013","73.5","21"
"1672","Sudan","Africa","Y20122014","73.7","21"
"1673","Sudan","Africa","Y20132015","74.3","21"
"1674","Sudan","Africa","Y20142016","73.7","21"
"1675","Sudan","Africa","Y20152017","73.7","20.7"
"1676","Sudan","Africa","Y20162018","74","20.3"
"1677","Sudan","Africa","Y20172019","74.7","19.7"
"1678","Sudan","Africa","Y20182020","74.7","19.3"
"1679","Sudan","Africa","Y20192021","",""
"1680","Sudan","Africa","Y20202022","",""
"1681","Sweden","Europe","Y20002002","103.7","69.3"
"1682","Sweden","Europe","Y20012003","106","71.3"
"1683","Sweden","Europe","Y20022004","107.7","72.3"
"1684","Sweden","Europe","Y20032005","108","72.3"
"1685","Sweden","Europe","Y20042006","107.7","72"
"1686","Sweden","Europe","Y20052007","107.3","71.7"
"1687","Sweden","Europe","Y20062008","107.3","71.7"
"1688","Sweden","Europe","Y20072009","107.3","71"
"1689","Sweden","Europe","Y20082010","107.7","71"
"1690","Sweden","Europe","Y20092011","107.3","70.7"
"1691","Sweden","Europe","Y20102012","106.7","70.3"
"1692","Sweden","Europe","Y20112013","106.7","70.3"
"1693","Sweden","Europe","Y20122014","107","70.3"
"1694","Sweden","Europe","Y20132015","107.7","71"
"1695","Sweden","Europe","Y20142016","107","70.3"
"1696","Sweden","Europe","Y20152017","106.3","69.3"
"1697","Sweden","Europe","Y20162018","105.7","67.7"
"1698","Sweden","Europe","Y20172019","107","68"
"1699","Sweden","Europe","Y20182020","108","68.7"
"1700","Sweden","Europe","Y20192021","",""
"1701","Sweden","Europe","Y20202022","",""
"1702","Switzerland","Europe","Y20002002","94","58.3"
"1703","Switzerland","Europe","Y20012003","93.3","58.3"
"1704","Switzerland","Europe","Y20022004","92.7","58"
"1705","Switzerland","Europe","Y20032005","92","58"
"1706","Switzerland","Europe","Y20042006","91.7","58"
"1707","Switzerland","Europe","Y20052007","92.3","58.3"
"1708","Switzerland","Europe","Y20062008","93","58.7"
"1709","Switzerland","Europe","Y20072009","93.7","59"
"1710","Switzerland","Europe","Y20082010","93.7","59.3"
"1711","Switzerland","Europe","Y20092011","94.3","59.7"
"1712","Switzerland","Europe","Y20102012","93.7","59.3"
"1713","Switzerland","Europe","Y20112013","93.3","59"
"1714","Switzerland","Europe","Y20122014","93.7","59.3"
"1715","Switzerland","Europe","Y20132015","95.3","60.7"
"1716","Switzerland","Europe","Y20142016","96.3","61.3"
"1717","Switzerland","Europe","Y20152017","96.3","61"
"1718","Switzerland","Europe","Y20162018","96.3","60.7"
"1719","Switzerland","Europe","Y20172019","96.3","60"
"1720","Switzerland","Europe","Y20182020","96.7","60.3"
"1721","Switzerland","Europe","Y20192021","",""
"1722","Switzerland","Europe","Y20202022","",""
"1723","Togo","Africa","Y20002002","49.6","6.3"
"1724","Togo","Africa","Y20012003","49","6"
"1725","Togo","Africa","Y20022004","49","6"
"1726","Togo","Africa","Y20032005","50.4","6.3"
"1727","Togo","Africa","Y20042006","51.4","6.3"
"1728","Togo","Africa","Y20052007","52","6.3"
"1729","Togo","Africa","Y20062008","52.3","6"
"1730","Togo","Africa","Y20072009","53","6.3"
"1731","Togo","Africa","Y20082010","53.7","7"
"1732","Togo","Africa","Y20092011","54.7","7.7"
"1733","Togo","Africa","Y20102012","55","8"
"1734","Togo","Africa","Y20112013","55.7","8"
"1735","Togo","Africa","Y20122014","55.7","8"
"1736","Togo","Africa","Y20132015","55.7","8.7"
"1737","Togo","Africa","Y20142016","56","9"
"1738","Togo","Africa","Y20152017","56","9.3"
"1739","Togo","Africa","Y20162018","56.3","9.3"
"1740","Togo","Africa","Y20172019","56.7","9.3"
"1741","Togo","Africa","Y20182020","56.7","9"
"1742","Togo","Africa","Y20192021","",""
"1743","Togo","Africa","Y20202022","",""
"1744","Tunisia","Africa","Y20002002","89.3","24"
"1745","Tunisia","Africa","Y20012003","89","24"
"1746","Tunisia","Africa","Y20022004","88.7","24"
"1747","Tunisia","Africa","Y20032005","89.7","24"
"1748","Tunisia","Africa","Y20042006","89.7","24"
"1749","Tunisia","Africa","Y20052007","90.7","24.3"
"1750","Tunisia","Africa","Y20062008","90.7","24.7"
"1751","Tunisia","Africa","Y20072009","92.7","25"
"1752","Tunisia","Africa","Y20082010","93.7","25"
"1753","Tunisia","Africa","Y20092011","95.7","25"
"1754","Tunisia","Africa","Y20102012","96.7","25.7"
"1755","Tunisia","Africa","Y20112013","97.7","26.3"
"1756","Tunisia","Africa","Y20122014","98.7","27.3"
"1757","Tunisia","Africa","Y20132015","99.3","28"
"1758","Tunisia","Africa","Y20142016","100","28.3"
"1759","Tunisia","Africa","Y20152017","100","28.3"
"1760","Tunisia","Africa","Y20162018","99.7","28"
"1761","Tunisia","Africa","Y20172019","99.7","28"
"1762","Tunisia","Africa","Y20182020","99.7","28"
"1763","Tunisia","Africa","Y20192021","",""
"1764","Tunisia","Africa","Y20202022","",""
"1765","Uganda","Africa","Y20002002","49.7","8.3"
"1766","Uganda","Africa","Y20012003","51.7","9"
"1767","Uganda","Africa","Y20022004","52.3","10"
"1768","Uganda","Africa","Y20032005","53","11"
"1769","Uganda","Africa","Y20042006","51.6","11.3"
"1770","Uganda","Africa","Y20052007","51","11.7"
"1771","Uganda","Africa","Y20062008","51","11.7"
"1772","Uganda","Africa","Y20072009","52.4","12"
"1773","Uganda","Africa","Y20082010","54.7","12"
"1774","Uganda","Africa","Y20092011","55.7","12"
"1775","Uganda","Africa","Y20102012","56","12"
"1776","Uganda","Africa","Y20112013","55.3","12"
"1777","Uganda","Africa","Y20122014","54.7","12"
"1778","Uganda","Africa","Y20132015","53.3","12"
"1779","Uganda","Africa","Y20142016","50.9","11.7"
"1780","Uganda","Africa","Y20152017","48.6","11"
"1781","Uganda","Africa","Y20162018","47.3","10.7"
"1782","Uganda","Africa","Y20172019","44.9","10.7"
"1783","Uganda","Africa","Y20182020","46","11"
"1784","Uganda","Africa","Y20192021","",""
"1785","Uganda","Africa","Y20202022","",""
"1786","Ukraine","Europe","Y20002002","81.7","33.3"
"1787","Ukraine","Europe","Y20012003","82.7","34.3"
"1788","Ukraine","Europe","Y20022004","84.7","36.7"
"1789","Ukraine","Europe","Y20032005","86.3","38.3"
"1790","Ukraine","Europe","Y20042006","88.3","40"
"1791","Ukraine","Europe","Y20052007","88.7","41"
"1792","Ukraine","Europe","Y20062008","89.3","42.7"
"1793","Ukraine","Europe","Y20072009","88.7","43"
"1794","Ukraine","Europe","Y20082010","88.3","43"
"1795","Ukraine","Europe","Y20092011","87.7","42"
"1796","Ukraine","Europe","Y20102012","88.7","42.7"
"1797","Ukraine","Europe","Y20112013","90.3","43.7"
"1798","Ukraine","Europe","Y20122014","89","42.7"
"1799","Ukraine","Europe","Y20132015","87.7","40.3"
"1800","Ukraine","Europe","Y20142016","86.3","37.7"
"1801","Ukraine","Europe","Y20152017","87.3","37"
"1802","Ukraine","Europe","Y20162018","87.7","38.3"
"1803","Ukraine","Europe","Y20172019","87.7","40.7"
"1804","Ukraine","Europe","Y20182020","87.7","42.3"
"1805","Ukraine","Europe","Y20192021","",""
"1806","Ukraine","Europe","Y20202022","",""
"1807","United Kingdom of Great Britain and Northern Ireland","Europe","Y20002002","99.7","55.3"
"1808","United Kingdom of Great Britain and Northern Ireland","Europe","Y20012003","101.3","56.7"
"1809","United Kingdom of Great Britain and Northern Ireland","Europe","Y20022004","102.3","57.3"
"1810","United Kingdom of Great Britain and Northern Ireland","Europe","Y20032005","103","58"
"1811","United Kingdom of Great Britain and Northern Ireland","Europe","Y20042006","103.3","58.3"
"1812","United Kingdom of Great Britain and Northern Ireland","Europe","Y20052007","103.7","58.7"
"1813","United Kingdom of Great Britain and Northern Ireland","Europe","Y20062008","103.3","58.3"
"1814","United Kingdom of Great Britain and Northern Ireland","Europe","Y20072009","102.7","57.7"
"1815","United Kingdom of Great Britain and Northern Ireland","Europe","Y20082010","102","57.3"
"1816","United Kingdom of Great Britain and Northern Ireland","Europe","Y20092011","102.3","58"
"1817","United Kingdom of Great Britain and Northern Ireland","Europe","Y20102012","103","58.7"
"1818","United Kingdom of Great Britain and Northern Ireland","Europe","Y20112013","103.3","58.7"
"1819","United Kingdom of Great Britain and Northern Ireland","Europe","Y20122014","102.7","58"
"1820","United Kingdom of Great Britain and Northern Ireland","Europe","Y20132015","102.3","57.7"
"1821","United Kingdom of Great Britain and Northern Ireland","Europe","Y20142016","103","58"
"1822","United Kingdom of Great Britain and Northern Ireland","Europe","Y20152017","104","58.7"
"1823","United Kingdom of Great Britain and Northern Ireland","Europe","Y20162018","104.3","58.7"
"1824","United Kingdom of Great Britain and Northern Ireland","Europe","Y20172019","103.3","58.3"
"1825","United Kingdom of Great Britain and Northern Ireland","Europe","Y20182020","103.7","58"
"1826","United Kingdom of Great Britain and Northern Ireland","Europe","Y20192021","",""
"1827","United Kingdom of Great Britain and Northern Ireland","Europe","Y20202022","",""
"1828","United Republic of Tanzania","Africa","Y20002002","53.4","9"
"1829","United Republic of Tanzania","Africa","Y20012003","53.3","9"
"1830","United Republic of Tanzania","Africa","Y20022004","53.7","9"
"1831","United Republic of Tanzania","Africa","Y20032005","53.4","9.3"
"1832","United Republic of Tanzania","Africa","Y20042006","54.3","9.3"
"1833","United Republic of Tanzania","Africa","Y20052007","55","9.3"
"1834","United Republic of Tanzania","Africa","Y20062008","54.6","9"
"1835","United Republic of Tanzania","Africa","Y20072009","54.7","9"
"1836","United Republic of Tanzania","Africa","Y20082010","55","9.3"
"1837","United Republic of Tanzania","Africa","Y20092011","56.7","9.7"
"1838","United Republic of Tanzania","Africa","Y20102012","57.7","10"
"1839","United Republic of Tanzania","Africa","Y20112013","58.3","10.3"
"1840","United Republic of Tanzania","Africa","Y20122014","59","10.7"
"1841","United Republic of Tanzania","Africa","Y20132015","59.7","11"
"1842","United Republic of Tanzania","Africa","Y20142016","60","11"
"1843","United Republic of Tanzania","Africa","Y20152017","60","11"
"1844","United Republic of Tanzania","Africa","Y20162018","60","11"
"1845","United Republic of Tanzania","Africa","Y20172019","59.7","11"
"1846","United Republic of Tanzania","Africa","Y20182020","59.7","11.3"
"1847","United Republic of Tanzania","Africa","Y20192021","",""
"1848","United Republic of Tanzania","Africa","Y20202022","",""
"1849","Zambia","Africa","Y20002002","46","9"
"1850","Zambia","Africa","Y20012003","46.7","9"
"1851","Zambia","Africa","Y20022004","46.7","9"
"1852","Zambia","Africa","Y20032005","48.4","9"
"1853","Zambia","Africa","Y20042006","47.7","8.7"
"1854","Zambia","Africa","Y20052007","47.3","8.7"
"1855","Zambia","Africa","Y20062008","46","8.3"
"1856","Zambia","Africa","Y20072009","47","8.7"
"1857","Zambia","Africa","Y20082010","49.4","9.7"
"1858","Zambia","Africa","Y20092011","51.7","11"
"1859","Zambia","Africa","Y20102012","54","12.3"
"1860","Zambia","Africa","Y20112013","56","12.7"
"1861","Zambia","Africa","Y20122014","57.7","13.3"
"1862","Zambia","Africa","Y20132015","59","13.7"
"1863","Zambia","Africa","Y20142016","59.3","13.7"
"1864","Zambia","Africa","Y20152017","59","13.7"
"1865","Zambia","Africa","Y20162018","58.3","13.7"
"1866","Zambia","Africa","Y20172019","55.6","13.7"
"1867","Zambia","Africa","Y20182020","54.3","13"
"1868","Zambia","Africa","Y20192021","",""
"1869","Zambia","Africa","Y20202022","",""
"1870","Zimbabwe","Africa","Y20002002","46.7","9.7"
"1871","Zimbabwe","Africa","Y20012003","47","10"
"1872","Zimbabwe","Africa","Y20022004","47.3","9.7"
"1873","Zimbabwe","Africa","Y20032005","48.3","10"
"1874","Zimbabwe","Africa","Y20042006","49.7","10.3"
"1875","Zimbabwe","Africa","Y20052007","50.3","10.7"
"1876","Zimbabwe","Africa","Y20062008","50.7","11"
"1877","Zimbabwe","Africa","Y20072009","51","11.3"
"1878","Zimbabwe","Africa","Y20082010","55.4","17.4"
"1879","Zimbabwe","Africa","Y20092011","59.7","24.1"
"1880","Zimbabwe","Africa","Y20102012","63.3","30.3"
"1881","Zimbabwe","Africa","Y20112013","63","30.7"
"1882","Zimbabwe","Africa","Y20122014","61.3","28.6"
"1883","Zimbabwe","Africa","Y20132015","59.6","27.3"
"1884","Zimbabwe","Africa","Y20142016","58","26"
"1885","Zimbabwe","Africa","Y20152017","58","26"
"1886","Zimbabwe","Africa","Y20162018","57.7","25.3"
"1887","Zimbabwe","Africa","Y20172019","55.6","25"
"1888","Zimbabwe","Africa","Y20182020","54.7","24.7"
"1889","Zimbabwe","Africa","Y20192021","",""
"1890","Zimbabwe","Africa","Y20202022","",""
