"","Area","Region","Year","RailDensity(kmTrack/100sqkmLand)"
"1","Albania","Europe","2000","1.5"
"2","Albania","Europe","2001","1.6"
"3","Albania","Europe","2002","1.6"
"4","Albania","Europe","2003","1.6"
"5","Albania","Europe","2004","1.6"
"6","Albania","Europe","2005","1.5"
"7","Albania","Europe","2006","1.5"
"8","Albania","Europe","2007","1.5"
"9","Albania","Europe","2008","1.5"
"10","Albania","Europe","2009","1.5"
"11","Albania","Europe","2010",""
"12","Albania","Europe","2011",""
"13","Albania","Europe","2012",""
"14","Albania","Europe","2013",""
"15","Albania","Europe","2014",""
"16","Albania","Europe","2015",""
"17","Albania","Europe","2016",""
"18","Albania","Europe","2017",""
"19","Albania","Europe","2018",""
"20","Albania","Europe","2019",""
"21","Albania","Europe","2020",""
"22","Albania","Europe","2021",""
"23","Albania","Europe","2022",""
"24","Austria","Europe","2000","6.8"
"25","Austria","Europe","2001","6.8"
"26","Austria","Europe","2002","6.9"
"27","Austria","Europe","2003","6.9"
"28","Austria","Europe","2004","6.9"
"29","Austria","Europe","2005","6.9"
"30","Austria","Europe","2006","6.9"
"31","Austria","Europe","2007","6.9"
"32","Austria","Europe","2008","6.9"
"33","Austria","Europe","2009","6.4"
"34","Austria","Europe","2010","6.4"
"35","Austria","Europe","2011","5.9"
"36","Austria","Europe","2012","5.9"
"37","Austria","Europe","2013","5.9"
"38","Austria","Europe","2014","5.9"
"39","Austria","Europe","2015","5.9"
"40","Austria","Europe","2016","5.9"
"41","Austria","Europe","2017","5.9"
"42","Austria","Europe","2018","5.9"
"43","Austria","Europe","2019","5.9"
"44","Austria","Europe","2020","5.9"
"45","Austria","Europe","2021",""
"46","Austria","Europe","2022",""
"47","Belarus","Europe","2000","2.7"
"48","Belarus","Europe","2001","2.7"
"49","Belarus","Europe","2002","2.7"
"50","Belarus","Europe","2003","2.7"
"51","Belarus","Europe","2004","2.6"
"52","Belarus","Europe","2005","2.6"
"53","Belarus","Europe","2006","2.6"
"54","Belarus","Europe","2007","2.6"
"55","Belarus","Europe","2008","2.6"
"56","Belarus","Europe","2009","2.6"
"57","Belarus","Europe","2010","2.6"
"58","Belarus","Europe","2011","2.6"
"59","Belarus","Europe","2012","2.6"
"60","Belarus","Europe","2013","2.6"
"61","Belarus","Europe","2014","2.6"
"62","Belarus","Europe","2015","2.6"
"63","Belarus","Europe","2016","2.6"
"64","Belarus","Europe","2017","2.6"
"65","Belarus","Europe","2018","2.6"
"66","Belarus","Europe","2019","2.6"
"67","Belarus","Europe","2020","2.6"
"68","Belarus","Europe","2021",""
"69","Belarus","Europe","2022",""
"70","Belgium","Europe","2000","11.4"
"71","Belgium","Europe","2001","11.3"
"72","Belgium","Europe","2002","11.5"
"73","Belgium","Europe","2003","11.5"
"74","Belgium","Europe","2004","11.6"
"75","Belgium","Europe","2005","11.6"
"76","Belgium","Europe","2006","11.5"
"77","Belgium","Europe","2007","11.1"
"78","Belgium","Europe","2008","11.5"
"79","Belgium","Europe","2009","11.7"
"80","Belgium","Europe","2010","11.7"
"81","Belgium","Europe","2011",""
"82","Belgium","Europe","2012","11.8"
"83","Belgium","Europe","2013",""
"84","Belgium","Europe","2014","11.9"
"85","Belgium","Europe","2015","11.8"
"86","Belgium","Europe","2016","11.8"
"87","Belgium","Europe","2017","11.8"
"88","Belgium","Europe","2018","11.8"
"89","Belgium","Europe","2019","11.8"
"90","Belgium","Europe","2020","11.8"
"91","Belgium","Europe","2021",""
"92","Belgium","Europe","2022",""
"93","Bosnia and Herzegovina","Europe","2000","1.8"
"94","Bosnia and Herzegovina","Europe","2001","2"
"95","Bosnia and Herzegovina","Europe","2002","2"
"96","Bosnia and Herzegovina","Europe","2003","2"
"97","Bosnia and Herzegovina","Europe","2004","2"
"98","Bosnia and Herzegovina","Europe","2005","2"
"99","Bosnia and Herzegovina","Europe","2006","2"
"100","Bosnia and Herzegovina","Europe","2007","2"
"101","Bosnia and Herzegovina","Europe","2008","2"
"102","Bosnia and Herzegovina","Europe","2009","2"
"103","Bosnia and Herzegovina","Europe","2010","2"
"104","Bosnia and Herzegovina","Europe","2011","2"
"105","Bosnia and Herzegovina","Europe","2012","2"
"106","Bosnia and Herzegovina","Europe","2013","2"
"107","Bosnia and Herzegovina","Europe","2014","2"
"108","Bosnia and Herzegovina","Europe","2015","2"
"109","Bosnia and Herzegovina","Europe","2016","2"
"110","Bosnia and Herzegovina","Europe","2017","0.8"
"111","Bosnia and Herzegovina","Europe","2018","2"
"112","Bosnia and Herzegovina","Europe","2019","2"
"113","Bosnia and Herzegovina","Europe","2020",""
"114","Bosnia and Herzegovina","Europe","2021",""
"115","Bosnia and Herzegovina","Europe","2022",""
"116","Bulgaria","Europe","2000","3.9"
"117","Bulgaria","Europe","2001","3.9"
"118","Bulgaria","Europe","2002","3.9"
"119","Bulgaria","Europe","2003","3.9"
"120","Bulgaria","Europe","2004","3.8"
"121","Bulgaria","Europe","2005","3.7"
"122","Bulgaria","Europe","2006","3.7"
"123","Bulgaria","Europe","2007","3.7"
"124","Bulgaria","Europe","2008","3.7"
"125","Bulgaria","Europe","2009","3.7"
"126","Bulgaria","Europe","2010","3.7"
"127","Bulgaria","Europe","2011","3.7"
"128","Bulgaria","Europe","2012","3.7"
"129","Bulgaria","Europe","2013","3.6"
"130","Bulgaria","Europe","2014","3.6"
"131","Bulgaria","Europe","2015","3.6"
"132","Bulgaria","Europe","2016","3.6"
"133","Bulgaria","Europe","2017","3.6"
"134","Bulgaria","Europe","2018","3.6"
"135","Bulgaria","Europe","2019","3.6"
"136","Bulgaria","Europe","2020","3.6"
"137","Bulgaria","Europe","2021",""
"138","Bulgaria","Europe","2022",""
"139","Croatia","Europe","2000","4.8"
"140","Croatia","Europe","2001","4.8"
"141","Croatia","Europe","2002","4.8"
"142","Croatia","Europe","2003","4.8"
"143","Croatia","Europe","2004","4.8"
"144","Croatia","Europe","2005","4.8"
"145","Croatia","Europe","2006","4.8"
"146","Croatia","Europe","2007","4.8"
"147","Croatia","Europe","2008","4.8"
"148","Croatia","Europe","2009","4.8"
"149","Croatia","Europe","2010","4.8"
"150","Croatia","Europe","2011","4.8"
"151","Croatia","Europe","2012","4.8"
"152","Croatia","Europe","2013","3.1"
"153","Croatia","Europe","2014","3"
"154","Croatia","Europe","2015","3"
"155","Croatia","Europe","2016","3"
"156","Croatia","Europe","2017","3"
"157","Croatia","Europe","2018","3"
"158","Croatia","Europe","2019","3"
"159","Croatia","Europe","2020","3"
"160","Croatia","Europe","2021",""
"161","Croatia","Europe","2022",""
"162","Czechia","Europe","2000","11.9"
"163","Czechia","Europe","2001","12"
"164","Czechia","Europe","2002","12"
"165","Czechia","Europe","2003","12"
"166","Czechia","Europe","2004","12.1"
"167","Czechia","Europe","2005","12.1"
"168","Czechia","Europe","2006","12"
"169","Czechia","Europe","2007","12"
"170","Czechia","Europe","2008","12"
"171","Czechia","Europe","2009","12"
"172","Czechia","Europe","2010","12"
"173","Czechia","Europe","2011","12"
"174","Czechia","Europe","2012","12"
"175","Czechia","Europe","2013","12"
"176","Czechia","Europe","2014","12"
"177","Czechia","Europe","2015","12"
"178","Czechia","Europe","2016","12"
"179","Czechia","Europe","2017","11.9"
"180","Czechia","Europe","2018","11.9"
"181","Czechia","Europe","2019","11.9"
"182","Czechia","Europe","2020","11.9"
"183","Czechia","Europe","2021",""
"184","Czechia","Europe","2022",""
"185","Denmark","Europe","2000","4.8"
"186","Denmark","Europe","2001","4.8"
"187","Denmark","Europe","2002","5.3"
"188","Denmark","Europe","2003","5.3"
"189","Denmark","Europe","2004","5.2"
"190","Denmark","Europe","2005","5"
"191","Denmark","Europe","2006","5"
"192","Denmark","Europe","2007","5"
"193","Denmark","Europe","2008","5"
"194","Denmark","Europe","2009","5"
"195","Denmark","Europe","2010",""
"196","Denmark","Europe","2011",""
"197","Denmark","Europe","2012",""
"198","Denmark","Europe","2013",""
"199","Denmark","Europe","2014",""
"200","Denmark","Europe","2015",""
"201","Denmark","Europe","2016",""
"202","Denmark","Europe","2017",""
"203","Denmark","Europe","2018",""
"204","Denmark","Europe","2019",""
"205","Denmark","Europe","2020",""
"206","Denmark","Europe","2021",""
"207","Denmark","Europe","2022",""
"208","Estonia","Europe","2000","2.1"
"209","Estonia","Europe","2001","2.1"
"210","Estonia","Europe","2002","2.1"
"211","Estonia","Europe","2003","2.1"
"212","Estonia","Europe","2004","2.1"
"213","Estonia","Europe","2005","2.1"
"214","Estonia","Europe","2006","2.1"
"215","Estonia","Europe","2007","1.8"
"216","Estonia","Europe","2008","1.8"
"217","Estonia","Europe","2009","1.8"
"218","Estonia","Europe","2010","1.7"
"219","Estonia","Europe","2011","1.8"
"220","Estonia","Europe","2012","1.8"
"221","Estonia","Europe","2013",""
"222","Estonia","Europe","2014","2.2"
"223","Estonia","Europe","2015","2.3"
"224","Estonia","Europe","2016","2.3"
"225","Estonia","Europe","2017","2.3"
"226","Estonia","Europe","2018",""
"227","Estonia","Europe","2019",""
"228","Estonia","Europe","2020",""
"229","Estonia","Europe","2021",""
"230","Estonia","Europe","2022",""
"231","Finland","Europe","2000","1.7"
"232","Finland","Europe","2001","1.7"
"233","Finland","Europe","2002","1.7"
"234","Finland","Europe","2003","1.7"
"235","Finland","Europe","2004","1.7"
"236","Finland","Europe","2005","1.7"
"237","Finland","Europe","2006","1.7"
"238","Finland","Europe","2007","1.7"
"239","Finland","Europe","2008","1.7"
"240","Finland","Europe","2009","1.7"
"241","Finland","Europe","2010","1.7"
"242","Finland","Europe","2011","1.8"
"243","Finland","Europe","2012","1.8"
"244","Finland","Europe","2013","1.8"
"245","Finland","Europe","2014","1.8"
"246","Finland","Europe","2015","1.8"
"247","Finland","Europe","2016","1.8"
"248","Finland","Europe","2017","1.8"
"249","Finland","Europe","2018","1.8"
"250","Finland","Europe","2019","1.7"
"251","Finland","Europe","2020","1.7"
"252","Finland","Europe","2021",""
"253","Finland","Europe","2022",""
"254","France","Europe","2000","5.3"
"255","France","Europe","2001","5.4"
"256","France","Europe","2002","5.4"
"257","France","Europe","2003","5.3"
"258","France","Europe","2004","5.3"
"259","France","Europe","2005","5.2"
"260","France","Europe","2006","5.4"
"261","France","Europe","2007","5.5"
"262","France","Europe","2008","5.5"
"263","France","Europe","2009","6.1"
"264","France","Europe","2010","5.5"
"265","France","Europe","2011","5.5"
"266","France","Europe","2012","5.4"
"267","France","Europe","2013","5.5"
"268","France","Europe","2014",""
"269","France","Europe","2015","5.3"
"270","France","Europe","2016","5.3"
"271","France","Europe","2017","5.3"
"272","France","Europe","2018","5.1"
"273","France","Europe","2019","5.1"
"274","France","Europe","2020","5.1"
"275","France","Europe","2021",""
"276","France","Europe","2022",""
"277","Germany","Europe","2000","10.3"
"278","Germany","Europe","2001","10.1"
"279","Germany","Europe","2002","10"
"280","Germany","Europe","2003","10.1"
"281","Germany","Europe","2004","9.7"
"282","Germany","Europe","2005","9.6"
"283","Germany","Europe","2006","9.6"
"284","Germany","Europe","2007","9.5"
"285","Germany","Europe","2008","9.5"
"286","Germany","Europe","2009","9.4"
"287","Germany","Europe","2010","9.4"
"288","Germany","Europe","2011","9.4"
"289","Germany","Europe","2012","9.4"
"290","Germany","Europe","2013","9.4"
"291","Germany","Europe","2014","9.4"
"292","Germany","Europe","2015","9.3"
"293","Germany","Europe","2016","9.3"
"294","Germany","Europe","2017","9.4"
"295","Germany","Europe","2018","9.4"
"296","Germany","Europe","2019","9.3"
"297","Germany","Europe","2020","9.3"
"298","Germany","Europe","2021",""
"299","Germany","Europe","2022",""
"300","Greece","Europe","2000","1.8"
"301","Greece","Europe","2001","1.8"
"302","Greece","Europe","2002","1.8"
"303","Greece","Europe","2003","1.8"
"304","Greece","Europe","2004","1.9"
"305","Greece","Europe","2005","2"
"306","Greece","Europe","2006","1.9"
"307","Greece","Europe","2007","1.9"
"308","Greece","Europe","2008","1.9"
"309","Greece","Europe","2009","1.9"
"310","Greece","Europe","2010","1.9"
"311","Greece","Europe","2011","1.9"
"312","Greece","Europe","2012","1.7"
"313","Greece","Europe","2013","1.7"
"314","Greece","Europe","2014","1.7"
"315","Greece","Europe","2015","1.7"
"316","Greece","Europe","2016","1.7"
"317","Greece","Europe","2017","1.7"
"318","Greece","Europe","2018","1.7"
"319","Greece","Europe","2019","1.7"
"320","Greece","Europe","2020","1.8"
"321","Greece","Europe","2021",""
"322","Greece","Europe","2022",""
"323","Hungary","Europe","2000","8.6"
"324","Hungary","Europe","2001","8.3"
"325","Hungary","Europe","2002","8.5"
"326","Hungary","Europe","2003","8.5"
"327","Hungary","Europe","2004","8.5"
"328","Hungary","Europe","2005","8.5"
"329","Hungary","Europe","2006","8.6"
"330","Hungary","Europe","2007","8.5"
"331","Hungary","Europe","2008","8.5"
"332","Hungary","Europe","2009","8.5"
"333","Hungary","Europe","2010","8.5"
"334","Hungary","Europe","2011","8.5"
"335","Hungary","Europe","2012","8.5"
"336","Hungary","Europe","2013","8.5"
"337","Hungary","Europe","2014","8.5"
"338","Hungary","Europe","2015","8.5"
"339","Hungary","Europe","2016","8.3"
"340","Hungary","Europe","2017","8.3"
"341","Hungary","Europe","2018","8.2"
"342","Hungary","Europe","2019","8.2"
"343","Hungary","Europe","2020","8.2"
"344","Hungary","Europe","2021",""
"345","Hungary","Europe","2022",""
"346","Ireland","Europe","2000","2.7"
"347","Ireland","Europe","2001","2.7"
"348","Ireland","Europe","2002","2.7"
"349","Ireland","Europe","2003","2.7"
"350","Ireland","Europe","2004","2.7"
"351","Ireland","Europe","2005","2.7"
"352","Ireland","Europe","2006","2.7"
"353","Ireland","Europe","2007","2.7"
"354","Ireland","Europe","2008","2.7"
"355","Ireland","Europe","2009","2.7"
"356","Ireland","Europe","2010","2.7"
"357","Ireland","Europe","2011","2.7"
"358","Ireland","Europe","2012","2.7"
"359","Ireland","Europe","2013","2.7"
"360","Ireland","Europe","2014","2.1"
"361","Ireland","Europe","2015","2.1"
"362","Ireland","Europe","2016","3.1"
"363","Ireland","Europe","2017","2.7"
"364","Ireland","Europe","2018","2.7"
"365","Ireland","Europe","2019","2.7"
"366","Ireland","Europe","2020","2.7"
"367","Ireland","Europe","2021",""
"368","Ireland","Europe","2022",""
"369","Italy","Europe","2000","5.4"
"370","Italy","Europe","2001","5.4"
"371","Italy","Europe","2002","5.4"
"372","Italy","Europe","2003","5.4"
"373","Italy","Europe","2004","5.4"
"374","Italy","Europe","2005","5.5"
"375","Italy","Europe","2006","5.5"
"376","Italy","Europe","2007","5.5"
"377","Italy","Europe","2008","5.6"
"378","Italy","Europe","2009","5.6"
"379","Italy","Europe","2010","5.5"
"380","Italy","Europe","2011","5.5"
"381","Italy","Europe","2012","5.5"
"382","Italy","Europe","2013","5.5"
"383","Italy","Europe","2014","5.5"
"384","Italy","Europe","2015","5.5"
"385","Italy","Europe","2016","5.6"
"386","Italy","Europe","2017","5.6"
"387","Italy","Europe","2018","5.6"
"388","Italy","Europe","2019","5.6"
"389","Italy","Europe","2020","5.7"
"390","Italy","Europe","2021",""
"391","Italy","Europe","2022",""
"392","Latvia","Europe","2000","3.6"
"393","Latvia","Europe","2001","3.6"
"394","Latvia","Europe","2002","3.5"
"395","Latvia","Europe","2003","3.5"
"396","Latvia","Europe","2004","3.5"
"397","Latvia","Europe","2005","3.5"
"398","Latvia","Europe","2006","3.5"
"399","Latvia","Europe","2007","3.5"
"400","Latvia","Europe","2008","3.5"
"401","Latvia","Europe","2009","2.9"
"402","Latvia","Europe","2010","2.9"
"403","Latvia","Europe","2011","2.9"
"404","Latvia","Europe","2012","2.9"
"405","Latvia","Europe","2013","2.9"
"406","Latvia","Europe","2014","2.9"
"407","Latvia","Europe","2015","2.9"
"408","Latvia","Europe","2016","2.9"
"409","Latvia","Europe","2017","2.9"
"410","Latvia","Europe","2018","2.9"
"411","Latvia","Europe","2019","2.9"
"412","Latvia","Europe","2020","2.9"
"413","Latvia","Europe","2021",""
"414","Latvia","Europe","2022",""
"415","Lithuania","Europe","2000","2.9"
"416","Lithuania","Europe","2001","2.6"
"417","Lithuania","Europe","2002","2.7"
"418","Lithuania","Europe","2003","2.7"
"419","Lithuania","Europe","2004","2.7"
"420","Lithuania","Europe","2005","2.7"
"421","Lithuania","Europe","2006","2.7"
"422","Lithuania","Europe","2007","2.7"
"423","Lithuania","Europe","2008","2.7"
"424","Lithuania","Europe","2009","2.7"
"425","Lithuania","Europe","2010","2.7"
"426","Lithuania","Europe","2011","2.7"
"427","Lithuania","Europe","2012","2.7"
"428","Lithuania","Europe","2013","2.7"
"429","Lithuania","Europe","2014","2.7"
"430","Lithuania","Europe","2015","2.9"
"431","Lithuania","Europe","2016","2.9"
"432","Lithuania","Europe","2017","2.9"
"433","Lithuania","Europe","2018","2.9"
"434","Lithuania","Europe","2019","2.9"
"435","Lithuania","Europe","2020","2.9"
"436","Lithuania","Europe","2021",""
"437","Lithuania","Europe","2022",""
"438","Luxembourg","Europe","2000","10.6"
"439","Luxembourg","Europe","2001","10.6"
"440","Luxembourg","Europe","2002","10.6"
"441","Luxembourg","Europe","2003","10.6"
"442","Luxembourg","Europe","2004","10.6"
"443","Luxembourg","Europe","2005","10.6"
"444","Luxembourg","Europe","2006","10.6"
"445","Luxembourg","Europe","2007","10.6"
"446","Luxembourg","Europe","2008","10.6"
"447","Luxembourg","Europe","2009","10.6"
"448","Luxembourg","Europe","2010","10.6"
"449","Luxembourg","Europe","2011","10.6"
"450","Luxembourg","Europe","2012","10.6"
"451","Luxembourg","Europe","2013","10.6"
"452","Luxembourg","Europe","2014","10.6"
"453","Luxembourg","Europe","2015","10.6"
"454","Luxembourg","Europe","2016","10.6"
"455","Luxembourg","Europe","2017","10.6"
"456","Luxembourg","Europe","2018","11.1"
"457","Luxembourg","Europe","2019","11.1"
"458","Luxembourg","Europe","2020","10.5"
"459","Luxembourg","Europe","2021",""
"460","Luxembourg","Europe","2022",""
"461","Montenegro","Europe","2000",""
"462","Montenegro","Europe","2001",""
"463","Montenegro","Europe","2002",""
"464","Montenegro","Europe","2003","1.8"
"465","Montenegro","Europe","2004","1.8"
"466","Montenegro","Europe","2005","1.8"
"467","Montenegro","Europe","2006","1.8"
"468","Montenegro","Europe","2007","1.8"
"469","Montenegro","Europe","2008","1.8"
"470","Montenegro","Europe","2009","1.8"
"471","Montenegro","Europe","2010","1.8"
"472","Montenegro","Europe","2011","1.7"
"473","Montenegro","Europe","2012","1.7"
"474","Montenegro","Europe","2013","1.8"
"475","Montenegro","Europe","2014","1.8"
"476","Montenegro","Europe","2015","1.8"
"477","Montenegro","Europe","2016","1.8"
"478","Montenegro","Europe","2017","1.8"
"479","Montenegro","Europe","2018","1.8"
"480","Montenegro","Europe","2019","1.8"
"481","Montenegro","Europe","2020",""
"482","Montenegro","Europe","2021",""
"483","Montenegro","Europe","2022",""
"484","Netherlands (Kingdom of the)","Europe","2000","6.7"
"485","Netherlands (Kingdom of the)","Europe","2001","6.8"
"486","Netherlands (Kingdom of the)","Europe","2002","6.8"
"487","Netherlands (Kingdom of the)","Europe","2003","6.8"
"488","Netherlands (Kingdom of the)","Europe","2004","6.8"
"489","Netherlands (Kingdom of the)","Europe","2005","6.8"
"490","Netherlands (Kingdom of the)","Europe","2006","6.7"
"491","Netherlands (Kingdom of the)","Europe","2007","7"
"492","Netherlands (Kingdom of the)","Europe","2008","7"
"493","Netherlands (Kingdom of the)","Europe","2009","6.9"
"494","Netherlands (Kingdom of the)","Europe","2010","7.3"
"495","Netherlands (Kingdom of the)","Europe","2011",""
"496","Netherlands (Kingdom of the)","Europe","2012",""
"497","Netherlands (Kingdom of the)","Europe","2013",""
"498","Netherlands (Kingdom of the)","Europe","2014",""
"499","Netherlands (Kingdom of the)","Europe","2015",""
"500","Netherlands (Kingdom of the)","Europe","2016",""
"501","Netherlands (Kingdom of the)","Europe","2017",""
"502","Netherlands (Kingdom of the)","Europe","2018","7.4"
"503","Netherlands (Kingdom of the)","Europe","2019","7.4"
"504","Netherlands (Kingdom of the)","Europe","2020","7.4"
"505","Netherlands (Kingdom of the)","Europe","2021",""
"506","Netherlands (Kingdom of the)","Europe","2022",""
"507","North Macedonia","Europe","2000","2.7"
"508","North Macedonia","Europe","2001","2.7"
"509","North Macedonia","Europe","2002","2.7"
"510","North Macedonia","Europe","2003","2.7"
"511","North Macedonia","Europe","2004","2.7"
"512","North Macedonia","Europe","2005","2.7"
"513","North Macedonia","Europe","2006","2.7"
"514","North Macedonia","Europe","2007","2.7"
"515","North Macedonia","Europe","2008","2.7"
"516","North Macedonia","Europe","2009","2.7"
"517","North Macedonia","Europe","2010","2.7"
"518","North Macedonia","Europe","2011","2.7"
"519","North Macedonia","Europe","2012","2.7"
"520","North Macedonia","Europe","2013","2.7"
"521","North Macedonia","Europe","2014","2.7"
"522","North Macedonia","Europe","2015","2.7"
"523","North Macedonia","Europe","2016","2.7"
"524","North Macedonia","Europe","2017","2.7"
"525","North Macedonia","Europe","2018","2.7"
"526","North Macedonia","Europe","2019","2.7"
"527","North Macedonia","Europe","2020","2.7"
"528","North Macedonia","Europe","2021",""
"529","North Macedonia","Europe","2022",""
"530","Norway","Europe","2000","1.1"
"531","Norway","Europe","2001","1.1"
"532","Norway","Europe","2002","1.1"
"533","Norway","Europe","2003","1.1"
"534","Norway","Europe","2004","1.1"
"535","Norway","Europe","2005","1.1"
"536","Norway","Europe","2006","1.1"
"537","Norway","Europe","2007","1.1"
"538","Norway","Europe","2008","1.1"
"539","Norway","Europe","2009",""
"540","Norway","Europe","2010",""
"541","Norway","Europe","2011","1.1"
"542","Norway","Europe","2012",""
"543","Norway","Europe","2013",""
"544","Norway","Europe","2014","0.7"
"545","Norway","Europe","2015","0.7"
"546","Norway","Europe","2016","0.7"
"547","Norway","Europe","2017","0.7"
"548","Norway","Europe","2018","0.7"
"549","Norway","Europe","2019",""
"550","Norway","Europe","2020","0.6"
"551","Norway","Europe","2021",""
"552","Norway","Europe","2022",""
"553","Poland","Europe","2000","7.2"
"554","Poland","Europe","2001","6.4"
"555","Poland","Europe","2002","6.5"
"556","Poland","Europe","2003","6.4"
"557","Poland","Europe","2004","6.3"
"558","Poland","Europe","2005","6.3"
"559","Poland","Europe","2006","6.2"
"560","Poland","Europe","2007","6.2"
"561","Poland","Europe","2008","6.3"
"562","Poland","Europe","2009","6.3"
"563","Poland","Europe","2010","6.3"
"564","Poland","Europe","2011","6.3"
"565","Poland","Europe","2012","6.3"
"566","Poland","Europe","2013","6.1"
"567","Poland","Europe","2014","6.1"
"568","Poland","Europe","2015","5.9"
"569","Poland","Europe","2016","5.9"
"570","Poland","Europe","2017","5.9"
"571","Poland","Europe","2018","5.9"
"572","Poland","Europe","2019","5.9"
"573","Poland","Europe","2020","6"
"574","Poland","Europe","2021",""
"575","Poland","Europe","2022",""
"576","Portugal","Europe","2000","3.1"
"577","Portugal","Europe","2001","3.1"
"578","Portugal","Europe","2002","3.1"
"579","Portugal","Europe","2003","3.1"
"580","Portugal","Europe","2004","3.1"
"581","Portugal","Europe","2005","3.1"
"582","Portugal","Europe","2006","3.1"
"583","Portugal","Europe","2007","3.1"
"584","Portugal","Europe","2008","3.1"
"585","Portugal","Europe","2009","3.1"
"586","Portugal","Europe","2010","3.1"
"587","Portugal","Europe","2011","3"
"588","Portugal","Europe","2012","2.8"
"589","Portugal","Europe","2013","2.8"
"590","Portugal","Europe","2014","2.8"
"591","Portugal","Europe","2015","2.8"
"592","Portugal","Europe","2016","2.8"
"593","Portugal","Europe","2017","2.8"
"594","Portugal","Europe","2018","2.8"
"595","Portugal","Europe","2019","2.7"
"596","Portugal","Europe","2020","2.7"
"597","Portugal","Europe","2021",""
"598","Portugal","Europe","2022",""
"599","Republic of Moldova","Europe","2000","3.4"
"600","Republic of Moldova","Europe","2001","3.3"
"601","Republic of Moldova","Europe","2002","3.3"
"602","Republic of Moldova","Europe","2003","3.3"
"603","Republic of Moldova","Europe","2004","3.2"
"604","Republic of Moldova","Europe","2005","3.2"
"605","Republic of Moldova","Europe","2006","3.4"
"606","Republic of Moldova","Europe","2007","3.4"
"607","Republic of Moldova","Europe","2008","3.4"
"608","Republic of Moldova","Europe","2009","3.4"
"609","Republic of Moldova","Europe","2010","3.4"
"610","Republic of Moldova","Europe","2011","3.4"
"611","Republic of Moldova","Europe","2012","3.4"
"612","Republic of Moldova","Europe","2013","3.4"
"613","Republic of Moldova","Europe","2014","3.4"
"614","Republic of Moldova","Europe","2015","3.4"
"615","Republic of Moldova","Europe","2016","3.4"
"616","Republic of Moldova","Europe","2017","3.4"
"617","Republic of Moldova","Europe","2018","3.4"
"618","Republic of Moldova","Europe","2019","3.4"
"619","Republic of Moldova","Europe","2020","3.4"
"620","Republic of Moldova","Europe","2021",""
"621","Republic of Moldova","Europe","2022",""
"622","Romania","Europe","2000","4.8"
"623","Romania","Europe","2001","4.8"
"624","Romania","Europe","2002","4.8"
"625","Romania","Europe","2003","4.6"
"626","Romania","Europe","2004","4.5"
"627","Romania","Europe","2005","4.5"
"628","Romania","Europe","2006","4.5"
"629","Romania","Europe","2007","4.5"
"630","Romania","Europe","2008","4.5"
"631","Romania","Europe","2009","4.5"
"632","Romania","Europe","2010","4.5"
"633","Romania","Europe","2011","4.5"
"634","Romania","Europe","2012","4.5"
"635","Romania","Europe","2013","4.5"
"636","Romania","Europe","2014","4.5"
"637","Romania","Europe","2015","4.5"
"638","Romania","Europe","2016","4.5"
"639","Romania","Europe","2017","4.5"
"640","Romania","Europe","2018","4.5"
"641","Romania","Europe","2019","4.5"
"642","Romania","Europe","2020","4.5"
"643","Romania","Europe","2021",""
"644","Romania","Europe","2022",""
"645","Russian Federation","Europe","2000","0.5"
"646","Russian Federation","Europe","2001","0.5"
"647","Russian Federation","Europe","2002","0.5"
"648","Russian Federation","Europe","2003","0.5"
"649","Russian Federation","Europe","2004","0.5"
"650","Russian Federation","Europe","2005","0.5"
"651","Russian Federation","Europe","2006","0.5"
"652","Russian Federation","Europe","2007","0.5"
"653","Russian Federation","Europe","2008","0.5"
"654","Russian Federation","Europe","2009","0.5"
"655","Russian Federation","Europe","2010","0.5"
"656","Russian Federation","Europe","2011","0.5"
"657","Russian Federation","Europe","2012","0.5"
"658","Russian Federation","Europe","2013","0.5"
"659","Russian Federation","Europe","2014","0.5"
"660","Russian Federation","Europe","2015","0.5"
"661","Russian Federation","Europe","2016","0.5"
"662","Russian Federation","Europe","2017","0.5"
"663","Russian Federation","Europe","2018","0.5"
"664","Russian Federation","Europe","2019","0.5"
"665","Russian Federation","Europe","2020","0.5"
"666","Russian Federation","Europe","2021",""
"667","Russian Federation","Europe","2022",""
"668","Serbia","Europe","2000","4.3"
"669","Serbia","Europe","2001","4.3"
"670","Serbia","Europe","2002","4.3"
"671","Serbia","Europe","2003","4.3"
"672","Serbia","Europe","2004","4.3"
"673","Serbia","Europe","2005","4.3"
"674","Serbia","Europe","2006","4.3"
"675","Serbia","Europe","2007","4.3"
"676","Serbia","Europe","2008","4.3"
"677","Serbia","Europe","2009","4.3"
"678","Serbia","Europe","2010","4.3"
"679","Serbia","Europe","2011","4.3"
"680","Serbia","Europe","2012","4.3"
"681","Serbia","Europe","2013","4.3"
"682","Serbia","Europe","2014","4.3"
"683","Serbia","Europe","2015","4.3"
"684","Serbia","Europe","2016","4.2"
"685","Serbia","Europe","2017","4.2"
"686","Serbia","Europe","2018","4.2"
"687","Serbia","Europe","2019","4.2"
"688","Serbia","Europe","2020","3.9"
"689","Serbia","Europe","2021",""
"690","Serbia","Europe","2022",""
"691","Slovakia","Europe","2000","7.5"
"692","Slovakia","Europe","2001","7.5"
"693","Slovakia","Europe","2002","7.5"
"694","Slovakia","Europe","2003","7.5"
"695","Slovakia","Europe","2004","7.5"
"696","Slovakia","Europe","2005","7.4"
"697","Slovakia","Europe","2006","7.4"
"698","Slovakia","Europe","2007","7.4"
"699","Slovakia","Europe","2008","7.4"
"700","Slovakia","Europe","2009","7.4"
"701","Slovakia","Europe","2010","7.4"
"702","Slovakia","Europe","2011","7.4"
"703","Slovakia","Europe","2012","7.4"
"704","Slovakia","Europe","2013","7.4"
"705","Slovakia","Europe","2014","7.4"
"706","Slovakia","Europe","2015","7.4"
"707","Slovakia","Europe","2016","7.4"
"708","Slovakia","Europe","2017","7.4"
"709","Slovakia","Europe","2018","7.4"
"710","Slovakia","Europe","2019","7.4"
"711","Slovakia","Europe","2020","7.4"
"712","Slovakia","Europe","2021",""
"713","Slovakia","Europe","2022",""
"714","Slovenia","Europe","2000","5.9"
"715","Slovenia","Europe","2001","6.1"
"716","Slovenia","Europe","2002","6.1"
"717","Slovenia","Europe","2003","6.1"
"718","Slovenia","Europe","2004","6.1"
"719","Slovenia","Europe","2005","6.1"
"720","Slovenia","Europe","2006","6.1"
"721","Slovenia","Europe","2007","6.1"
"722","Slovenia","Europe","2008","6.1"
"723","Slovenia","Europe","2009","6.1"
"724","Slovenia","Europe","2010","6.1"
"725","Slovenia","Europe","2011","6"
"726","Slovenia","Europe","2012","6"
"727","Slovenia","Europe","2013","5.8"
"728","Slovenia","Europe","2014","5.8"
"729","Slovenia","Europe","2015","5.8"
"730","Slovenia","Europe","2016","5.8"
"731","Slovenia","Europe","2017","5.9"
"732","Slovenia","Europe","2018","5.9"
"733","Slovenia","Europe","2019","5.9"
"734","Slovenia","Europe","2020","5.9"
"735","Slovenia","Europe","2021",""
"736","Slovenia","Europe","2022",""
"737","Spain","Europe","2000","2.7"
"738","Spain","Europe","2001","2.7"
"739","Spain","Europe","2002","2.7"
"740","Spain","Europe","2003","2.8"
"741","Spain","Europe","2004","2.8"
"742","Spain","Europe","2005","2.8"
"743","Spain","Europe","2006","2.9"
"744","Spain","Europe","2007","3"
"745","Spain","Europe","2008","3"
"746","Spain","Europe","2009","3"
"747","Spain","Europe","2010","3.1"
"748","Spain","Europe","2011","3.1"
"749","Spain","Europe","2012","3.1"
"750","Spain","Europe","2013","3.1"
"751","Spain","Europe","2014","3.1"
"752","Spain","Europe","2015","3.1"
"753","Spain","Europe","2016","3.1"
"754","Spain","Europe","2017","3.1"
"755","Spain","Europe","2018","3.1"
"756","Spain","Europe","2019","3.1"
"757","Spain","Europe","2020","3.1"
"758","Spain","Europe","2021",""
"759","Spain","Europe","2022",""
"760","Sweden","Europe","2000","2.4"
"761","Sweden","Europe","2001","2.2"
"762","Sweden","Europe","2002","2.2"
"763","Sweden","Europe","2003","2.2"
"764","Sweden","Europe","2004","2.2"
"765","Sweden","Europe","2005","2.2"
"766","Sweden","Europe","2006","2.2"
"767","Sweden","Europe","2007","2.2"
"768","Sweden","Europe","2008","2.2"
"769","Sweden","Europe","2009","2.2"
"770","Sweden","Europe","2010","2.2"
"771","Sweden","Europe","2011","2.2"
"772","Sweden","Europe","2012","2.2"
"773","Sweden","Europe","2013","1.8"
"774","Sweden","Europe","2014","1.8"
"775","Sweden","Europe","2015","1.8"
"776","Sweden","Europe","2016","1.8"
"777","Sweden","Europe","2017","1.8"
"778","Sweden","Europe","2018","1.8"
"779","Sweden","Europe","2019","1.8"
"780","Sweden","Europe","2020","1.8"
"781","Sweden","Europe","2021",""
"782","Sweden","Europe","2022",""
"783","Switzerland","Europe","2000","7.8"
"784","Switzerland","Europe","2001","7.8"
"785","Switzerland","Europe","2002","7.8"
"786","Switzerland","Europe","2003","7.8"
"787","Switzerland","Europe","2004","8.2"
"788","Switzerland","Europe","2005","8.2"
"789","Switzerland","Europe","2006","8.6"
"790","Switzerland","Europe","2007","8.1"
"791","Switzerland","Europe","2008","8.6"
"792","Switzerland","Europe","2009","8.7"
"793","Switzerland","Europe","2010","8.7"
"794","Switzerland","Europe","2011","8.6"
"795","Switzerland","Europe","2012","8.6"
"796","Switzerland","Europe","2013","8.7"
"797","Switzerland","Europe","2014","9.7"
"798","Switzerland","Europe","2015","9.6"
"799","Switzerland","Europe","2016","9.8"
"800","Switzerland","Europe","2017","9.8"
"801","Switzerland","Europe","2018","9.8"
"802","Switzerland","Europe","2019","8.8"
"803","Switzerland","Europe","2020","8.9"
"804","Switzerland","Europe","2021",""
"805","Switzerland","Europe","2022",""
"806","Ukraine","Europe","2000","3.7"
"807","Ukraine","Europe","2001","3.7"
"808","Ukraine","Europe","2002","3.7"
"809","Ukraine","Europe","2003","3.7"
"810","Ukraine","Europe","2004","3.6"
"811","Ukraine","Europe","2005","3.6"
"812","Ukraine","Europe","2006","3.6"
"813","Ukraine","Europe","2007","3.6"
"814","Ukraine","Europe","2008","3.6"
"815","Ukraine","Europe","2009","3.6"
"816","Ukraine","Europe","2010","3.6"
"817","Ukraine","Europe","2011","3.6"
"818","Ukraine","Europe","2012","3.6"
"819","Ukraine","Europe","2013","3.6"
"820","Ukraine","Europe","2014","3.6"
"821","Ukraine","Europe","2015","3.5"
"822","Ukraine","Europe","2016","3.6"
"823","Ukraine","Europe","2017","3.6"
"824","Ukraine","Europe","2018","3.6"
"825","Ukraine","Europe","2019","3.6"
"826","Ukraine","Europe","2020","3.6"
"827","Ukraine","Europe","2021",""
"828","Ukraine","Europe","2022",""
"829","United Kingdom of Great Britain and Northern Ireland","Europe","2000","7"
"830","United Kingdom of Great Britain and Northern Ireland","Europe","2001","7"
"831","United Kingdom of Great Britain and Northern Ireland","Europe","2002","7"
"832","United Kingdom of Great Britain and Northern Ireland","Europe","2003","6.9"
"833","United Kingdom of Great Britain and Northern Ireland","Europe","2004","6.8"
"834","United Kingdom of Great Britain and Northern Ireland","Europe","2005",""
"835","United Kingdom of Great Britain and Northern Ireland","Europe","2006",""
"836","United Kingdom of Great Britain and Northern Ireland","Europe","2007","6.7"
"837","United Kingdom of Great Britain and Northern Ireland","Europe","2008","6.7"
"838","United Kingdom of Great Britain and Northern Ireland","Europe","2009","6.7"
"839","United Kingdom of Great Britain and Northern Ireland","Europe","2010","6.5"
"840","United Kingdom of Great Britain and Northern Ireland","Europe","2011","6.7"
"841","United Kingdom of Great Britain and Northern Ireland","Europe","2012","6.5"
"842","United Kingdom of Great Britain and Northern Ireland","Europe","2013","6.5"
"843","United Kingdom of Great Britain and Northern Ireland","Europe","2014","6.8"
"844","United Kingdom of Great Britain and Northern Ireland","Europe","2015","6.7"
"845","United Kingdom of Great Britain and Northern Ireland","Europe","2016","6.7"
"846","United Kingdom of Great Britain and Northern Ireland","Europe","2017","6.7"
"847","United Kingdom of Great Britain and Northern Ireland","Europe","2018","6.7"
"848","United Kingdom of Great Britain and Northern Ireland","Europe","2019","6.7"
"849","United Kingdom of Great Britain and Northern Ireland","Europe","2020","6.7"
"850","United Kingdom of Great Britain and Northern Ireland","Europe","2021",""
"851","United Kingdom of Great Britain and Northern Ireland","Europe","2022",""
"852","Algeria","Africa","2000","0.2"
"853","Algeria","Africa","2001","0.1"
"854","Algeria","Africa","2002","0.1"
"855","Algeria","Africa","2003","0.1"
"856","Algeria","Africa","2004","0.1"
"857","Algeria","Africa","2005","0.1"
"858","Algeria","Africa","2006","0.1"
"859","Algeria","Africa","2007","0.1"
"860","Algeria","Africa","2008","0.1"
"861","Algeria","Africa","2009","0.2"
"862","Algeria","Africa","2010","0.2"
"863","Algeria","Africa","2011","0.2"
"864","Algeria","Africa","2012","0.2"
"865","Algeria","Africa","2013",""
"866","Algeria","Africa","2014","0.2"
"867","Algeria","Africa","2015","0.2"
"868","Algeria","Africa","2016","0.2"
"869","Algeria","Africa","2017","0.2"
"870","Algeria","Africa","2018","0.2"
"871","Algeria","Africa","2019","0.2"
"872","Algeria","Africa","2020",""
"873","Algeria","Africa","2021",""
"874","Algeria","Africa","2022",""
"875","Benin","Africa","2000",""
"876","Benin","Africa","2001",""
"877","Benin","Africa","2002",""
"878","Benin","Africa","2003","0.4"
"879","Benin","Africa","2004",""
"880","Benin","Africa","2005",""
"881","Benin","Africa","2006","0.7"
"882","Benin","Africa","2007",""
"883","Benin","Africa","2008",""
"884","Benin","Africa","2009",""
"885","Benin","Africa","2010",""
"886","Benin","Africa","2011",""
"887","Benin","Africa","2012",""
"888","Benin","Africa","2013",""
"889","Benin","Africa","2014",""
"890","Benin","Africa","2015",""
"891","Benin","Africa","2016",""
"892","Benin","Africa","2017",""
"893","Benin","Africa","2018",""
"894","Benin","Africa","2019",""
"895","Benin","Africa","2020",""
"896","Benin","Africa","2021",""
"897","Benin","Africa","2022",""
"898","Botswana","Africa","2000",""
"899","Botswana","Africa","2001",""
"900","Botswana","Africa","2002",""
"901","Botswana","Africa","2003",""
"902","Botswana","Africa","2004",""
"903","Botswana","Africa","2005",""
"904","Botswana","Africa","2006","0.2"
"905","Botswana","Africa","2007","0.2"
"906","Botswana","Africa","2008",""
"907","Botswana","Africa","2009",""
"908","Botswana","Africa","2010",""
"909","Botswana","Africa","2011",""
"910","Botswana","Africa","2012",""
"911","Botswana","Africa","2013",""
"912","Botswana","Africa","2014",""
"913","Botswana","Africa","2015","0.2"
"914","Botswana","Africa","2016","0.2"
"915","Botswana","Africa","2017","0.2"
"916","Botswana","Africa","2018","0.2"
"917","Botswana","Africa","2019","0.2"
"918","Botswana","Africa","2020","0.2"
"919","Botswana","Africa","2021",""
"920","Botswana","Africa","2022",""
"921","Burkina Faso","Africa","2000","0.2"
"922","Burkina Faso","Africa","2001","0.2"
"923","Burkina Faso","Africa","2002","0.2"
"924","Burkina Faso","Africa","2003","0.2"
"925","Burkina Faso","Africa","2004","0.2"
"926","Burkina Faso","Africa","2005","0.2"
"927","Burkina Faso","Africa","2006","0.2"
"928","Burkina Faso","Africa","2007","0.2"
"929","Burkina Faso","Africa","2008","0.2"
"930","Burkina Faso","Africa","2009","0.2"
"931","Burkina Faso","Africa","2010",""
"932","Burkina Faso","Africa","2011",""
"933","Burkina Faso","Africa","2012",""
"934","Burkina Faso","Africa","2013","0.2"
"935","Burkina Faso","Africa","2014","0.2"
"936","Burkina Faso","Africa","2015","0.2"
"937","Burkina Faso","Africa","2016","0.2"
"938","Burkina Faso","Africa","2017","0.2"
"939","Burkina Faso","Africa","2018","0.2"
"940","Burkina Faso","Africa","2019","0.2"
"941","Burkina Faso","Africa","2020","0.2"
"942","Burkina Faso","Africa","2021",""
"943","Burkina Faso","Africa","2022",""
"944","Cameroon","Africa","2000","0.2"
"945","Cameroon","Africa","2001","0.2"
"946","Cameroon","Africa","2002","0.2"
"947","Cameroon","Africa","2003","0.2"
"948","Cameroon","Africa","2004","0.2"
"949","Cameroon","Africa","2005","0.2"
"950","Cameroon","Africa","2006","0.2"
"951","Cameroon","Africa","2007","0.2"
"952","Cameroon","Africa","2008","0.2"
"953","Cameroon","Africa","2009","0.2"
"954","Cameroon","Africa","2010","0.2"
"955","Cameroon","Africa","2011","0.2"
"956","Cameroon","Africa","2012",""
"957","Cameroon","Africa","2013",""
"958","Cameroon","Africa","2014",""
"959","Cameroon","Africa","2015",""
"960","Cameroon","Africa","2016","0.2"
"961","Cameroon","Africa","2017","0.2"
"962","Cameroon","Africa","2018","0.2"
"963","Cameroon","Africa","2019","0.2"
"964","Cameroon","Africa","2020","0.2"
"965","Cameroon","Africa","2021",""
"966","Cameroon","Africa","2022",""
"967","Congo","Africa","2000","0.3"
"968","Congo","Africa","2001","0.3"
"969","Congo","Africa","2002","0.3"
"970","Congo","Africa","2003","0.2"
"971","Congo","Africa","2004","0.2"
"972","Congo","Africa","2005","0.2"
"973","Congo","Africa","2006","0.2"
"974","Congo","Africa","2007",""
"975","Congo","Africa","2008",""
"976","Congo","Africa","2009",""
"977","Congo","Africa","2010",""
"978","Congo","Africa","2011",""
"979","Congo","Africa","2012","0.3"
"980","Congo","Africa","2013",""
"981","Congo","Africa","2014",""
"982","Congo","Africa","2015",""
"983","Congo","Africa","2016",""
"984","Congo","Africa","2017",""
"985","Congo","Africa","2018",""
"986","Congo","Africa","2019",""
"987","Congo","Africa","2020",""
"988","Congo","Africa","2021",""
"989","Congo","Africa","2022",""
"990","Côte d'Ivoire","Africa","2000","0.2"
"991","Côte d'Ivoire","Africa","2001","0.2"
"992","Côte d'Ivoire","Africa","2002","0.2"
"993","Côte d'Ivoire","Africa","2003","0.2"
"994","Côte d'Ivoire","Africa","2004","0.2"
"995","Côte d'Ivoire","Africa","2005","0.2"
"996","Côte d'Ivoire","Africa","2006","0.2"
"997","Côte d'Ivoire","Africa","2007","0.2"
"998","Côte d'Ivoire","Africa","2008","0.2"
"999","Côte d'Ivoire","Africa","2009","0.2"
"1000","Côte d'Ivoire","Africa","2010","0.2"
"1001","Côte d'Ivoire","Africa","2011","0.2"
"1002","Côte d'Ivoire","Africa","2012","0.2"
"1003","Côte d'Ivoire","Africa","2013","0.2"
"1004","Côte d'Ivoire","Africa","2014","0.2"
"1005","Côte d'Ivoire","Africa","2015","0.2"
"1006","Côte d'Ivoire","Africa","2016","0.2"
"1007","Côte d'Ivoire","Africa","2017","0.2"
"1008","Côte d'Ivoire","Africa","2018","0.2"
"1009","Côte d'Ivoire","Africa","2019","0.2"
"1010","Côte d'Ivoire","Africa","2020","0.2"
"1011","Côte d'Ivoire","Africa","2021",""
"1012","Côte d'Ivoire","Africa","2022",""
"1013","Democratic Republic of the Congo","Africa","2000","0.2"
"1014","Democratic Republic of the Congo","Africa","2001","0.2"
"1015","Democratic Republic of the Congo","Africa","2002","0.2"
"1016","Democratic Republic of the Congo","Africa","2003","0.2"
"1017","Democratic Republic of the Congo","Africa","2004","0.2"
"1018","Democratic Republic of the Congo","Africa","2005","0.2"
"1019","Democratic Republic of the Congo","Africa","2006","0.2"
"1020","Democratic Republic of the Congo","Africa","2007","0.2"
"1021","Democratic Republic of the Congo","Africa","2008","0.2"
"1022","Democratic Republic of the Congo","Africa","2009","0.2"
"1023","Democratic Republic of the Congo","Africa","2010","0.2"
"1024","Democratic Republic of the Congo","Africa","2011","0.2"
"1025","Democratic Republic of the Congo","Africa","2012","0.2"
"1026","Democratic Republic of the Congo","Africa","2013","0.2"
"1027","Democratic Republic of the Congo","Africa","2014","0.2"
"1028","Democratic Republic of the Congo","Africa","2015","0.2"
"1029","Democratic Republic of the Congo","Africa","2016","0.2"
"1030","Democratic Republic of the Congo","Africa","2017","0.2"
"1031","Democratic Republic of the Congo","Africa","2018","0.2"
"1032","Democratic Republic of the Congo","Africa","2019","0.2"
"1033","Democratic Republic of the Congo","Africa","2020","0.2"
"1034","Democratic Republic of the Congo","Africa","2021",""
"1035","Democratic Republic of the Congo","Africa","2022",""
"1036","Djibouti","Africa","2000","3.4"
"1037","Djibouti","Africa","2001","3.4"
"1038","Djibouti","Africa","2002","3.4"
"1039","Djibouti","Africa","2003","3.4"
"1040","Djibouti","Africa","2004",""
"1041","Djibouti","Africa","2005",""
"1042","Djibouti","Africa","2006",""
"1043","Djibouti","Africa","2007",""
"1044","Djibouti","Africa","2008",""
"1045","Djibouti","Africa","2009",""
"1046","Djibouti","Africa","2010",""
"1047","Djibouti","Africa","2011",""
"1048","Djibouti","Africa","2012",""
"1049","Djibouti","Africa","2013",""
"1050","Djibouti","Africa","2014",""
"1051","Djibouti","Africa","2015",""
"1052","Djibouti","Africa","2016",""
"1053","Djibouti","Africa","2017",""
"1054","Djibouti","Africa","2018",""
"1055","Djibouti","Africa","2019",""
"1056","Djibouti","Africa","2020",""
"1057","Djibouti","Africa","2021",""
"1058","Djibouti","Africa","2022",""
"1059","Egypt","Africa","2000","0.5"
"1060","Egypt","Africa","2001","0.5"
"1061","Egypt","Africa","2002","0.5"
"1062","Egypt","Africa","2003","0.5"
"1063","Egypt","Africa","2004","0.5"
"1064","Egypt","Africa","2005","0.5"
"1065","Egypt","Africa","2006","0.5"
"1066","Egypt","Africa","2007","0.5"
"1067","Egypt","Africa","2008","0.5"
"1068","Egypt","Africa","2009","0.5"
"1069","Egypt","Africa","2010","0.5"
"1070","Egypt","Africa","2011",""
"1071","Egypt","Africa","2012",""
"1072","Egypt","Africa","2013",""
"1073","Egypt","Africa","2014",""
"1074","Egypt","Africa","2015","0.5"
"1075","Egypt","Africa","2016","0.5"
"1076","Egypt","Africa","2017",""
"1077","Egypt","Africa","2018",""
"1078","Egypt","Africa","2019",""
"1079","Egypt","Africa","2020",""
"1080","Egypt","Africa","2021",""
"1081","Egypt","Africa","2022",""
"1082","Eswatini","Africa","2000",""
"1083","Eswatini","Africa","2001",""
"1084","Eswatini","Africa","2002","1.7"
"1085","Eswatini","Africa","2003","1.7"
"1086","Eswatini","Africa","2004","1.7"
"1087","Eswatini","Africa","2005","1.7"
"1088","Eswatini","Africa","2006","1.7"
"1089","Eswatini","Africa","2007","1.7"
"1090","Eswatini","Africa","2008","1.7"
"1091","Eswatini","Africa","2009","1.7"
"1092","Eswatini","Africa","2010","1.7"
"1093","Eswatini","Africa","2011","1.7"
"1094","Eswatini","Africa","2012",""
"1095","Eswatini","Africa","2013",""
"1096","Eswatini","Africa","2014",""
"1097","Eswatini","Africa","2015",""
"1098","Eswatini","Africa","2016",""
"1099","Eswatini","Africa","2017",""
"1100","Eswatini","Africa","2018",""
"1101","Eswatini","Africa","2019",""
"1102","Eswatini","Africa","2020",""
"1103","Eswatini","Africa","2021",""
"1104","Eswatini","Africa","2022",""
"1105","Ethiopia","Africa","2000",""
"1106","Ethiopia","Africa","2001",""
"1107","Ethiopia","Africa","2002",""
"1108","Ethiopia","Africa","2003",""
"1109","Ethiopia","Africa","2004",""
"1110","Ethiopia","Africa","2005",""
"1111","Ethiopia","Africa","2006",""
"1112","Ethiopia","Africa","2007",""
"1113","Ethiopia","Africa","2008",""
"1114","Ethiopia","Africa","2009",""
"1115","Ethiopia","Africa","2010",""
"1116","Ethiopia","Africa","2011",""
"1117","Ethiopia","Africa","2012",""
"1118","Ethiopia","Africa","2013",""
"1119","Ethiopia","Africa","2014",""
"1120","Ethiopia","Africa","2015",""
"1121","Ethiopia","Africa","2016","0.1"
"1122","Ethiopia","Africa","2017","0.1"
"1123","Ethiopia","Africa","2018","0.1"
"1124","Ethiopia","Africa","2019",""
"1125","Ethiopia","Africa","2020",""
"1126","Ethiopia","Africa","2021",""
"1127","Ethiopia","Africa","2022",""
"1128","Gabon","Africa","2000","0.3"
"1129","Gabon","Africa","2001","0.3"
"1130","Gabon","Africa","2002","0.3"
"1131","Gabon","Africa","2003","0.3"
"1132","Gabon","Africa","2004","0.3"
"1133","Gabon","Africa","2005","0.3"
"1134","Gabon","Africa","2006","0.3"
"1135","Gabon","Africa","2007","0.3"
"1136","Gabon","Africa","2008","0.3"
"1137","Gabon","Africa","2009","0.3"
"1138","Gabon","Africa","2010","0.3"
"1139","Gabon","Africa","2011","0.3"
"1140","Gabon","Africa","2012","0.3"
"1141","Gabon","Africa","2013","0.3"
"1142","Gabon","Africa","2014","0.3"
"1143","Gabon","Africa","2015","0.3"
"1144","Gabon","Africa","2016","0.3"
"1145","Gabon","Africa","2017","0.3"
"1146","Gabon","Africa","2018","0.3"
"1147","Gabon","Africa","2019","0.2"
"1148","Gabon","Africa","2020","0.2"
"1149","Gabon","Africa","2021",""
"1150","Gabon","Africa","2022",""
"1151","Ghana","Africa","2000","0.4"
"1152","Ghana","Africa","2001","0.4"
"1153","Ghana","Africa","2002","0.4"
"1154","Ghana","Africa","2003","0.4"
"1155","Ghana","Africa","2004",""
"1156","Ghana","Africa","2005",""
"1157","Ghana","Africa","2006","0.4"
"1158","Ghana","Africa","2007",""
"1159","Ghana","Africa","2008",""
"1160","Ghana","Africa","2009",""
"1161","Ghana","Africa","2010",""
"1162","Ghana","Africa","2011",""
"1163","Ghana","Africa","2012",""
"1164","Ghana","Africa","2013",""
"1165","Ghana","Africa","2014",""
"1166","Ghana","Africa","2015",""
"1167","Ghana","Africa","2016",""
"1168","Ghana","Africa","2017",""
"1169","Ghana","Africa","2018",""
"1170","Ghana","Africa","2019",""
"1171","Ghana","Africa","2020",""
"1172","Ghana","Africa","2021",""
"1173","Ghana","Africa","2022",""
"1174","Kenya","Africa","2000","0.5"
"1175","Kenya","Africa","2001","0.5"
"1176","Kenya","Africa","2002","0.5"
"1177","Kenya","Africa","2003","0.5"
"1178","Kenya","Africa","2004","0.3"
"1179","Kenya","Africa","2005",""
"1180","Kenya","Africa","2006",""
"1181","Kenya","Africa","2007",""
"1182","Kenya","Africa","2008",""
"1183","Kenya","Africa","2009",""
"1184","Kenya","Africa","2010",""
"1185","Kenya","Africa","2011",""
"1186","Kenya","Africa","2012",""
"1187","Kenya","Africa","2013",""
"1188","Kenya","Africa","2014",""
"1189","Kenya","Africa","2015",""
"1190","Kenya","Africa","2016",""
"1191","Kenya","Africa","2017",""
"1192","Kenya","Africa","2018",""
"1193","Kenya","Africa","2019",""
"1194","Kenya","Africa","2020",""
"1195","Kenya","Africa","2021",""
"1196","Kenya","Africa","2022",""
"1197","Madagascar","Africa","2000","0.2"
"1198","Madagascar","Africa","2001","0.2"
"1199","Madagascar","Africa","2002","0.2"
"1200","Madagascar","Africa","2003",""
"1201","Madagascar","Africa","2004",""
"1202","Madagascar","Africa","2005",""
"1203","Madagascar","Africa","2006",""
"1204","Madagascar","Africa","2007","0.1"
"1205","Madagascar","Africa","2008",""
"1206","Madagascar","Africa","2009","0.1"
"1207","Madagascar","Africa","2010","0.1"
"1208","Madagascar","Africa","2011","0.1"
"1209","Madagascar","Africa","2012","0.1"
"1210","Madagascar","Africa","2013","0.1"
"1211","Madagascar","Africa","2014","0.1"
"1212","Madagascar","Africa","2015","0.1"
"1213","Madagascar","Africa","2016",""
"1214","Madagascar","Africa","2017",""
"1215","Madagascar","Africa","2018","0.1"
"1216","Madagascar","Africa","2019","0.1"
"1217","Madagascar","Africa","2020","0.1"
"1218","Madagascar","Africa","2021",""
"1219","Madagascar","Africa","2022",""
"1220","Mali","Africa","2000","0.1"
"1221","Mali","Africa","2001","0.1"
"1222","Mali","Africa","2002","0.1"
"1223","Mali","Africa","2003",""
"1224","Mali","Africa","2004",""
"1225","Mali","Africa","2005",""
"1226","Mali","Africa","2006",""
"1227","Mali","Africa","2007",""
"1228","Mali","Africa","2008",""
"1229","Mali","Africa","2009",""
"1230","Mali","Africa","2010",""
"1231","Mali","Africa","2011",""
"1232","Mali","Africa","2012",""
"1233","Mali","Africa","2013",""
"1234","Mali","Africa","2014",""
"1235","Mali","Africa","2015",""
"1236","Mali","Africa","2016",""
"1237","Mali","Africa","2017",""
"1238","Mali","Africa","2018",""
"1239","Mali","Africa","2019",""
"1240","Mali","Africa","2020",""
"1241","Mali","Africa","2021",""
"1242","Mali","Africa","2022",""
"1243","Mauritania","Africa","2000",""
"1244","Mauritania","Africa","2001",""
"1245","Mauritania","Africa","2002","0.1"
"1246","Mauritania","Africa","2003",""
"1247","Mauritania","Africa","2004",""
"1248","Mauritania","Africa","2005",""
"1249","Mauritania","Africa","2006",""
"1250","Mauritania","Africa","2007","0.1"
"1251","Mauritania","Africa","2008","0.1"
"1252","Mauritania","Africa","2009","0.1"
"1253","Mauritania","Africa","2010","0.1"
"1254","Mauritania","Africa","2011",""
"1255","Mauritania","Africa","2012",""
"1256","Mauritania","Africa","2013",""
"1257","Mauritania","Africa","2014",""
"1258","Mauritania","Africa","2015",""
"1259","Mauritania","Africa","2016","0.1"
"1260","Mauritania","Africa","2017","0.1"
"1261","Mauritania","Africa","2018","0.1"
"1262","Mauritania","Africa","2019","0.1"
"1263","Mauritania","Africa","2020","0.1"
"1264","Mauritania","Africa","2021",""
"1265","Mauritania","Africa","2022",""
"1266","Morocco","Africa","2000","0.4"
"1267","Morocco","Africa","2001","0.4"
"1268","Morocco","Africa","2002","0.4"
"1269","Morocco","Africa","2003","0.4"
"1270","Morocco","Africa","2004","0.4"
"1271","Morocco","Africa","2005","0.4"
"1272","Morocco","Africa","2006","0.4"
"1273","Morocco","Africa","2007","0.4"
"1274","Morocco","Africa","2008","0.4"
"1275","Morocco","Africa","2009","0.5"
"1276","Morocco","Africa","2010","0.5"
"1277","Morocco","Africa","2011","0.5"
"1278","Morocco","Africa","2012","0.5"
"1279","Morocco","Africa","2013","0.5"
"1280","Morocco","Africa","2014","0.5"
"1281","Morocco","Africa","2015","0.5"
"1282","Morocco","Africa","2016","0.5"
"1283","Morocco","Africa","2017","0.5"
"1284","Morocco","Africa","2018","0.5"
"1285","Morocco","Africa","2019","0.5"
"1286","Morocco","Africa","2020","0.5"
"1287","Morocco","Africa","2021",""
"1288","Morocco","Africa","2022",""
"1289","Mozambique","Africa","2000","0.4"
"1290","Mozambique","Africa","2001","0.4"
"1291","Mozambique","Africa","2002","0.4"
"1292","Mozambique","Africa","2003","0.4"
"1293","Mozambique","Africa","2004","0.4"
"1294","Mozambique","Africa","2005","0.4"
"1295","Mozambique","Africa","2006",""
"1296","Mozambique","Africa","2007","0.4"
"1297","Mozambique","Africa","2008","0.4"
"1298","Mozambique","Africa","2009","0.4"
"1299","Mozambique","Africa","2010","0.4"
"1300","Mozambique","Africa","2011","0.4"
"1301","Mozambique","Africa","2012",""
"1302","Mozambique","Africa","2013",""
"1303","Mozambique","Africa","2014",""
"1304","Mozambique","Africa","2015",""
"1305","Mozambique","Africa","2016",""
"1306","Mozambique","Africa","2017",""
"1307","Mozambique","Africa","2018",""
"1308","Mozambique","Africa","2019",""
"1309","Mozambique","Africa","2020",""
"1310","Mozambique","Africa","2021",""
"1311","Mozambique","Africa","2022",""
"1312","Nigeria","Africa","2000","0.4"
"1313","Nigeria","Africa","2001","0.4"
"1314","Nigeria","Africa","2002","0.4"
"1315","Nigeria","Africa","2003","0.4"
"1316","Nigeria","Africa","2004","0.4"
"1317","Nigeria","Africa","2005","0.4"
"1318","Nigeria","Africa","2006","0.4"
"1319","Nigeria","Africa","2007","0.4"
"1320","Nigeria","Africa","2008","0.4"
"1321","Nigeria","Africa","2009","0.4"
"1322","Nigeria","Africa","2010","0.4"
"1323","Nigeria","Africa","2011","0.4"
"1324","Nigeria","Africa","2012","0.4"
"1325","Nigeria","Africa","2013","0.4"
"1326","Nigeria","Africa","2014","0.4"
"1327","Nigeria","Africa","2015","0.4"
"1328","Nigeria","Africa","2016",""
"1329","Nigeria","Africa","2017",""
"1330","Nigeria","Africa","2018",""
"1331","Nigeria","Africa","2019",""
"1332","Nigeria","Africa","2020",""
"1333","Nigeria","Africa","2021",""
"1334","Nigeria","Africa","2022",""
"1335","Senegal","Africa","2000","0.5"
"1336","Senegal","Africa","2001","0.5"
"1337","Senegal","Africa","2002","0.5"
"1338","Senegal","Africa","2003","0.5"
"1339","Senegal","Africa","2004","0.5"
"1340","Senegal","Africa","2005",""
"1341","Senegal","Africa","2006",""
"1342","Senegal","Africa","2007",""
"1343","Senegal","Africa","2008",""
"1344","Senegal","Africa","2009",""
"1345","Senegal","Africa","2010",""
"1346","Senegal","Africa","2011",""
"1347","Senegal","Africa","2012",""
"1348","Senegal","Africa","2013",""
"1349","Senegal","Africa","2014",""
"1350","Senegal","Africa","2015",""
"1351","Senegal","Africa","2016",""
"1352","Senegal","Africa","2017",""
"1353","Senegal","Africa","2018",""
"1354","Senegal","Africa","2019",""
"1355","Senegal","Africa","2020",""
"1356","Senegal","Africa","2021",""
"1357","Senegal","Africa","2022",""
"1358","South Africa","Africa","2000",""
"1359","South Africa","Africa","2001",""
"1360","South Africa","Africa","2002",""
"1361","South Africa","Africa","2003",""
"1362","South Africa","Africa","2004",""
"1363","South Africa","Africa","2005",""
"1364","South Africa","Africa","2006",""
"1365","South Africa","Africa","2007",""
"1366","South Africa","Africa","2008",""
"1367","South Africa","Africa","2009",""
"1368","South Africa","Africa","2010",""
"1369","South Africa","Africa","2011",""
"1370","South Africa","Africa","2012",""
"1371","South Africa","Africa","2013",""
"1372","South Africa","Africa","2014",""
"1373","South Africa","Africa","2015","1.7"
"1374","South Africa","Africa","2016","1.7"
"1375","South Africa","Africa","2017","1.7"
"1376","South Africa","Africa","2018","1.7"
"1377","South Africa","Africa","2019","1.7"
"1378","South Africa","Africa","2020","1.7"
"1379","South Africa","Africa","2021",""
"1380","South Africa","Africa","2022",""
"1381","Sudan","Africa","2000","0.2"
"1382","Sudan","Africa","2001","0.2"
"1383","Sudan","Africa","2002","0.2"
"1384","Sudan","Africa","2003","0.2"
"1385","Sudan","Africa","2004","0.2"
"1386","Sudan","Africa","2005","0.2"
"1387","Sudan","Africa","2006","0.2"
"1388","Sudan","Africa","2007",""
"1389","Sudan","Africa","2008","0.2"
"1390","Sudan","Africa","2009",""
"1391","Sudan","Africa","2010","0.2"
"1392","Sudan","Africa","2011","0.2"
"1393","Sudan","Africa","2012","0.2"
"1394","Sudan","Africa","2013","0.2"
"1395","Sudan","Africa","2014","0.2"
"1396","Sudan","Africa","2015",""
"1397","Sudan","Africa","2016",""
"1398","Sudan","Africa","2017",""
"1399","Sudan","Africa","2018","0.1"
"1400","Sudan","Africa","2019","0.1"
"1401","Sudan","Africa","2020","0.1"
"1402","Sudan","Africa","2021",""
"1403","Sudan","Africa","2022",""
"1404","Tunisia","Africa","2000","1.3"
"1405","Tunisia","Africa","2001","1.3"
"1406","Tunisia","Africa","2002","1.2"
"1407","Tunisia","Africa","2003","1.2"
"1408","Tunisia","Africa","2004","1.2"
"1409","Tunisia","Africa","2005","1.2"
"1410","Tunisia","Africa","2006","1.4"
"1411","Tunisia","Africa","2007","1.4"
"1412","Tunisia","Africa","2008","1.2"
"1413","Tunisia","Africa","2009",""
"1414","Tunisia","Africa","2010","1.3"
"1415","Tunisia","Africa","2011",""
"1416","Tunisia","Africa","2012","1.1"
"1417","Tunisia","Africa","2013",""
"1418","Tunisia","Africa","2014","1.4"
"1419","Tunisia","Africa","2015","1.4"
"1420","Tunisia","Africa","2016","1.4"
"1421","Tunisia","Africa","2017","1.3"
"1422","Tunisia","Africa","2018","1.1"
"1423","Tunisia","Africa","2019","1.1"
"1424","Tunisia","Africa","2020","1.1"
"1425","Tunisia","Africa","2021",""
"1426","Tunisia","Africa","2022",""
"1427","Uganda","Africa","2000","0.1"
"1428","Uganda","Africa","2001","0.1"
"1429","Uganda","Africa","2002","0.1"
"1430","Uganda","Africa","2003",""
"1431","Uganda","Africa","2004",""
"1432","Uganda","Africa","2005",""
"1433","Uganda","Africa","2006",""
"1434","Uganda","Africa","2007",""
"1435","Uganda","Africa","2008",""
"1436","Uganda","Africa","2009",""
"1437","Uganda","Africa","2010",""
"1438","Uganda","Africa","2011",""
"1439","Uganda","Africa","2012",""
"1440","Uganda","Africa","2013",""
"1441","Uganda","Africa","2014",""
"1442","Uganda","Africa","2015",""
"1443","Uganda","Africa","2016",""
"1444","Uganda","Africa","2017",""
"1445","Uganda","Africa","2018",""
"1446","Uganda","Africa","2019",""
"1447","Uganda","Africa","2020",""
"1448","Uganda","Africa","2021",""
"1449","Uganda","Africa","2022",""
"1450","United Republic of Tanzania","Africa","2000","0.5"
"1451","United Republic of Tanzania","Africa","2001","0.5"
"1452","United Republic of Tanzania","Africa","2002","0.5"
"1453","United Republic of Tanzania","Africa","2003",""
"1454","United Republic of Tanzania","Africa","2004","0.3"
"1455","United Republic of Tanzania","Africa","2005",""
"1456","United Republic of Tanzania","Africa","2006",""
"1457","United Republic of Tanzania","Africa","2007",""
"1458","United Republic of Tanzania","Africa","2008",""
"1459","United Republic of Tanzania","Africa","2009",""
"1460","United Republic of Tanzania","Africa","2010",""
"1461","United Republic of Tanzania","Africa","2011","0.3"
"1462","United Republic of Tanzania","Africa","2012",""
"1463","United Republic of Tanzania","Africa","2013",""
"1464","United Republic of Tanzania","Africa","2014",""
"1465","United Republic of Tanzania","Africa","2015",""
"1466","United Republic of Tanzania","Africa","2016",""
"1467","United Republic of Tanzania","Africa","2017","0.3"
"1468","United Republic of Tanzania","Africa","2018",""
"1469","United Republic of Tanzania","Africa","2019",""
"1470","United Republic of Tanzania","Africa","2020",""
"1471","United Republic of Tanzania","Africa","2021",""
"1472","United Republic of Tanzania","Africa","2022",""
"1473","Zambia","Africa","2000",""
"1474","Zambia","Africa","2001",""
"1475","Zambia","Africa","2002",""
"1476","Zambia","Africa","2003",""
"1477","Zambia","Africa","2004",""
"1478","Zambia","Africa","2005",""
"1479","Zambia","Africa","2006",""
"1480","Zambia","Africa","2007",""
"1481","Zambia","Africa","2008",""
"1482","Zambia","Africa","2009",""
"1483","Zambia","Africa","2010",""
"1484","Zambia","Africa","2011",""
"1485","Zambia","Africa","2012",""
"1486","Zambia","Africa","2013",""
"1487","Zambia","Africa","2014",""
"1488","Zambia","Africa","2015",""
"1489","Zambia","Africa","2016",""
"1490","Zambia","Africa","2017","0.2"
"1491","Zambia","Africa","2018","0.2"
"1492","Zambia","Africa","2019","0.2"
"1493","Zambia","Africa","2020",""
"1494","Zambia","Africa","2021",""
"1495","Zambia","Africa","2022",""
"1496","Zimbabwe","Africa","2000",""
"1497","Zimbabwe","Africa","2001",""
"1498","Zimbabwe","Africa","2002",""
"1499","Zimbabwe","Africa","2003",""
"1500","Zimbabwe","Africa","2004",""
"1501","Zimbabwe","Africa","2005",""
"1502","Zimbabwe","Africa","2006",""
"1503","Zimbabwe","Africa","2007","0.7"
"1504","Zimbabwe","Africa","2008",""
"1505","Zimbabwe","Africa","2009",""
"1506","Zimbabwe","Africa","2010",""
"1507","Zimbabwe","Africa","2011",""
"1508","Zimbabwe","Africa","2012",""
"1509","Zimbabwe","Africa","2013",""
"1510","Zimbabwe","Africa","2014",""
"1511","Zimbabwe","Africa","2015",""
"1512","Zimbabwe","Africa","2016",""
"1513","Zimbabwe","Africa","2017",""
"1514","Zimbabwe","Africa","2018","0.8"
"1515","Zimbabwe","Africa","2019","0.8"
"1516","Zimbabwe","Africa","2020","0.8"
"1517","Zimbabwe","Africa","2021",""
"1518","Zimbabwe","Africa","2022",""
