"","Area","Region","YearPeriod","AVG_PercentFemale","AVG_PercentMale"
"1","Albania","Europe","Y20002002","",""
"2","Albania","Europe","Y20012003","",""
"3","Albania","Europe","Y20022004","",""
"4","Albania","Europe","Y20032005","",""
"5","Albania","Europe","Y20042006","",""
"6","Albania","Europe","Y20052007","",""
"7","Albania","Europe","Y20062008","",""
"8","Albania","Europe","Y20072009","",""
"9","Albania","Europe","Y20082010","",""
"10","Albania","Europe","Y20092011","",""
"11","Albania","Europe","Y20102012","",""
"12","Albania","Europe","Y20112013","",""
"13","Albania","Europe","Y20122014","",""
"14","Albania","Europe","Y20132015","",""
"15","Albania","Europe","Y20142016","10.7","10.7"
"16","Albania","Europe","Y20152017","11.7","11.7"
"17","Albania","Europe","Y20162018","12.7","12.7"
"18","Albania","Europe","Y20172019","11","11"
"19","Albania","Europe","Y20182020","9.8","9.8"
"20","Albania","Europe","Y20192021","8.7","8.7"
"21","Albania","Europe","Y20202022","9.2","9.2"
"22","Algeria","Africa","Y20002002","",""
"23","Algeria","Africa","Y20012003","",""
"24","Algeria","Africa","Y20022004","",""
"25","Algeria","Africa","Y20032005","",""
"26","Algeria","Africa","Y20042006","",""
"27","Algeria","Africa","Y20052007","",""
"28","Algeria","Africa","Y20062008","",""
"29","Algeria","Africa","Y20072009","",""
"30","Algeria","Africa","Y20082010","",""
"31","Algeria","Africa","Y20092011","",""
"32","Algeria","Africa","Y20102012","",""
"33","Algeria","Africa","Y20112013","",""
"34","Algeria","Africa","Y20122014","",""
"35","Algeria","Africa","Y20132015","",""
"36","Algeria","Africa","Y20142016","14.1","14.1"
"37","Algeria","Africa","Y20152017","13.9","13.9"
"38","Algeria","Africa","Y20162018","12.5","12.5"
"39","Algeria","Africa","Y20172019","10.2","10.2"
"40","Algeria","Africa","Y20182020","7.2","7.2"
"41","Algeria","Africa","Y20192021","5.3","5.3"
"42","Algeria","Africa","Y20202022","4.3","4.3"
"43","Andorra","Europe","Y20002002","",""
"44","Andorra","Europe","Y20012003","",""
"45","Andorra","Europe","Y20022004","",""
"46","Andorra","Europe","Y20032005","",""
"47","Andorra","Europe","Y20042006","",""
"48","Andorra","Europe","Y20052007","",""
"49","Andorra","Europe","Y20062008","",""
"50","Andorra","Europe","Y20072009","",""
"51","Andorra","Europe","Y20082010","",""
"52","Andorra","Europe","Y20092011","",""
"53","Andorra","Europe","Y20102012","",""
"54","Andorra","Europe","Y20112013","",""
"55","Andorra","Europe","Y20122014","",""
"56","Andorra","Europe","Y20132015","",""
"57","Andorra","Europe","Y20142016","",""
"58","Andorra","Europe","Y20152017","",""
"59","Andorra","Europe","Y20162018","",""
"60","Andorra","Europe","Y20172019","",""
"61","Andorra","Europe","Y20182020","",""
"62","Andorra","Europe","Y20192021","",""
"63","Andorra","Europe","Y20202022","",""
"64","Angola","Africa","Y20002002","",""
"65","Angola","Africa","Y20012003","",""
"66","Angola","Africa","Y20022004","",""
"67","Angola","Africa","Y20032005","",""
"68","Angola","Africa","Y20042006","",""
"69","Angola","Africa","Y20052007","",""
"70","Angola","Africa","Y20062008","",""
"71","Angola","Africa","Y20072009","",""
"72","Angola","Africa","Y20082010","",""
"73","Angola","Africa","Y20092011","",""
"74","Angola","Africa","Y20102012","",""
"75","Angola","Africa","Y20112013","",""
"76","Angola","Africa","Y20122014","",""
"77","Angola","Africa","Y20132015","",""
"78","Angola","Africa","Y20142016","22","22"
"79","Angola","Africa","Y20152017","",""
"80","Angola","Africa","Y20162018","",""
"81","Angola","Africa","Y20172019","25.1","25.1"
"82","Angola","Africa","Y20182020","28.1","28.1"
"83","Angola","Africa","Y20192021","31.8","31.8"
"84","Angola","Africa","Y20202022","32.6","32.6"
"85","Austria","Europe","Y20002002","",""
"86","Austria","Europe","Y20012003","",""
"87","Austria","Europe","Y20022004","",""
"88","Austria","Europe","Y20032005","",""
"89","Austria","Europe","Y20042006","",""
"90","Austria","Europe","Y20052007","",""
"91","Austria","Europe","Y20062008","",""
"92","Austria","Europe","Y20072009","",""
"93","Austria","Europe","Y20082010","",""
"94","Austria","Europe","Y20092011","",""
"95","Austria","Europe","Y20102012","",""
"96","Austria","Europe","Y20112013","",""
"97","Austria","Europe","Y20122014","",""
"98","Austria","Europe","Y20132015","",""
"99","Austria","Europe","Y20142016","1.4","1.4"
"100","Austria","Europe","Y20152017","1.3","1.3"
"101","Austria","Europe","Y20162018","1.2","1.2"
"102","Austria","Europe","Y20172019","1.1","1.1"
"103","Austria","Europe","Y20182020","0.9","0.9"
"104","Austria","Europe","Y20192021","1.2","1.2"
"105","Austria","Europe","Y20202022","1.4","1.4"
"106","Belarus","Europe","Y20002002","",""
"107","Belarus","Europe","Y20012003","",""
"108","Belarus","Europe","Y20022004","",""
"109","Belarus","Europe","Y20032005","",""
"110","Belarus","Europe","Y20042006","",""
"111","Belarus","Europe","Y20052007","",""
"112","Belarus","Europe","Y20062008","",""
"113","Belarus","Europe","Y20072009","",""
"114","Belarus","Europe","Y20082010","",""
"115","Belarus","Europe","Y20092011","",""
"116","Belarus","Europe","Y20102012","",""
"117","Belarus","Europe","Y20112013","",""
"118","Belarus","Europe","Y20122014","",""
"119","Belarus","Europe","Y20132015","",""
"120","Belarus","Europe","Y20142016","",""
"121","Belarus","Europe","Y20152017","",""
"122","Belarus","Europe","Y20162018","",""
"123","Belarus","Europe","Y20172019","",""
"124","Belarus","Europe","Y20182020","",""
"125","Belarus","Europe","Y20192021","",""
"126","Belarus","Europe","Y20202022","",""
"127","Belgium","Europe","Y20002002","",""
"128","Belgium","Europe","Y20012003","",""
"129","Belgium","Europe","Y20022004","",""
"130","Belgium","Europe","Y20032005","",""
"131","Belgium","Europe","Y20042006","",""
"132","Belgium","Europe","Y20052007","",""
"133","Belgium","Europe","Y20062008","",""
"134","Belgium","Europe","Y20072009","",""
"135","Belgium","Europe","Y20082010","",""
"136","Belgium","Europe","Y20092011","",""
"137","Belgium","Europe","Y20102012","",""
"138","Belgium","Europe","Y20112013","",""
"139","Belgium","Europe","Y20122014","",""
"140","Belgium","Europe","Y20132015","",""
"141","Belgium","Europe","Y20142016","",""
"142","Belgium","Europe","Y20152017","",""
"143","Belgium","Europe","Y20162018","",""
"144","Belgium","Europe","Y20172019","",""
"145","Belgium","Europe","Y20182020","1.1","1.1"
"146","Belgium","Europe","Y20192021","1.2","1.2"
"147","Belgium","Europe","Y20202022","1.5","1.5"
"148","Benin","Africa","Y20002002","",""
"149","Benin","Africa","Y20012003","",""
"150","Benin","Africa","Y20022004","",""
"151","Benin","Africa","Y20032005","",""
"152","Benin","Africa","Y20042006","",""
"153","Benin","Africa","Y20052007","",""
"154","Benin","Africa","Y20062008","",""
"155","Benin","Africa","Y20072009","",""
"156","Benin","Africa","Y20082010","",""
"157","Benin","Africa","Y20092011","",""
"158","Benin","Africa","Y20102012","",""
"159","Benin","Africa","Y20112013","",""
"160","Benin","Africa","Y20122014","",""
"161","Benin","Africa","Y20132015","",""
"162","Benin","Africa","Y20142016","10.7","10.7"
"163","Benin","Africa","Y20152017","13.4","13.4"
"164","Benin","Africa","Y20162018","14.7","14.7"
"165","Benin","Africa","Y20172019","14.6","14.6"
"166","Benin","Africa","Y20182020","14.2","14.2"
"167","Benin","Africa","Y20192021","14.1","14.1"
"168","Benin","Africa","Y20202022","15.7","15.7"
"169","Bosnia and Herzegovina","Europe","Y20002002","",""
"170","Bosnia and Herzegovina","Europe","Y20012003","",""
"171","Bosnia and Herzegovina","Europe","Y20022004","",""
"172","Bosnia and Herzegovina","Europe","Y20032005","",""
"173","Bosnia and Herzegovina","Europe","Y20042006","",""
"174","Bosnia and Herzegovina","Europe","Y20052007","",""
"175","Bosnia and Herzegovina","Europe","Y20062008","",""
"176","Bosnia and Herzegovina","Europe","Y20072009","",""
"177","Bosnia and Herzegovina","Europe","Y20082010","",""
"178","Bosnia and Herzegovina","Europe","Y20092011","",""
"179","Bosnia and Herzegovina","Europe","Y20102012","",""
"180","Bosnia and Herzegovina","Europe","Y20112013","",""
"181","Bosnia and Herzegovina","Europe","Y20122014","",""
"182","Bosnia and Herzegovina","Europe","Y20132015","",""
"183","Bosnia and Herzegovina","Europe","Y20142016","1.4","1.4"
"184","Bosnia and Herzegovina","Europe","Y20152017","1.4","1.4"
"185","Bosnia and Herzegovina","Europe","Y20162018","1","1"
"186","Bosnia and Herzegovina","Europe","Y20172019","1.3","1.3"
"187","Bosnia and Herzegovina","Europe","Y20182020","1.9","1.9"
"188","Bosnia and Herzegovina","Europe","Y20192021","2.7","2.7"
"189","Bosnia and Herzegovina","Europe","Y20202022","3.4","3.4"
"190","Botswana","Africa","Y20002002","",""
"191","Botswana","Africa","Y20012003","",""
"192","Botswana","Africa","Y20022004","",""
"193","Botswana","Africa","Y20032005","",""
"194","Botswana","Africa","Y20042006","",""
"195","Botswana","Africa","Y20052007","",""
"196","Botswana","Africa","Y20062008","",""
"197","Botswana","Africa","Y20072009","",""
"198","Botswana","Africa","Y20082010","",""
"199","Botswana","Africa","Y20092011","",""
"200","Botswana","Africa","Y20102012","",""
"201","Botswana","Africa","Y20112013","",""
"202","Botswana","Africa","Y20122014","",""
"203","Botswana","Africa","Y20132015","",""
"204","Botswana","Africa","Y20142016","20.6","20.6"
"205","Botswana","Africa","Y20152017","24.1","24.1"
"206","Botswana","Africa","Y20162018","25.6","25.6"
"207","Botswana","Africa","Y20172019","25.8","25.8"
"208","Botswana","Africa","Y20182020","26.5","26.5"
"209","Botswana","Africa","Y20192021","28.5","28.5"
"210","Botswana","Africa","Y20202022","28.8","28.8"
"211","Bulgaria","Europe","Y20002002","",""
"212","Bulgaria","Europe","Y20012003","",""
"213","Bulgaria","Europe","Y20022004","",""
"214","Bulgaria","Europe","Y20032005","",""
"215","Bulgaria","Europe","Y20042006","",""
"216","Bulgaria","Europe","Y20052007","",""
"217","Bulgaria","Europe","Y20062008","",""
"218","Bulgaria","Europe","Y20072009","",""
"219","Bulgaria","Europe","Y20082010","",""
"220","Bulgaria","Europe","Y20092011","",""
"221","Bulgaria","Europe","Y20102012","",""
"222","Bulgaria","Europe","Y20112013","",""
"223","Bulgaria","Europe","Y20122014","",""
"224","Bulgaria","Europe","Y20132015","",""
"225","Bulgaria","Europe","Y20142016","1.7","1.7"
"226","Bulgaria","Europe","Y20152017","2.4","2.4"
"227","Bulgaria","Europe","Y20162018","2.4","2.4"
"228","Bulgaria","Europe","Y20172019","2.3","2.3"
"229","Bulgaria","Europe","Y20182020","2.2","2.2"
"230","Bulgaria","Europe","Y20192021","3.1","3.1"
"231","Bulgaria","Europe","Y20202022","3.9","3.9"
"232","Burkina Faso","Africa","Y20002002","",""
"233","Burkina Faso","Africa","Y20012003","",""
"234","Burkina Faso","Africa","Y20022004","",""
"235","Burkina Faso","Africa","Y20032005","",""
"236","Burkina Faso","Africa","Y20042006","",""
"237","Burkina Faso","Africa","Y20052007","",""
"238","Burkina Faso","Africa","Y20062008","",""
"239","Burkina Faso","Africa","Y20072009","",""
"240","Burkina Faso","Africa","Y20082010","",""
"241","Burkina Faso","Africa","Y20092011","",""
"242","Burkina Faso","Africa","Y20102012","",""
"243","Burkina Faso","Africa","Y20112013","",""
"244","Burkina Faso","Africa","Y20122014","",""
"245","Burkina Faso","Africa","Y20132015","",""
"246","Burkina Faso","Africa","Y20142016","9.2","9.2"
"247","Burkina Faso","Africa","Y20152017","10","10"
"248","Burkina Faso","Africa","Y20162018","10.8","10.8"
"249","Burkina Faso","Africa","Y20172019","12.2","12.2"
"250","Burkina Faso","Africa","Y20182020","14.6","14.6"
"251","Burkina Faso","Africa","Y20192021","17.1","17.1"
"252","Burkina Faso","Africa","Y20202022","19.1","19.1"
"253","Burundi","Africa","Y20002002","",""
"254","Burundi","Africa","Y20012003","",""
"255","Burundi","Africa","Y20022004","",""
"256","Burundi","Africa","Y20032005","",""
"257","Burundi","Africa","Y20042006","",""
"258","Burundi","Africa","Y20052007","",""
"259","Burundi","Africa","Y20062008","",""
"260","Burundi","Africa","Y20072009","",""
"261","Burundi","Africa","Y20082010","",""
"262","Burundi","Africa","Y20092011","",""
"263","Burundi","Africa","Y20102012","",""
"264","Burundi","Africa","Y20112013","",""
"265","Burundi","Africa","Y20122014","",""
"266","Burundi","Africa","Y20132015","",""
"267","Burundi","Africa","Y20142016","",""
"268","Burundi","Africa","Y20152017","",""
"269","Burundi","Africa","Y20162018","",""
"270","Burundi","Africa","Y20172019","",""
"271","Burundi","Africa","Y20182020","",""
"272","Burundi","Africa","Y20192021","",""
"273","Burundi","Africa","Y20202022","",""
"274","Cabo Verde","Africa","Y20002002","",""
"275","Cabo Verde","Africa","Y20012003","",""
"276","Cabo Verde","Africa","Y20022004","",""
"277","Cabo Verde","Africa","Y20032005","",""
"278","Cabo Verde","Africa","Y20042006","",""
"279","Cabo Verde","Africa","Y20052007","",""
"280","Cabo Verde","Africa","Y20062008","",""
"281","Cabo Verde","Africa","Y20072009","",""
"282","Cabo Verde","Africa","Y20082010","",""
"283","Cabo Verde","Africa","Y20092011","",""
"284","Cabo Verde","Africa","Y20102012","",""
"285","Cabo Verde","Africa","Y20112013","",""
"286","Cabo Verde","Africa","Y20122014","",""
"287","Cabo Verde","Africa","Y20132015","",""
"288","Cabo Verde","Africa","Y20142016","",""
"289","Cabo Verde","Africa","Y20152017","",""
"290","Cabo Verde","Africa","Y20162018","9.6","9.6"
"291","Cabo Verde","Africa","Y20172019","8.6","8.6"
"292","Cabo Verde","Africa","Y20182020","7.6","7.6"
"293","Cabo Verde","Africa","Y20192021","6.4","6.4"
"294","Cabo Verde","Africa","Y20202022","6.3","6.3"
"295","Cameroon","Africa","Y20002002","",""
"296","Cameroon","Africa","Y20012003","",""
"297","Cameroon","Africa","Y20022004","",""
"298","Cameroon","Africa","Y20032005","",""
"299","Cameroon","Africa","Y20042006","",""
"300","Cameroon","Africa","Y20052007","",""
"301","Cameroon","Africa","Y20062008","",""
"302","Cameroon","Africa","Y20072009","",""
"303","Cameroon","Africa","Y20082010","",""
"304","Cameroon","Africa","Y20092011","",""
"305","Cameroon","Africa","Y20102012","",""
"306","Cameroon","Africa","Y20112013","",""
"307","Cameroon","Africa","Y20122014","",""
"308","Cameroon","Africa","Y20132015","",""
"309","Cameroon","Africa","Y20142016","21.4","21.4"
"310","Cameroon","Africa","Y20152017","25.5","25.5"
"311","Cameroon","Africa","Y20162018","27","27"
"312","Cameroon","Africa","Y20172019","26.9","26.9"
"313","Cameroon","Africa","Y20182020","26.1","26.1"
"314","Cameroon","Africa","Y20192021","25.6","25.6"
"315","Cameroon","Africa","Y20202022","25.5","25.5"
"316","Central African Republic","Africa","Y20002002","",""
"317","Central African Republic","Africa","Y20012003","",""
"318","Central African Republic","Africa","Y20022004","",""
"319","Central African Republic","Africa","Y20032005","",""
"320","Central African Republic","Africa","Y20042006","",""
"321","Central African Republic","Africa","Y20052007","",""
"322","Central African Republic","Africa","Y20062008","",""
"323","Central African Republic","Africa","Y20072009","",""
"324","Central African Republic","Africa","Y20082010","",""
"325","Central African Republic","Africa","Y20092011","",""
"326","Central African Republic","Africa","Y20102012","",""
"327","Central African Republic","Africa","Y20112013","",""
"328","Central African Republic","Africa","Y20122014","",""
"329","Central African Republic","Africa","Y20132015","",""
"330","Central African Republic","Africa","Y20142016","",""
"331","Central African Republic","Africa","Y20152017","",""
"332","Central African Republic","Africa","Y20162018","",""
"333","Central African Republic","Africa","Y20172019","",""
"334","Central African Republic","Africa","Y20182020","61.8","61.8"
"335","Central African Republic","Africa","Y20192021","61.8","61.8"
"336","Central African Republic","Africa","Y20202022","61.8","61.8"
"337","Chad","Africa","Y20002002","",""
"338","Chad","Africa","Y20012003","",""
"339","Chad","Africa","Y20022004","",""
"340","Chad","Africa","Y20032005","",""
"341","Chad","Africa","Y20042006","",""
"342","Chad","Africa","Y20052007","",""
"343","Chad","Africa","Y20062008","",""
"344","Chad","Africa","Y20072009","",""
"345","Chad","Africa","Y20082010","",""
"346","Chad","Africa","Y20092011","",""
"347","Chad","Africa","Y20102012","",""
"348","Chad","Africa","Y20112013","",""
"349","Chad","Africa","Y20122014","",""
"350","Chad","Africa","Y20132015","",""
"351","Chad","Africa","Y20142016","",""
"352","Chad","Africa","Y20152017","",""
"353","Chad","Africa","Y20162018","",""
"354","Chad","Africa","Y20172019","",""
"355","Chad","Africa","Y20182020","",""
"356","Chad","Africa","Y20192021","",""
"357","Chad","Africa","Y20202022","",""
"358","Comoros","Africa","Y20002002","",""
"359","Comoros","Africa","Y20012003","",""
"360","Comoros","Africa","Y20022004","",""
"361","Comoros","Africa","Y20032005","",""
"362","Comoros","Africa","Y20042006","",""
"363","Comoros","Africa","Y20052007","",""
"364","Comoros","Africa","Y20062008","",""
"365","Comoros","Africa","Y20072009","",""
"366","Comoros","Africa","Y20082010","",""
"367","Comoros","Africa","Y20092011","",""
"368","Comoros","Africa","Y20102012","",""
"369","Comoros","Africa","Y20112013","",""
"370","Comoros","Africa","Y20122014","",""
"371","Comoros","Africa","Y20132015","",""
"372","Comoros","Africa","Y20142016","",""
"373","Comoros","Africa","Y20152017","",""
"374","Comoros","Africa","Y20162018","",""
"375","Comoros","Africa","Y20172019","",""
"376","Comoros","Africa","Y20182020","",""
"377","Comoros","Africa","Y20192021","28.4","28.4"
"378","Comoros","Africa","Y20202022","28.4","28.4"
"379","Congo","Africa","Y20002002","",""
"380","Congo","Africa","Y20012003","",""
"381","Congo","Africa","Y20022004","",""
"382","Congo","Africa","Y20032005","",""
"383","Congo","Africa","Y20042006","",""
"384","Congo","Africa","Y20052007","",""
"385","Congo","Africa","Y20062008","",""
"386","Congo","Africa","Y20072009","",""
"387","Congo","Africa","Y20082010","",""
"388","Congo","Africa","Y20092011","",""
"389","Congo","Africa","Y20102012","",""
"390","Congo","Africa","Y20112013","",""
"391","Congo","Africa","Y20122014","",""
"392","Congo","Africa","Y20132015","",""
"393","Congo","Africa","Y20142016","42.6","42.6"
"394","Congo","Africa","Y20152017","46.5","46.5"
"395","Congo","Africa","Y20162018","49.2","49.2"
"396","Congo","Africa","Y20172019","49.7","49.7"
"397","Congo","Africa","Y20182020","49.9","49.9"
"398","Congo","Africa","Y20192021","54.9","54.9"
"399","Congo","Africa","Y20202022","59.7","59.7"
"400","Croatia","Europe","Y20002002","",""
"401","Croatia","Europe","Y20012003","",""
"402","Croatia","Europe","Y20022004","",""
"403","Croatia","Europe","Y20032005","",""
"404","Croatia","Europe","Y20042006","",""
"405","Croatia","Europe","Y20052007","",""
"406","Croatia","Europe","Y20062008","",""
"407","Croatia","Europe","Y20072009","",""
"408","Croatia","Europe","Y20082010","",""
"409","Croatia","Europe","Y20092011","",""
"410","Croatia","Europe","Y20102012","",""
"411","Croatia","Europe","Y20112013","",""
"412","Croatia","Europe","Y20122014","",""
"413","Croatia","Europe","Y20132015","",""
"414","Croatia","Europe","Y20142016","0.5","0.5"
"415","Croatia","Europe","Y20152017","0.8","0.8"
"416","Croatia","Europe","Y20162018","0.8","0.8"
"417","Croatia","Europe","Y20172019","1","1"
"418","Croatia","Europe","Y20182020","1.7","1.7"
"419","Croatia","Europe","Y20192021","2.1","2.1"
"420","Croatia","Europe","Y20202022","2.2","2.2"
"421","Czechia","Europe","Y20002002","",""
"422","Czechia","Europe","Y20012003","",""
"423","Czechia","Europe","Y20022004","",""
"424","Czechia","Europe","Y20032005","",""
"425","Czechia","Europe","Y20042006","",""
"426","Czechia","Europe","Y20052007","",""
"427","Czechia","Europe","Y20062008","",""
"428","Czechia","Europe","Y20072009","",""
"429","Czechia","Europe","Y20082010","",""
"430","Czechia","Europe","Y20092011","",""
"431","Czechia","Europe","Y20102012","",""
"432","Czechia","Europe","Y20112013","",""
"433","Czechia","Europe","Y20122014","",""
"434","Czechia","Europe","Y20132015","",""
"435","Czechia","Europe","Y20142016","0.7","0.7"
"436","Czechia","Europe","Y20152017","<0.5","<0.5"
"437","Czechia","Europe","Y20162018","<0.5","<0.5"
"438","Czechia","Europe","Y20172019","0.6","0.6"
"439","Czechia","Europe","Y20182020","0.9","0.9"
"440","Czechia","Europe","Y20192021","1.4","1.4"
"441","Czechia","Europe","Y20202022","2","2"
"442","Côte d'Ivoire","Africa","Y20002002","",""
"443","Côte d'Ivoire","Africa","Y20012003","",""
"444","Côte d'Ivoire","Africa","Y20022004","",""
"445","Côte d'Ivoire","Africa","Y20032005","",""
"446","Côte d'Ivoire","Africa","Y20042006","",""
"447","Côte d'Ivoire","Africa","Y20052007","",""
"448","Côte d'Ivoire","Africa","Y20062008","",""
"449","Côte d'Ivoire","Africa","Y20072009","",""
"450","Côte d'Ivoire","Africa","Y20082010","",""
"451","Côte d'Ivoire","Africa","Y20092011","",""
"452","Côte d'Ivoire","Africa","Y20102012","",""
"453","Côte d'Ivoire","Africa","Y20112013","",""
"454","Côte d'Ivoire","Africa","Y20122014","",""
"455","Côte d'Ivoire","Africa","Y20132015","",""
"456","Côte d'Ivoire","Africa","Y20142016","6.3","6.3"
"457","Côte d'Ivoire","Africa","Y20152017","7.6","7.6"
"458","Côte d'Ivoire","Africa","Y20162018","8.5","8.5"
"459","Côte d'Ivoire","Africa","Y20172019","9.2","9.2"
"460","Côte d'Ivoire","Africa","Y20182020","9.2","9.2"
"461","Côte d'Ivoire","Africa","Y20192021","9.5","9.5"
"462","Côte d'Ivoire","Africa","Y20202022","9.8","9.8"
"463","Democratic Republic of the Congo","Africa","Y20002002","",""
"464","Democratic Republic of the Congo","Africa","Y20012003","",""
"465","Democratic Republic of the Congo","Africa","Y20022004","",""
"466","Democratic Republic of the Congo","Africa","Y20032005","",""
"467","Democratic Republic of the Congo","Africa","Y20042006","",""
"468","Democratic Republic of the Congo","Africa","Y20052007","",""
"469","Democratic Republic of the Congo","Africa","Y20062008","",""
"470","Democratic Republic of the Congo","Africa","Y20072009","",""
"471","Democratic Republic of the Congo","Africa","Y20082010","",""
"472","Democratic Republic of the Congo","Africa","Y20092011","",""
"473","Democratic Republic of the Congo","Africa","Y20102012","",""
"474","Democratic Republic of the Congo","Africa","Y20112013","",""
"475","Democratic Republic of the Congo","Africa","Y20122014","",""
"476","Democratic Republic of the Congo","Africa","Y20132015","",""
"477","Democratic Republic of the Congo","Africa","Y20142016","",""
"478","Democratic Republic of the Congo","Africa","Y20152017","",""
"479","Democratic Republic of the Congo","Africa","Y20162018","",""
"480","Democratic Republic of the Congo","Africa","Y20172019","",""
"481","Democratic Republic of the Congo","Africa","Y20182020","37.2","37.2"
"482","Democratic Republic of the Congo","Africa","Y20192021","37.9","37.9"
"483","Democratic Republic of the Congo","Africa","Y20202022","39.3","39.3"
"484","Denmark","Europe","Y20002002","",""
"485","Denmark","Europe","Y20012003","",""
"486","Denmark","Europe","Y20022004","",""
"487","Denmark","Europe","Y20032005","",""
"488","Denmark","Europe","Y20042006","",""
"489","Denmark","Europe","Y20052007","",""
"490","Denmark","Europe","Y20062008","",""
"491","Denmark","Europe","Y20072009","",""
"492","Denmark","Europe","Y20082010","",""
"493","Denmark","Europe","Y20092011","",""
"494","Denmark","Europe","Y20102012","",""
"495","Denmark","Europe","Y20112013","",""
"496","Denmark","Europe","Y20122014","",""
"497","Denmark","Europe","Y20132015","",""
"498","Denmark","Europe","Y20142016","1","1"
"499","Denmark","Europe","Y20152017","1.3","1.3"
"500","Denmark","Europe","Y20162018","1.6","1.6"
"501","Denmark","Europe","Y20172019","1.5","1.5"
"502","Denmark","Europe","Y20182020","1.3","1.3"
"503","Denmark","Europe","Y20192021","1.6","1.6"
"504","Denmark","Europe","Y20202022","1.9","1.9"
"505","Djibouti","Africa","Y20002002","",""
"506","Djibouti","Africa","Y20012003","",""
"507","Djibouti","Africa","Y20022004","",""
"508","Djibouti","Africa","Y20032005","",""
"509","Djibouti","Africa","Y20042006","",""
"510","Djibouti","Africa","Y20052007","",""
"511","Djibouti","Africa","Y20062008","",""
"512","Djibouti","Africa","Y20072009","",""
"513","Djibouti","Africa","Y20082010","",""
"514","Djibouti","Africa","Y20092011","",""
"515","Djibouti","Africa","Y20102012","",""
"516","Djibouti","Africa","Y20112013","",""
"517","Djibouti","Africa","Y20122014","",""
"518","Djibouti","Africa","Y20132015","",""
"519","Djibouti","Africa","Y20142016","",""
"520","Djibouti","Africa","Y20152017","",""
"521","Djibouti","Africa","Y20162018","",""
"522","Djibouti","Africa","Y20172019","",""
"523","Djibouti","Africa","Y20182020","",""
"524","Djibouti","Africa","Y20192021","15.4","15.4"
"525","Djibouti","Africa","Y20202022","15.4","15.4"
"526","Egypt","Africa","Y20002002","",""
"527","Egypt","Africa","Y20012003","",""
"528","Egypt","Africa","Y20022004","",""
"529","Egypt","Africa","Y20032005","",""
"530","Egypt","Africa","Y20042006","",""
"531","Egypt","Africa","Y20052007","",""
"532","Egypt","Africa","Y20062008","",""
"533","Egypt","Africa","Y20072009","",""
"534","Egypt","Africa","Y20082010","",""
"535","Egypt","Africa","Y20092011","",""
"536","Egypt","Africa","Y20102012","",""
"537","Egypt","Africa","Y20112013","",""
"538","Egypt","Africa","Y20122014","",""
"539","Egypt","Africa","Y20132015","",""
"540","Egypt","Africa","Y20142016","9.9","9.9"
"541","Egypt","Africa","Y20152017","9.7","9.7"
"542","Egypt","Africa","Y20162018","9.8","9.8"
"543","Egypt","Africa","Y20172019","7.9","7.9"
"544","Egypt","Africa","Y20182020","7","7"
"545","Egypt","Africa","Y20192021","7.7","7.7"
"546","Egypt","Africa","Y20202022","9.8","9.8"
"547","Equatorial Guinea","Africa","Y20002002","",""
"548","Equatorial Guinea","Africa","Y20012003","",""
"549","Equatorial Guinea","Africa","Y20022004","",""
"550","Equatorial Guinea","Africa","Y20032005","",""
"551","Equatorial Guinea","Africa","Y20042006","",""
"552","Equatorial Guinea","Africa","Y20052007","",""
"553","Equatorial Guinea","Africa","Y20062008","",""
"554","Equatorial Guinea","Africa","Y20072009","",""
"555","Equatorial Guinea","Africa","Y20082010","",""
"556","Equatorial Guinea","Africa","Y20092011","",""
"557","Equatorial Guinea","Africa","Y20102012","",""
"558","Equatorial Guinea","Africa","Y20112013","",""
"559","Equatorial Guinea","Africa","Y20122014","",""
"560","Equatorial Guinea","Africa","Y20132015","",""
"561","Equatorial Guinea","Africa","Y20142016","",""
"562","Equatorial Guinea","Africa","Y20152017","",""
"563","Equatorial Guinea","Africa","Y20162018","",""
"564","Equatorial Guinea","Africa","Y20172019","",""
"565","Equatorial Guinea","Africa","Y20182020","",""
"566","Equatorial Guinea","Africa","Y20192021","",""
"567","Equatorial Guinea","Africa","Y20202022","",""
"568","Eritrea","Africa","Y20002002","",""
"569","Eritrea","Africa","Y20012003","",""
"570","Eritrea","Africa","Y20022004","",""
"571","Eritrea","Africa","Y20032005","",""
"572","Eritrea","Africa","Y20042006","",""
"573","Eritrea","Africa","Y20052007","",""
"574","Eritrea","Africa","Y20062008","",""
"575","Eritrea","Africa","Y20072009","",""
"576","Eritrea","Africa","Y20082010","",""
"577","Eritrea","Africa","Y20092011","",""
"578","Eritrea","Africa","Y20102012","",""
"579","Eritrea","Africa","Y20112013","",""
"580","Eritrea","Africa","Y20122014","",""
"581","Eritrea","Africa","Y20132015","",""
"582","Eritrea","Africa","Y20142016","",""
"583","Eritrea","Africa","Y20152017","",""
"584","Eritrea","Africa","Y20162018","",""
"585","Eritrea","Africa","Y20172019","",""
"586","Eritrea","Africa","Y20182020","",""
"587","Eritrea","Africa","Y20192021","",""
"588","Eritrea","Africa","Y20202022","",""
"589","Estonia","Europe","Y20002002","",""
"590","Estonia","Europe","Y20012003","",""
"591","Estonia","Europe","Y20022004","",""
"592","Estonia","Europe","Y20032005","",""
"593","Estonia","Europe","Y20042006","",""
"594","Estonia","Europe","Y20052007","",""
"595","Estonia","Europe","Y20062008","",""
"596","Estonia","Europe","Y20072009","",""
"597","Estonia","Europe","Y20082010","",""
"598","Estonia","Europe","Y20092011","",""
"599","Estonia","Europe","Y20102012","",""
"600","Estonia","Europe","Y20112013","",""
"601","Estonia","Europe","Y20122014","",""
"602","Estonia","Europe","Y20132015","",""
"603","Estonia","Europe","Y20142016","0.8","0.8"
"604","Estonia","Europe","Y20152017","0.8","0.8"
"605","Estonia","Europe","Y20162018","1","1"
"606","Estonia","Europe","Y20172019","0.9","0.9"
"607","Estonia","Europe","Y20182020","0.7","0.7"
"608","Estonia","Europe","Y20192021","0.8","0.8"
"609","Estonia","Europe","Y20202022","0.8","0.8"
"610","Eswatini","Africa","Y20002002","",""
"611","Eswatini","Africa","Y20012003","",""
"612","Eswatini","Africa","Y20022004","",""
"613","Eswatini","Africa","Y20032005","",""
"614","Eswatini","Africa","Y20042006","",""
"615","Eswatini","Africa","Y20052007","",""
"616","Eswatini","Africa","Y20062008","",""
"617","Eswatini","Africa","Y20072009","",""
"618","Eswatini","Africa","Y20082010","",""
"619","Eswatini","Africa","Y20092011","",""
"620","Eswatini","Africa","Y20102012","",""
"621","Eswatini","Africa","Y20112013","",""
"622","Eswatini","Africa","Y20122014","",""
"623","Eswatini","Africa","Y20132015","",""
"624","Eswatini","Africa","Y20142016","",""
"625","Eswatini","Africa","Y20152017","",""
"626","Eswatini","Africa","Y20162018","",""
"627","Eswatini","Africa","Y20172019","",""
"628","Eswatini","Africa","Y20182020","",""
"629","Eswatini","Africa","Y20192021","17.2","17.2"
"630","Eswatini","Africa","Y20202022","17.6","17.6"
"631","Ethiopia","Africa","Y20002002","",""
"632","Ethiopia","Africa","Y20012003","",""
"633","Ethiopia","Africa","Y20022004","",""
"634","Ethiopia","Africa","Y20032005","",""
"635","Ethiopia","Africa","Y20042006","",""
"636","Ethiopia","Africa","Y20052007","",""
"637","Ethiopia","Africa","Y20062008","",""
"638","Ethiopia","Africa","Y20072009","",""
"639","Ethiopia","Africa","Y20082010","",""
"640","Ethiopia","Africa","Y20092011","",""
"641","Ethiopia","Africa","Y20102012","",""
"642","Ethiopia","Africa","Y20112013","",""
"643","Ethiopia","Africa","Y20122014","",""
"644","Ethiopia","Africa","Y20132015","",""
"645","Ethiopia","Africa","Y20142016","16.2","16.2"
"646","Ethiopia","Africa","Y20152017","15.8","15.8"
"647","Ethiopia","Africa","Y20162018","14.1","14.1"
"648","Ethiopia","Africa","Y20172019","13.3","13.3"
"649","Ethiopia","Africa","Y20182020","16.1","16.1"
"650","Ethiopia","Africa","Y20192021","20.1","20.1"
"651","Ethiopia","Africa","Y20202022","21.2","21.2"
"652","Finland","Europe","Y20002002","",""
"653","Finland","Europe","Y20012003","",""
"654","Finland","Europe","Y20022004","",""
"655","Finland","Europe","Y20032005","",""
"656","Finland","Europe","Y20042006","",""
"657","Finland","Europe","Y20052007","",""
"658","Finland","Europe","Y20062008","",""
"659","Finland","Europe","Y20072009","",""
"660","Finland","Europe","Y20082010","",""
"661","Finland","Europe","Y20092011","",""
"662","Finland","Europe","Y20102012","",""
"663","Finland","Europe","Y20112013","",""
"664","Finland","Europe","Y20122014","",""
"665","Finland","Europe","Y20132015","",""
"666","Finland","Europe","Y20142016","2.4","2.4"
"667","Finland","Europe","Y20152017","2.6","2.6"
"668","Finland","Europe","Y20162018","2.3","2.3"
"669","Finland","Europe","Y20172019","2.4","2.4"
"670","Finland","Europe","Y20182020","2.1","2.1"
"671","Finland","Europe","Y20192021","2.7","2.7"
"672","Finland","Europe","Y20202022","2.8","2.8"
"673","France","Europe","Y20002002","",""
"674","France","Europe","Y20012003","",""
"675","France","Europe","Y20022004","",""
"676","France","Europe","Y20032005","",""
"677","France","Europe","Y20042006","",""
"678","France","Europe","Y20052007","",""
"679","France","Europe","Y20062008","",""
"680","France","Europe","Y20072009","",""
"681","France","Europe","Y20082010","",""
"682","France","Europe","Y20092011","",""
"683","France","Europe","Y20102012","",""
"684","France","Europe","Y20112013","",""
"685","France","Europe","Y20122014","",""
"686","France","Europe","Y20132015","",""
"687","France","Europe","Y20142016","1.6","1.6"
"688","France","Europe","Y20152017","0.9","0.9"
"689","France","Europe","Y20162018","<0.5","<0.5"
"690","France","Europe","Y20172019","<0.5","<0.5"
"691","France","Europe","Y20182020","<0.5","<0.5"
"692","France","Europe","Y20192021","0.7","0.7"
"693","France","Europe","Y20202022","1.6","1.6"
"694","Gabon","Africa","Y20002002","",""
"695","Gabon","Africa","Y20012003","",""
"696","Gabon","Africa","Y20022004","",""
"697","Gabon","Africa","Y20032005","",""
"698","Gabon","Africa","Y20042006","",""
"699","Gabon","Africa","Y20052007","",""
"700","Gabon","Africa","Y20062008","",""
"701","Gabon","Africa","Y20072009","",""
"702","Gabon","Africa","Y20082010","",""
"703","Gabon","Africa","Y20092011","",""
"704","Gabon","Africa","Y20102012","",""
"705","Gabon","Africa","Y20112013","",""
"706","Gabon","Africa","Y20122014","",""
"707","Gabon","Africa","Y20132015","",""
"708","Gabon","Africa","Y20142016","",""
"709","Gabon","Africa","Y20152017","",""
"710","Gabon","Africa","Y20162018","",""
"711","Gabon","Africa","Y20172019","",""
"712","Gabon","Africa","Y20182020","",""
"713","Gabon","Africa","Y20192021","",""
"714","Gabon","Africa","Y20202022","",""
"715","Gambia","Africa","Y20002002","",""
"716","Gambia","Africa","Y20012003","",""
"717","Gambia","Africa","Y20022004","",""
"718","Gambia","Africa","Y20032005","",""
"719","Gambia","Africa","Y20042006","",""
"720","Gambia","Africa","Y20052007","",""
"721","Gambia","Africa","Y20062008","",""
"722","Gambia","Africa","Y20072009","",""
"723","Gambia","Africa","Y20082010","",""
"724","Gambia","Africa","Y20092011","",""
"725","Gambia","Africa","Y20102012","",""
"726","Gambia","Africa","Y20112013","",""
"727","Gambia","Africa","Y20122014","",""
"728","Gambia","Africa","Y20132015","",""
"729","Gambia","Africa","Y20142016","",""
"730","Gambia","Africa","Y20152017","23.3","23.3"
"731","Gambia","Africa","Y20162018","23.3","23.3"
"732","Gambia","Africa","Y20172019","23.8","23.8"
"733","Gambia","Africa","Y20182020","24.5","24.5"
"734","Gambia","Africa","Y20192021","25.4","25.4"
"735","Gambia","Africa","Y20202022","27","27"
"736","Germany","Europe","Y20002002","",""
"737","Germany","Europe","Y20012003","",""
"738","Germany","Europe","Y20022004","",""
"739","Germany","Europe","Y20032005","",""
"740","Germany","Europe","Y20042006","",""
"741","Germany","Europe","Y20052007","",""
"742","Germany","Europe","Y20062008","",""
"743","Germany","Europe","Y20072009","",""
"744","Germany","Europe","Y20082010","",""
"745","Germany","Europe","Y20092011","",""
"746","Germany","Europe","Y20102012","",""
"747","Germany","Europe","Y20112013","",""
"748","Germany","Europe","Y20122014","",""
"749","Germany","Europe","Y20132015","",""
"750","Germany","Europe","Y20142016","1.1","1.1"
"751","Germany","Europe","Y20152017","0.8","0.8"
"752","Germany","Europe","Y20162018","0.6","0.6"
"753","Germany","Europe","Y20172019","0.5","0.5"
"754","Germany","Europe","Y20182020","0.6","0.6"
"755","Germany","Europe","Y20192021","1","1"
"756","Germany","Europe","Y20202022","1.2","1.2"
"757","Ghana","Africa","Y20002002","",""
"758","Ghana","Africa","Y20012003","",""
"759","Ghana","Africa","Y20022004","",""
"760","Ghana","Africa","Y20032005","",""
"761","Ghana","Africa","Y20042006","",""
"762","Ghana","Africa","Y20052007","",""
"763","Ghana","Africa","Y20062008","",""
"764","Ghana","Africa","Y20072009","",""
"765","Ghana","Africa","Y20082010","",""
"766","Ghana","Africa","Y20092011","",""
"767","Ghana","Africa","Y20102012","",""
"768","Ghana","Africa","Y20112013","",""
"769","Ghana","Africa","Y20122014","",""
"770","Ghana","Africa","Y20132015","",""
"771","Ghana","Africa","Y20142016","5.1","5.1"
"772","Ghana","Africa","Y20152017","6","6"
"773","Ghana","Africa","Y20162018","7","7"
"774","Ghana","Africa","Y20172019","6.3","6.3"
"775","Ghana","Africa","Y20182020","6.1","6.1"
"776","Ghana","Africa","Y20192021","5.7","5.7"
"777","Ghana","Africa","Y20202022","6.4","6.4"
"778","Greece","Europe","Y20002002","",""
"779","Greece","Europe","Y20012003","",""
"780","Greece","Europe","Y20022004","",""
"781","Greece","Europe","Y20032005","",""
"782","Greece","Europe","Y20042006","",""
"783","Greece","Europe","Y20052007","",""
"784","Greece","Europe","Y20062008","",""
"785","Greece","Europe","Y20072009","",""
"786","Greece","Europe","Y20082010","",""
"787","Greece","Europe","Y20092011","",""
"788","Greece","Europe","Y20102012","",""
"789","Greece","Europe","Y20112013","",""
"790","Greece","Europe","Y20122014","",""
"791","Greece","Europe","Y20132015","",""
"792","Greece","Europe","Y20142016","2.6","2.6"
"793","Greece","Europe","Y20152017","3.3","3.3"
"794","Greece","Europe","Y20162018","3","3"
"795","Greece","Europe","Y20172019","2.4","2.4"
"796","Greece","Europe","Y20182020","1.6","1.6"
"797","Greece","Europe","Y20192021","1.7","1.7"
"798","Greece","Europe","Y20202022","1.7","1.7"
"799","Guinea","Africa","Y20002002","",""
"800","Guinea","Africa","Y20012003","",""
"801","Guinea","Africa","Y20022004","",""
"802","Guinea","Africa","Y20032005","",""
"803","Guinea","Africa","Y20042006","",""
"804","Guinea","Africa","Y20052007","",""
"805","Guinea","Africa","Y20062008","",""
"806","Guinea","Africa","Y20072009","",""
"807","Guinea","Africa","Y20082010","",""
"808","Guinea","Africa","Y20092011","",""
"809","Guinea","Africa","Y20102012","",""
"810","Guinea","Africa","Y20112013","",""
"811","Guinea","Africa","Y20122014","",""
"812","Guinea","Africa","Y20132015","",""
"813","Guinea","Africa","Y20142016","44.1","44.1"
"814","Guinea","Africa","Y20152017","46.4","46.4"
"815","Guinea","Africa","Y20162018","49.8","49.8"
"816","Guinea","Africa","Y20172019","49.8","49.8"
"817","Guinea","Africa","Y20182020","49.8","49.8"
"818","Guinea","Africa","Y20192021","49.8","49.8"
"819","Guinea","Africa","Y20202022","50.2","50.2"
"820","Guinea-Bissau","Africa","Y20002002","",""
"821","Guinea-Bissau","Africa","Y20012003","",""
"822","Guinea-Bissau","Africa","Y20022004","",""
"823","Guinea-Bissau","Africa","Y20032005","",""
"824","Guinea-Bissau","Africa","Y20042006","",""
"825","Guinea-Bissau","Africa","Y20052007","",""
"826","Guinea-Bissau","Africa","Y20062008","",""
"827","Guinea-Bissau","Africa","Y20072009","",""
"828","Guinea-Bissau","Africa","Y20082010","",""
"829","Guinea-Bissau","Africa","Y20092011","",""
"830","Guinea-Bissau","Africa","Y20102012","",""
"831","Guinea-Bissau","Africa","Y20112013","",""
"832","Guinea-Bissau","Africa","Y20122014","",""
"833","Guinea-Bissau","Africa","Y20132015","",""
"834","Guinea-Bissau","Africa","Y20142016","",""
"835","Guinea-Bissau","Africa","Y20152017","",""
"836","Guinea-Bissau","Africa","Y20162018","8.3","8.3"
"837","Guinea-Bissau","Africa","Y20172019","12.6","12.6"
"838","Guinea-Bissau","Africa","Y20182020","21","21"
"839","Guinea-Bissau","Africa","Y20192021","29.3","29.3"
"840","Guinea-Bissau","Africa","Y20202022","32","32"
"841","Hungary","Europe","Y20002002","",""
"842","Hungary","Europe","Y20012003","",""
"843","Hungary","Europe","Y20022004","",""
"844","Hungary","Europe","Y20032005","",""
"845","Hungary","Europe","Y20042006","",""
"846","Hungary","Europe","Y20052007","",""
"847","Hungary","Europe","Y20062008","",""
"848","Hungary","Europe","Y20072009","",""
"849","Hungary","Europe","Y20082010","",""
"850","Hungary","Europe","Y20092011","",""
"851","Hungary","Europe","Y20102012","",""
"852","Hungary","Europe","Y20112013","",""
"853","Hungary","Europe","Y20122014","",""
"854","Hungary","Europe","Y20132015","",""
"855","Hungary","Europe","Y20142016","1.4","1.4"
"856","Hungary","Europe","Y20152017","1","1"
"857","Hungary","Europe","Y20162018","0.9","0.9"
"858","Hungary","Europe","Y20172019","0.8","0.8"
"859","Hungary","Europe","Y20182020","1.7","1.7"
"860","Hungary","Europe","Y20192021","2.6","2.6"
"861","Hungary","Europe","Y20202022","3.5","3.5"
"862","Iceland","Europe","Y20002002","",""
"863","Iceland","Europe","Y20012003","",""
"864","Iceland","Europe","Y20022004","",""
"865","Iceland","Europe","Y20032005","",""
"866","Iceland","Europe","Y20042006","",""
"867","Iceland","Europe","Y20052007","",""
"868","Iceland","Europe","Y20062008","",""
"869","Iceland","Europe","Y20072009","",""
"870","Iceland","Europe","Y20082010","",""
"871","Iceland","Europe","Y20092011","",""
"872","Iceland","Europe","Y20102012","",""
"873","Iceland","Europe","Y20112013","",""
"874","Iceland","Europe","Y20122014","",""
"875","Iceland","Europe","Y20132015","",""
"876","Iceland","Europe","Y20142016","1.5","1.5"
"877","Iceland","Europe","Y20152017","1.5","1.5"
"878","Iceland","Europe","Y20162018","1.1","1.1"
"879","Iceland","Europe","Y20172019","1.1","1.1"
"880","Iceland","Europe","Y20182020","1.4","1.4"
"881","Iceland","Europe","Y20192021","1.5","1.5"
"882","Iceland","Europe","Y20202022","1.9","1.9"
"883","Ireland","Europe","Y20002002","",""
"884","Ireland","Europe","Y20012003","",""
"885","Ireland","Europe","Y20022004","",""
"886","Ireland","Europe","Y20032005","",""
"887","Ireland","Europe","Y20042006","",""
"888","Ireland","Europe","Y20052007","",""
"889","Ireland","Europe","Y20062008","",""
"890","Ireland","Europe","Y20072009","",""
"891","Ireland","Europe","Y20082010","",""
"892","Ireland","Europe","Y20092011","",""
"893","Ireland","Europe","Y20102012","",""
"894","Ireland","Europe","Y20112013","",""
"895","Ireland","Europe","Y20122014","",""
"896","Ireland","Europe","Y20132015","",""
"897","Ireland","Europe","Y20142016","2.8","2.8"
"898","Ireland","Europe","Y20152017","2.2","2.2"
"899","Ireland","Europe","Y20162018","2.3","2.3"
"900","Ireland","Europe","Y20172019","2.7","2.7"
"901","Ireland","Europe","Y20182020","3.4","3.4"
"902","Ireland","Europe","Y20192021","2.5","2.5"
"903","Ireland","Europe","Y20202022","1.8","1.8"
"904","Italy","Europe","Y20002002","",""
"905","Italy","Europe","Y20012003","",""
"906","Italy","Europe","Y20022004","",""
"907","Italy","Europe","Y20032005","",""
"908","Italy","Europe","Y20042006","",""
"909","Italy","Europe","Y20052007","",""
"910","Italy","Europe","Y20062008","",""
"911","Italy","Europe","Y20072009","",""
"912","Italy","Europe","Y20082010","",""
"913","Italy","Europe","Y20092011","",""
"914","Italy","Europe","Y20102012","",""
"915","Italy","Europe","Y20112013","",""
"916","Italy","Europe","Y20122014","",""
"917","Italy","Europe","Y20132015","",""
"918","Italy","Europe","Y20142016","1","1"
"919","Italy","Europe","Y20152017","0.8","0.8"
"920","Italy","Europe","Y20162018","0.7","0.7"
"921","Italy","Europe","Y20172019","0.7","0.7"
"922","Italy","Europe","Y20182020","0.6","0.6"
"923","Italy","Europe","Y20192021","1","1"
"924","Italy","Europe","Y20202022","1","1"
"925","Kenya","Africa","Y20002002","",""
"926","Kenya","Africa","Y20012003","",""
"927","Kenya","Africa","Y20022004","",""
"928","Kenya","Africa","Y20032005","",""
"929","Kenya","Africa","Y20042006","",""
"930","Kenya","Africa","Y20052007","",""
"931","Kenya","Africa","Y20062008","",""
"932","Kenya","Africa","Y20072009","",""
"933","Kenya","Africa","Y20082010","",""
"934","Kenya","Africa","Y20092011","",""
"935","Kenya","Africa","Y20102012","",""
"936","Kenya","Africa","Y20112013","",""
"937","Kenya","Africa","Y20122014","",""
"938","Kenya","Africa","Y20132015","",""
"939","Kenya","Africa","Y20142016","16.3","16.3"
"940","Kenya","Africa","Y20152017","19.5","19.5"
"941","Kenya","Africa","Y20162018","23.6","23.6"
"942","Kenya","Africa","Y20172019","25.5","25.5"
"943","Kenya","Africa","Y20182020","27.1","27.1"
"944","Kenya","Africa","Y20192021","28.4","28.4"
"945","Kenya","Africa","Y20202022","29.7","29.7"
"946","Latvia","Europe","Y20002002","",""
"947","Latvia","Europe","Y20012003","",""
"948","Latvia","Europe","Y20022004","",""
"949","Latvia","Europe","Y20032005","",""
"950","Latvia","Europe","Y20042006","",""
"951","Latvia","Europe","Y20052007","",""
"952","Latvia","Europe","Y20062008","",""
"953","Latvia","Europe","Y20072009","",""
"954","Latvia","Europe","Y20082010","",""
"955","Latvia","Europe","Y20092011","",""
"956","Latvia","Europe","Y20102012","",""
"957","Latvia","Europe","Y20112013","",""
"958","Latvia","Europe","Y20122014","",""
"959","Latvia","Europe","Y20132015","",""
"960","Latvia","Europe","Y20142016","0.7","0.7"
"961","Latvia","Europe","Y20152017","0.7","0.7"
"962","Latvia","Europe","Y20162018","<0.5","<0.5"
"963","Latvia","Europe","Y20172019","0.6","0.6"
"964","Latvia","Europe","Y20182020","0.6","0.6"
"965","Latvia","Europe","Y20192021","0.7","0.7"
"966","Latvia","Europe","Y20202022","1.1","1.1"
"967","Lesotho","Africa","Y20002002","",""
"968","Lesotho","Africa","Y20012003","",""
"969","Lesotho","Africa","Y20022004","",""
"970","Lesotho","Africa","Y20032005","",""
"971","Lesotho","Africa","Y20042006","",""
"972","Lesotho","Africa","Y20052007","",""
"973","Lesotho","Africa","Y20062008","",""
"974","Lesotho","Africa","Y20072009","",""
"975","Lesotho","Africa","Y20082010","",""
"976","Lesotho","Africa","Y20092011","",""
"977","Lesotho","Africa","Y20102012","",""
"978","Lesotho","Africa","Y20112013","",""
"979","Lesotho","Africa","Y20122014","",""
"980","Lesotho","Africa","Y20132015","",""
"981","Lesotho","Africa","Y20142016","",""
"982","Lesotho","Africa","Y20152017","",""
"983","Lesotho","Africa","Y20162018","",""
"984","Lesotho","Africa","Y20172019","27","27"
"985","Lesotho","Africa","Y20182020","28.5","28.5"
"986","Lesotho","Africa","Y20192021","30","30"
"987","Lesotho","Africa","Y20202022","32.7","32.7"
"988","Liberia","Africa","Y20002002","",""
"989","Liberia","Africa","Y20012003","",""
"990","Liberia","Africa","Y20022004","",""
"991","Liberia","Africa","Y20032005","",""
"992","Liberia","Africa","Y20042006","",""
"993","Liberia","Africa","Y20052007","",""
"994","Liberia","Africa","Y20062008","",""
"995","Liberia","Africa","Y20072009","",""
"996","Liberia","Africa","Y20082010","",""
"997","Liberia","Africa","Y20092011","",""
"998","Liberia","Africa","Y20102012","",""
"999","Liberia","Africa","Y20112013","",""
"1000","Liberia","Africa","Y20122014","",""
"1001","Liberia","Africa","Y20132015","",""
"1002","Liberia","Africa","Y20142016","40","40"
"1003","Liberia","Africa","Y20152017","39.8","39.8"
"1004","Liberia","Africa","Y20162018","39.7","39.7"
"1005","Liberia","Africa","Y20172019","",""
"1006","Liberia","Africa","Y20182020","38.7","38.7"
"1007","Liberia","Africa","Y20192021","38.7","38.7"
"1008","Liberia","Africa","Y20202022","40.5","40.5"
"1009","Libya","Africa","Y20002002","",""
"1010","Libya","Africa","Y20012003","",""
"1011","Libya","Africa","Y20022004","",""
"1012","Libya","Africa","Y20032005","",""
"1013","Libya","Africa","Y20042006","",""
"1014","Libya","Africa","Y20052007","",""
"1015","Libya","Africa","Y20062008","",""
"1016","Libya","Africa","Y20072009","",""
"1017","Libya","Africa","Y20082010","",""
"1018","Libya","Africa","Y20092011","",""
"1019","Libya","Africa","Y20102012","",""
"1020","Libya","Africa","Y20112013","",""
"1021","Libya","Africa","Y20122014","",""
"1022","Libya","Africa","Y20132015","",""
"1023","Libya","Africa","Y20142016","13.4","13.4"
"1024","Libya","Africa","Y20152017","15.2","15.2"
"1025","Libya","Africa","Y20162018","18.2","18.2"
"1026","Libya","Africa","Y20172019","21","21"
"1027","Libya","Africa","Y20182020","23.7","23.7"
"1028","Libya","Africa","Y20192021","26.3","26.3"
"1029","Libya","Africa","Y20202022","24.9","24.9"
"1030","Lithuania","Europe","Y20002002","",""
"1031","Lithuania","Europe","Y20012003","",""
"1032","Lithuania","Europe","Y20022004","",""
"1033","Lithuania","Europe","Y20032005","",""
"1034","Lithuania","Europe","Y20042006","",""
"1035","Lithuania","Europe","Y20052007","",""
"1036","Lithuania","Europe","Y20062008","",""
"1037","Lithuania","Europe","Y20072009","",""
"1038","Lithuania","Europe","Y20082010","",""
"1039","Lithuania","Europe","Y20092011","",""
"1040","Lithuania","Europe","Y20102012","",""
"1041","Lithuania","Europe","Y20112013","",""
"1042","Lithuania","Europe","Y20122014","",""
"1043","Lithuania","Europe","Y20132015","",""
"1044","Lithuania","Europe","Y20142016","2.5","2.5"
"1045","Lithuania","Europe","Y20152017","2.1","2.1"
"1046","Lithuania","Europe","Y20162018","1.7","1.7"
"1047","Lithuania","Europe","Y20172019","0.9","0.9"
"1048","Lithuania","Europe","Y20182020","1.3","1.3"
"1049","Lithuania","Europe","Y20192021","1.7","1.7"
"1050","Lithuania","Europe","Y20202022","2.2","2.2"
"1051","Luxembourg","Europe","Y20002002","",""
"1052","Luxembourg","Europe","Y20012003","",""
"1053","Luxembourg","Europe","Y20022004","",""
"1054","Luxembourg","Europe","Y20032005","",""
"1055","Luxembourg","Europe","Y20042006","",""
"1056","Luxembourg","Europe","Y20052007","",""
"1057","Luxembourg","Europe","Y20062008","",""
"1058","Luxembourg","Europe","Y20072009","",""
"1059","Luxembourg","Europe","Y20082010","",""
"1060","Luxembourg","Europe","Y20092011","",""
"1061","Luxembourg","Europe","Y20102012","",""
"1062","Luxembourg","Europe","Y20112013","",""
"1063","Luxembourg","Europe","Y20122014","",""
"1064","Luxembourg","Europe","Y20132015","",""
"1065","Luxembourg","Europe","Y20142016","1.8","1.8"
"1066","Luxembourg","Europe","Y20152017","1.4","1.4"
"1067","Luxembourg","Europe","Y20162018","0.8","0.8"
"1068","Luxembourg","Europe","Y20172019","0.9","0.9"
"1069","Luxembourg","Europe","Y20182020","0.7","0.7"
"1070","Luxembourg","Europe","Y20192021","0.6","0.6"
"1071","Luxembourg","Europe","Y20202022","0.5","0.5"
"1072","Madagascar","Africa","Y20002002","",""
"1073","Madagascar","Africa","Y20012003","",""
"1074","Madagascar","Africa","Y20022004","",""
"1075","Madagascar","Africa","Y20032005","",""
"1076","Madagascar","Africa","Y20042006","",""
"1077","Madagascar","Africa","Y20052007","",""
"1078","Madagascar","Africa","Y20062008","",""
"1079","Madagascar","Africa","Y20072009","",""
"1080","Madagascar","Africa","Y20082010","",""
"1081","Madagascar","Africa","Y20092011","",""
"1082","Madagascar","Africa","Y20102012","",""
"1083","Madagascar","Africa","Y20112013","",""
"1084","Madagascar","Africa","Y20122014","",""
"1085","Madagascar","Africa","Y20132015","",""
"1086","Madagascar","Africa","Y20142016","",""
"1087","Madagascar","Africa","Y20152017","",""
"1088","Madagascar","Africa","Y20162018","",""
"1089","Madagascar","Africa","Y20172019","10.5","10.5"
"1090","Madagascar","Africa","Y20182020","11","11"
"1091","Madagascar","Africa","Y20192021","11.4","11.4"
"1092","Madagascar","Africa","Y20202022","13.4","13.4"
"1093","Malawi","Africa","Y20002002","",""
"1094","Malawi","Africa","Y20012003","",""
"1095","Malawi","Africa","Y20022004","",""
"1096","Malawi","Africa","Y20032005","",""
"1097","Malawi","Africa","Y20042006","",""
"1098","Malawi","Africa","Y20052007","",""
"1099","Malawi","Africa","Y20062008","",""
"1100","Malawi","Africa","Y20072009","",""
"1101","Malawi","Africa","Y20082010","",""
"1102","Malawi","Africa","Y20092011","",""
"1103","Malawi","Africa","Y20102012","",""
"1104","Malawi","Africa","Y20112013","",""
"1105","Malawi","Africa","Y20122014","",""
"1106","Malawi","Africa","Y20132015","",""
"1107","Malawi","Africa","Y20142016","49.9","49.9"
"1108","Malawi","Africa","Y20152017","50.8","50.8"
"1109","Malawi","Africa","Y20162018","52.1","52.1"
"1110","Malawi","Africa","Y20172019","50.6","50.6"
"1111","Malawi","Africa","Y20182020","51.9","51.9"
"1112","Malawi","Africa","Y20192021","53.4","53.4"
"1113","Malawi","Africa","Y20202022","53.8","53.8"
"1114","Mali","Africa","Y20002002","",""
"1115","Mali","Africa","Y20012003","",""
"1116","Mali","Africa","Y20022004","",""
"1117","Mali","Africa","Y20032005","",""
"1118","Mali","Africa","Y20042006","",""
"1119","Mali","Africa","Y20052007","",""
"1120","Mali","Africa","Y20062008","",""
"1121","Mali","Africa","Y20072009","",""
"1122","Mali","Africa","Y20082010","",""
"1123","Mali","Africa","Y20092011","",""
"1124","Mali","Africa","Y20102012","",""
"1125","Mali","Africa","Y20112013","",""
"1126","Mali","Africa","Y20122014","",""
"1127","Mali","Africa","Y20132015","",""
"1128","Mali","Africa","Y20142016","",""
"1129","Mali","Africa","Y20152017","",""
"1130","Mali","Africa","Y20162018","",""
"1131","Mali","Africa","Y20172019","",""
"1132","Mali","Africa","Y20182020","",""
"1133","Mali","Africa","Y20192021","",""
"1134","Mali","Africa","Y20202022","",""
"1135","Malta","Europe","Y20002002","",""
"1136","Malta","Europe","Y20012003","",""
"1137","Malta","Europe","Y20022004","",""
"1138","Malta","Europe","Y20032005","",""
"1139","Malta","Europe","Y20042006","",""
"1140","Malta","Europe","Y20052007","",""
"1141","Malta","Europe","Y20062008","",""
"1142","Malta","Europe","Y20072009","",""
"1143","Malta","Europe","Y20082010","",""
"1144","Malta","Europe","Y20092011","",""
"1145","Malta","Europe","Y20102012","",""
"1146","Malta","Europe","Y20112013","",""
"1147","Malta","Europe","Y20122014","",""
"1148","Malta","Europe","Y20132015","",""
"1149","Malta","Europe","Y20142016","1.8","1.8"
"1150","Malta","Europe","Y20152017","1.7","1.7"
"1151","Malta","Europe","Y20162018","1.4","1.4"
"1152","Malta","Europe","Y20172019","1.1","1.1"
"1153","Malta","Europe","Y20182020","1.3","1.3"
"1154","Malta","Europe","Y20192021","1.8","1.8"
"1155","Malta","Europe","Y20202022","2.3","2.3"
"1156","Mauritania","Africa","Y20002002","",""
"1157","Mauritania","Africa","Y20012003","",""
"1158","Mauritania","Africa","Y20022004","",""
"1159","Mauritania","Africa","Y20032005","",""
"1160","Mauritania","Africa","Y20042006","",""
"1161","Mauritania","Africa","Y20052007","",""
"1162","Mauritania","Africa","Y20062008","",""
"1163","Mauritania","Africa","Y20072009","",""
"1164","Mauritania","Africa","Y20082010","",""
"1165","Mauritania","Africa","Y20092011","",""
"1166","Mauritania","Africa","Y20102012","",""
"1167","Mauritania","Africa","Y20112013","",""
"1168","Mauritania","Africa","Y20122014","",""
"1169","Mauritania","Africa","Y20132015","",""
"1170","Mauritania","Africa","Y20142016","4.9","4.9"
"1171","Mauritania","Africa","Y20152017","5.5","5.5"
"1172","Mauritania","Africa","Y20162018","5.6","5.6"
"1173","Mauritania","Africa","Y20172019","5.6","5.6"
"1174","Mauritania","Africa","Y20182020","6.2","6.2"
"1175","Mauritania","Africa","Y20192021","6.7","6.7"
"1176","Mauritania","Africa","Y20202022","9.6","9.6"
"1177","Mauritius","Africa","Y20002002","",""
"1178","Mauritius","Africa","Y20012003","",""
"1179","Mauritius","Africa","Y20022004","",""
"1180","Mauritius","Africa","Y20032005","",""
"1181","Mauritius","Africa","Y20042006","",""
"1182","Mauritius","Africa","Y20052007","",""
"1183","Mauritius","Africa","Y20062008","",""
"1184","Mauritius","Africa","Y20072009","",""
"1185","Mauritius","Africa","Y20082010","",""
"1186","Mauritius","Africa","Y20092011","",""
"1187","Mauritius","Africa","Y20102012","",""
"1188","Mauritius","Africa","Y20112013","",""
"1189","Mauritius","Africa","Y20122014","",""
"1190","Mauritius","Africa","Y20132015","",""
"1191","Mauritius","Africa","Y20142016","5.9","5.9"
"1192","Mauritius","Africa","Y20152017","6.9","6.9"
"1193","Mauritius","Africa","Y20162018","7.3","7.3"
"1194","Mauritius","Africa","Y20172019","7.7","7.7"
"1195","Mauritius","Africa","Y20182020","10.2","10.2"
"1196","Mauritius","Africa","Y20192021","10.8","10.8"
"1197","Mauritius","Africa","Y20202022","11.5","11.5"
"1198","Montenegro","Europe","Y20002002","",""
"1199","Montenegro","Europe","Y20012003","",""
"1200","Montenegro","Europe","Y20022004","",""
"1201","Montenegro","Europe","Y20032005","",""
"1202","Montenegro","Europe","Y20042006","",""
"1203","Montenegro","Europe","Y20052007","",""
"1204","Montenegro","Europe","Y20062008","",""
"1205","Montenegro","Europe","Y20072009","",""
"1206","Montenegro","Europe","Y20082010","",""
"1207","Montenegro","Europe","Y20092011","",""
"1208","Montenegro","Europe","Y20102012","",""
"1209","Montenegro","Europe","Y20112013","",""
"1210","Montenegro","Europe","Y20122014","",""
"1211","Montenegro","Europe","Y20132015","",""
"1212","Montenegro","Europe","Y20142016","2.2","2.2"
"1213","Montenegro","Europe","Y20152017","2.6","2.6"
"1214","Montenegro","Europe","Y20162018","2.9","2.9"
"1215","Montenegro","Europe","Y20172019","2.6","2.6"
"1216","Montenegro","Europe","Y20182020","2.7","2.7"
"1217","Montenegro","Europe","Y20192021","2.8","2.8"
"1218","Montenegro","Europe","Y20202022","2.8","2.8"
"1219","Morocco","Africa","Y20002002","",""
"1220","Morocco","Africa","Y20012003","",""
"1221","Morocco","Africa","Y20022004","",""
"1222","Morocco","Africa","Y20032005","",""
"1223","Morocco","Africa","Y20042006","",""
"1224","Morocco","Africa","Y20052007","",""
"1225","Morocco","Africa","Y20062008","",""
"1226","Morocco","Africa","Y20072009","",""
"1227","Morocco","Africa","Y20082010","",""
"1228","Morocco","Africa","Y20092011","",""
"1229","Morocco","Africa","Y20102012","",""
"1230","Morocco","Africa","Y20112013","",""
"1231","Morocco","Africa","Y20122014","",""
"1232","Morocco","Africa","Y20132015","",""
"1233","Morocco","Africa","Y20142016","",""
"1234","Morocco","Africa","Y20152017","",""
"1235","Morocco","Africa","Y20162018","",""
"1236","Morocco","Africa","Y20172019","",""
"1237","Morocco","Africa","Y20182020","",""
"1238","Morocco","Africa","Y20192021","",""
"1239","Morocco","Africa","Y20202022","",""
"1240","Mozambique","Africa","Y20002002","",""
"1241","Mozambique","Africa","Y20012003","",""
"1242","Mozambique","Africa","Y20022004","",""
"1243","Mozambique","Africa","Y20032005","",""
"1244","Mozambique","Africa","Y20042006","",""
"1245","Mozambique","Africa","Y20052007","",""
"1246","Mozambique","Africa","Y20062008","",""
"1247","Mozambique","Africa","Y20072009","",""
"1248","Mozambique","Africa","Y20082010","",""
"1249","Mozambique","Africa","Y20092011","",""
"1250","Mozambique","Africa","Y20102012","",""
"1251","Mozambique","Africa","Y20112013","",""
"1252","Mozambique","Africa","Y20122014","",""
"1253","Mozambique","Africa","Y20132015","",""
"1254","Mozambique","Africa","Y20142016","",""
"1255","Mozambique","Africa","Y20152017","",""
"1256","Mozambique","Africa","Y20162018","42.5","42.5"
"1257","Mozambique","Africa","Y20172019","42.3","42.3"
"1258","Mozambique","Africa","Y20182020","42.8","42.8"
"1259","Mozambique","Africa","Y20192021","42","42"
"1260","Mozambique","Africa","Y20202022","40.7","40.7"
"1261","Namibia","Africa","Y20002002","",""
"1262","Namibia","Africa","Y20012003","",""
"1263","Namibia","Africa","Y20022004","",""
"1264","Namibia","Africa","Y20032005","",""
"1265","Namibia","Africa","Y20042006","",""
"1266","Namibia","Africa","Y20052007","",""
"1267","Namibia","Africa","Y20062008","",""
"1268","Namibia","Africa","Y20072009","",""
"1269","Namibia","Africa","Y20082010","",""
"1270","Namibia","Africa","Y20092011","",""
"1271","Namibia","Africa","Y20102012","",""
"1272","Namibia","Africa","Y20112013","",""
"1273","Namibia","Africa","Y20122014","",""
"1274","Namibia","Africa","Y20132015","",""
"1275","Namibia","Africa","Y20142016","30.6","30.6"
"1276","Namibia","Africa","Y20152017","30.4","30.4"
"1277","Namibia","Africa","Y20162018","30.7","30.7"
"1278","Namibia","Africa","Y20172019","31.7","31.7"
"1279","Namibia","Africa","Y20182020","33.2","33.2"
"1280","Namibia","Africa","Y20192021","34.1","34.1"
"1281","Namibia","Africa","Y20202022","34.3","34.3"
"1282","Netherlands (Kingdom of the)","Europe","Y20002002","",""
"1283","Netherlands (Kingdom of the)","Europe","Y20012003","",""
"1284","Netherlands (Kingdom of the)","Europe","Y20022004","",""
"1285","Netherlands (Kingdom of the)","Europe","Y20032005","",""
"1286","Netherlands (Kingdom of the)","Europe","Y20042006","",""
"1287","Netherlands (Kingdom of the)","Europe","Y20052007","",""
"1288","Netherlands (Kingdom of the)","Europe","Y20062008","",""
"1289","Netherlands (Kingdom of the)","Europe","Y20072009","",""
"1290","Netherlands (Kingdom of the)","Europe","Y20082010","",""
"1291","Netherlands (Kingdom of the)","Europe","Y20092011","",""
"1292","Netherlands (Kingdom of the)","Europe","Y20102012","",""
"1293","Netherlands (Kingdom of the)","Europe","Y20112013","",""
"1294","Netherlands (Kingdom of the)","Europe","Y20122014","",""
"1295","Netherlands (Kingdom of the)","Europe","Y20132015","",""
"1296","Netherlands (Kingdom of the)","Europe","Y20142016","1.4","1.4"
"1297","Netherlands (Kingdom of the)","Europe","Y20152017","1.8","1.8"
"1298","Netherlands (Kingdom of the)","Europe","Y20162018","1.7","1.7"
"1299","Netherlands (Kingdom of the)","Europe","Y20172019","2","2"
"1300","Netherlands (Kingdom of the)","Europe","Y20182020","1.5","1.5"
"1301","Netherlands (Kingdom of the)","Europe","Y20192021","1.3","1.3"
"1302","Netherlands (Kingdom of the)","Europe","Y20202022","1.6","1.6"
"1303","Niger","Africa","Y20002002","",""
"1304","Niger","Africa","Y20012003","",""
"1305","Niger","Africa","Y20022004","",""
"1306","Niger","Africa","Y20032005","",""
"1307","Niger","Africa","Y20042006","",""
"1308","Niger","Africa","Y20052007","",""
"1309","Niger","Africa","Y20062008","",""
"1310","Niger","Africa","Y20072009","",""
"1311","Niger","Africa","Y20082010","",""
"1312","Niger","Africa","Y20092011","",""
"1313","Niger","Africa","Y20102012","",""
"1314","Niger","Africa","Y20112013","",""
"1315","Niger","Africa","Y20122014","",""
"1316","Niger","Africa","Y20132015","",""
"1317","Niger","Africa","Y20142016","",""
"1318","Niger","Africa","Y20152017","",""
"1319","Niger","Africa","Y20162018","10.2","10.2"
"1320","Niger","Africa","Y20172019","12.2","12.2"
"1321","Niger","Africa","Y20182020","17.1","17.1"
"1322","Niger","Africa","Y20192021","",""
"1323","Niger","Africa","Y20202022","31.6","31.6"
"1324","Nigeria","Africa","Y20002002","",""
"1325","Nigeria","Africa","Y20012003","",""
"1326","Nigeria","Africa","Y20022004","",""
"1327","Nigeria","Africa","Y20032005","",""
"1328","Nigeria","Africa","Y20042006","",""
"1329","Nigeria","Africa","Y20052007","",""
"1330","Nigeria","Africa","Y20062008","",""
"1331","Nigeria","Africa","Y20072009","",""
"1332","Nigeria","Africa","Y20082010","",""
"1333","Nigeria","Africa","Y20092011","",""
"1334","Nigeria","Africa","Y20102012","",""
"1335","Nigeria","Africa","Y20112013","",""
"1336","Nigeria","Africa","Y20122014","",""
"1337","Nigeria","Africa","Y20132015","",""
"1338","Nigeria","Africa","Y20142016","10","10"
"1339","Nigeria","Africa","Y20152017","10.7","10.7"
"1340","Nigeria","Africa","Y20162018","12.5","12.5"
"1341","Nigeria","Africa","Y20172019","14.8","14.8"
"1342","Nigeria","Africa","Y20182020","17.8","17.8"
"1343","Nigeria","Africa","Y20192021","20","20"
"1344","Nigeria","Africa","Y20202022","21.5","21.5"
"1345","North Macedonia","Europe","Y20002002","",""
"1346","North Macedonia","Europe","Y20012003","",""
"1347","North Macedonia","Europe","Y20022004","",""
"1348","North Macedonia","Europe","Y20032005","",""
"1349","North Macedonia","Europe","Y20042006","",""
"1350","North Macedonia","Europe","Y20052007","",""
"1351","North Macedonia","Europe","Y20062008","",""
"1352","North Macedonia","Europe","Y20072009","",""
"1353","North Macedonia","Europe","Y20082010","",""
"1354","North Macedonia","Europe","Y20092011","",""
"1355","North Macedonia","Europe","Y20102012","",""
"1356","North Macedonia","Europe","Y20112013","",""
"1357","North Macedonia","Europe","Y20122014","",""
"1358","North Macedonia","Europe","Y20132015","",""
"1359","North Macedonia","Europe","Y20142016","3.7","3.7"
"1360","North Macedonia","Europe","Y20152017","3.4","3.4"
"1361","North Macedonia","Europe","Y20162018","3","3"
"1362","North Macedonia","Europe","Y20172019","3.4","3.4"
"1363","North Macedonia","Europe","Y20182020","4.9","4.9"
"1364","North Macedonia","Europe","Y20192021","6.3","6.3"
"1365","North Macedonia","Europe","Y20202022","7.3","7.3"
"1366","Norway","Europe","Y20002002","",""
"1367","Norway","Europe","Y20012003","",""
"1368","Norway","Europe","Y20022004","",""
"1369","Norway","Europe","Y20032005","",""
"1370","Norway","Europe","Y20042006","",""
"1371","Norway","Europe","Y20052007","",""
"1372","Norway","Europe","Y20062008","",""
"1373","Norway","Europe","Y20072009","",""
"1374","Norway","Europe","Y20082010","",""
"1375","Norway","Europe","Y20092011","",""
"1376","Norway","Europe","Y20102012","",""
"1377","Norway","Europe","Y20112013","",""
"1378","Norway","Europe","Y20122014","",""
"1379","Norway","Europe","Y20132015","",""
"1380","Norway","Europe","Y20142016","1.3","1.3"
"1381","Norway","Europe","Y20152017","1.3","1.3"
"1382","Norway","Europe","Y20162018","1.1","1.1"
"1383","Norway","Europe","Y20172019","1.2","1.2"
"1384","Norway","Europe","Y20182020","0.7","0.7"
"1385","Norway","Europe","Y20192021","0.8","0.8"
"1386","Norway","Europe","Y20202022","0.7","0.7"
"1387","Poland","Europe","Y20002002","",""
"1388","Poland","Europe","Y20012003","",""
"1389","Poland","Europe","Y20022004","",""
"1390","Poland","Europe","Y20032005","",""
"1391","Poland","Europe","Y20042006","",""
"1392","Poland","Europe","Y20052007","",""
"1393","Poland","Europe","Y20062008","",""
"1394","Poland","Europe","Y20072009","",""
"1395","Poland","Europe","Y20082010","",""
"1396","Poland","Europe","Y20092011","",""
"1397","Poland","Europe","Y20102012","",""
"1398","Poland","Europe","Y20112013","",""
"1399","Poland","Europe","Y20122014","",""
"1400","Poland","Europe","Y20132015","",""
"1401","Poland","Europe","Y20142016","1.9","1.9"
"1402","Poland","Europe","Y20152017","1.4","1.4"
"1403","Poland","Europe","Y20162018","0.8","0.8"
"1404","Poland","Europe","Y20172019","<0.5","<0.5"
"1405","Poland","Europe","Y20182020","<0.5","<0.5"
"1406","Poland","Europe","Y20192021","1","1"
"1407","Poland","Europe","Y20202022","1.1","1.1"
"1408","Portugal","Europe","Y20002002","",""
"1409","Portugal","Europe","Y20012003","",""
"1410","Portugal","Europe","Y20022004","",""
"1411","Portugal","Europe","Y20032005","",""
"1412","Portugal","Europe","Y20042006","",""
"1413","Portugal","Europe","Y20052007","",""
"1414","Portugal","Europe","Y20062008","",""
"1415","Portugal","Europe","Y20072009","",""
"1416","Portugal","Europe","Y20082010","",""
"1417","Portugal","Europe","Y20092011","",""
"1418","Portugal","Europe","Y20102012","",""
"1419","Portugal","Europe","Y20112013","",""
"1420","Portugal","Europe","Y20122014","",""
"1421","Portugal","Europe","Y20132015","",""
"1422","Portugal","Europe","Y20142016","4.4","4.4"
"1423","Portugal","Europe","Y20152017","3.9","3.9"
"1424","Portugal","Europe","Y20162018","3.5","3.5"
"1425","Portugal","Europe","Y20172019","3.3","3.3"
"1426","Portugal","Europe","Y20182020","2.9","2.9"
"1427","Portugal","Europe","Y20192021","2.9","2.9"
"1428","Portugal","Europe","Y20202022","3.5","3.5"
"1429","Republic of Moldova","Europe","Y20002002","",""
"1430","Republic of Moldova","Europe","Y20012003","",""
"1431","Republic of Moldova","Europe","Y20022004","",""
"1432","Republic of Moldova","Europe","Y20032005","",""
"1433","Republic of Moldova","Europe","Y20042006","",""
"1434","Republic of Moldova","Europe","Y20052007","",""
"1435","Republic of Moldova","Europe","Y20062008","",""
"1436","Republic of Moldova","Europe","Y20072009","",""
"1437","Republic of Moldova","Europe","Y20082010","",""
"1438","Republic of Moldova","Europe","Y20092011","",""
"1439","Republic of Moldova","Europe","Y20102012","",""
"1440","Republic of Moldova","Europe","Y20112013","",""
"1441","Republic of Moldova","Europe","Y20122014","",""
"1442","Republic of Moldova","Europe","Y20132015","",""
"1443","Republic of Moldova","Europe","Y20142016","1.6","1.6"
"1444","Republic of Moldova","Europe","Y20152017","2.3","2.3"
"1445","Republic of Moldova","Europe","Y20162018","2.8","2.8"
"1446","Republic of Moldova","Europe","Y20172019","4.5","4.5"
"1447","Republic of Moldova","Europe","Y20182020","4.6","4.6"
"1448","Republic of Moldova","Europe","Y20192021","5.3","5.3"
"1449","Republic of Moldova","Europe","Y20202022","5.1","5.1"
"1450","Romania","Europe","Y20002002","",""
"1451","Romania","Europe","Y20012003","",""
"1452","Romania","Europe","Y20022004","",""
"1453","Romania","Europe","Y20032005","",""
"1454","Romania","Europe","Y20042006","",""
"1455","Romania","Europe","Y20052007","",""
"1456","Romania","Europe","Y20062008","",""
"1457","Romania","Europe","Y20072009","",""
"1458","Romania","Europe","Y20082010","",""
"1459","Romania","Europe","Y20092011","",""
"1460","Romania","Europe","Y20102012","",""
"1461","Romania","Europe","Y20112013","",""
"1462","Romania","Europe","Y20122014","",""
"1463","Romania","Europe","Y20132015","",""
"1464","Romania","Europe","Y20142016","6.9","6.9"
"1465","Romania","Europe","Y20152017","5.9","5.9"
"1466","Romania","Europe","Y20162018","4.8","4.8"
"1467","Romania","Europe","Y20172019","3.7","3.7"
"1468","Romania","Europe","Y20182020","3.4","3.4"
"1469","Romania","Europe","Y20192021","3.2","3.2"
"1470","Romania","Europe","Y20202022","6","6"
"1471","Russian Federation","Europe","Y20002002","",""
"1472","Russian Federation","Europe","Y20012003","",""
"1473","Russian Federation","Europe","Y20022004","",""
"1474","Russian Federation","Europe","Y20032005","",""
"1475","Russian Federation","Europe","Y20042006","",""
"1476","Russian Federation","Europe","Y20052007","",""
"1477","Russian Federation","Europe","Y20062008","",""
"1478","Russian Federation","Europe","Y20072009","",""
"1479","Russian Federation","Europe","Y20082010","",""
"1480","Russian Federation","Europe","Y20092011","",""
"1481","Russian Federation","Europe","Y20102012","",""
"1482","Russian Federation","Europe","Y20112013","",""
"1483","Russian Federation","Europe","Y20122014","",""
"1484","Russian Federation","Europe","Y20132015","",""
"1485","Russian Federation","Europe","Y20142016","0.8","0.8"
"1486","Russian Federation","Europe","Y20152017","0.8","0.8"
"1487","Russian Federation","Europe","Y20162018","0.5","0.5"
"1488","Russian Federation","Europe","Y20172019","<0.5","<0.5"
"1489","Russian Federation","Europe","Y20182020","<0.5","<0.5"
"1490","Russian Federation","Europe","Y20192021","<0.5","<0.5"
"1491","Russian Federation","Europe","Y20202022","<0.5","<0.5"
"1492","Rwanda","Africa","Y20002002","",""
"1493","Rwanda","Africa","Y20012003","",""
"1494","Rwanda","Africa","Y20022004","",""
"1495","Rwanda","Africa","Y20032005","",""
"1496","Rwanda","Africa","Y20042006","",""
"1497","Rwanda","Africa","Y20052007","",""
"1498","Rwanda","Africa","Y20062008","",""
"1499","Rwanda","Africa","Y20072009","",""
"1500","Rwanda","Africa","Y20082010","",""
"1501","Rwanda","Africa","Y20092011","",""
"1502","Rwanda","Africa","Y20102012","",""
"1503","Rwanda","Africa","Y20112013","",""
"1504","Rwanda","Africa","Y20122014","",""
"1505","Rwanda","Africa","Y20132015","",""
"1506","Rwanda","Africa","Y20142016","",""
"1507","Rwanda","Africa","Y20152017","",""
"1508","Rwanda","Africa","Y20162018","",""
"1509","Rwanda","Africa","Y20172019","",""
"1510","Rwanda","Africa","Y20182020","",""
"1511","Rwanda","Africa","Y20192021","",""
"1512","Rwanda","Africa","Y20202022","",""
"1513","Sao Tome and Principe","Africa","Y20002002","",""
"1514","Sao Tome and Principe","Africa","Y20012003","",""
"1515","Sao Tome and Principe","Africa","Y20022004","",""
"1516","Sao Tome and Principe","Africa","Y20032005","",""
"1517","Sao Tome and Principe","Africa","Y20042006","",""
"1518","Sao Tome and Principe","Africa","Y20052007","",""
"1519","Sao Tome and Principe","Africa","Y20062008","",""
"1520","Sao Tome and Principe","Africa","Y20072009","",""
"1521","Sao Tome and Principe","Africa","Y20082010","",""
"1522","Sao Tome and Principe","Africa","Y20092011","",""
"1523","Sao Tome and Principe","Africa","Y20102012","",""
"1524","Sao Tome and Principe","Africa","Y20112013","",""
"1525","Sao Tome and Principe","Africa","Y20122014","",""
"1526","Sao Tome and Principe","Africa","Y20132015","",""
"1527","Sao Tome and Principe","Africa","Y20142016","",""
"1528","Sao Tome and Principe","Africa","Y20152017","",""
"1529","Sao Tome and Principe","Africa","Y20162018","",""
"1530","Sao Tome and Principe","Africa","Y20172019","",""
"1531","Sao Tome and Principe","Africa","Y20182020","",""
"1532","Sao Tome and Principe","Africa","Y20192021","14.4","14.4"
"1533","Sao Tome and Principe","Africa","Y20202022","14.4","14.4"
"1534","Senegal","Africa","Y20002002","",""
"1535","Senegal","Africa","Y20012003","",""
"1536","Senegal","Africa","Y20022004","",""
"1537","Senegal","Africa","Y20032005","",""
"1538","Senegal","Africa","Y20042006","",""
"1539","Senegal","Africa","Y20052007","",""
"1540","Senegal","Africa","Y20062008","",""
"1541","Senegal","Africa","Y20072009","",""
"1542","Senegal","Africa","Y20082010","",""
"1543","Senegal","Africa","Y20092011","",""
"1544","Senegal","Africa","Y20102012","",""
"1545","Senegal","Africa","Y20112013","",""
"1546","Senegal","Africa","Y20122014","",""
"1547","Senegal","Africa","Y20132015","",""
"1548","Senegal","Africa","Y20142016","6.9","6.9"
"1549","Senegal","Africa","Y20152017","6.6","6.6"
"1550","Senegal","Africa","Y20162018","6.5","6.5"
"1551","Senegal","Africa","Y20172019","8","8"
"1552","Senegal","Africa","Y20182020","9.2","9.2"
"1553","Senegal","Africa","Y20192021","10.3","10.3"
"1554","Senegal","Africa","Y20202022","10.9","10.9"
"1555","Serbia","Europe","Y20002002","",""
"1556","Serbia","Europe","Y20012003","",""
"1557","Serbia","Europe","Y20022004","",""
"1558","Serbia","Europe","Y20032005","",""
"1559","Serbia","Europe","Y20042006","",""
"1560","Serbia","Europe","Y20052007","",""
"1561","Serbia","Europe","Y20062008","",""
"1562","Serbia","Europe","Y20072009","",""
"1563","Serbia","Europe","Y20082010","",""
"1564","Serbia","Europe","Y20092011","",""
"1565","Serbia","Europe","Y20102012","",""
"1566","Serbia","Europe","Y20112013","",""
"1567","Serbia","Europe","Y20122014","",""
"1568","Serbia","Europe","Y20132015","",""
"1569","Serbia","Europe","Y20142016","1.6","1.6"
"1570","Serbia","Europe","Y20152017","2.4","2.4"
"1571","Serbia","Europe","Y20162018","2.3","2.3"
"1572","Serbia","Europe","Y20172019","2.3","2.3"
"1573","Serbia","Europe","Y20182020","2.4","2.4"
"1574","Serbia","Europe","Y20192021","4","4"
"1575","Serbia","Europe","Y20202022","4.3","4.3"
"1576","Seychelles","Africa","Y20002002","",""
"1577","Seychelles","Africa","Y20012003","",""
"1578","Seychelles","Africa","Y20022004","",""
"1579","Seychelles","Africa","Y20032005","",""
"1580","Seychelles","Africa","Y20042006","",""
"1581","Seychelles","Africa","Y20052007","",""
"1582","Seychelles","Africa","Y20062008","",""
"1583","Seychelles","Africa","Y20072009","",""
"1584","Seychelles","Africa","Y20082010","",""
"1585","Seychelles","Africa","Y20092011","",""
"1586","Seychelles","Africa","Y20102012","",""
"1587","Seychelles","Africa","Y20112013","",""
"1588","Seychelles","Africa","Y20122014","",""
"1589","Seychelles","Africa","Y20132015","",""
"1590","Seychelles","Africa","Y20142016","3.2","3.2"
"1591","Seychelles","Africa","Y20152017","3.2","3.2"
"1592","Seychelles","Africa","Y20162018","3.2","3.2"
"1593","Seychelles","Africa","Y20172019","",""
"1594","Seychelles","Africa","Y20182020","",""
"1595","Seychelles","Africa","Y20192021","",""
"1596","Seychelles","Africa","Y20202022","3.3","3.3"
"1597","Sierra Leone","Africa","Y20002002","",""
"1598","Sierra Leone","Africa","Y20012003","",""
"1599","Sierra Leone","Africa","Y20022004","",""
"1600","Sierra Leone","Africa","Y20032005","",""
"1601","Sierra Leone","Africa","Y20042006","",""
"1602","Sierra Leone","Africa","Y20052007","",""
"1603","Sierra Leone","Africa","Y20062008","",""
"1604","Sierra Leone","Africa","Y20072009","",""
"1605","Sierra Leone","Africa","Y20082010","",""
"1606","Sierra Leone","Africa","Y20092011","",""
"1607","Sierra Leone","Africa","Y20102012","",""
"1608","Sierra Leone","Africa","Y20112013","",""
"1609","Sierra Leone","Africa","Y20122014","",""
"1610","Sierra Leone","Africa","Y20132015","",""
"1611","Sierra Leone","Africa","Y20142016","27.5","27.5"
"1612","Sierra Leone","Africa","Y20152017","32.8","32.8"
"1613","Sierra Leone","Africa","Y20162018","33.4","33.4"
"1614","Sierra Leone","Africa","Y20172019","33.2","33.2"
"1615","Sierra Leone","Africa","Y20182020","32.7","32.7"
"1616","Sierra Leone","Africa","Y20192021","31.7","31.7"
"1617","Sierra Leone","Africa","Y20202022","31.7","31.7"
"1618","Slovakia","Europe","Y20002002","",""
"1619","Slovakia","Europe","Y20012003","",""
"1620","Slovakia","Europe","Y20022004","",""
"1621","Slovakia","Europe","Y20032005","",""
"1622","Slovakia","Europe","Y20042006","",""
"1623","Slovakia","Europe","Y20052007","",""
"1624","Slovakia","Europe","Y20062008","",""
"1625","Slovakia","Europe","Y20072009","",""
"1626","Slovakia","Europe","Y20082010","",""
"1627","Slovakia","Europe","Y20092011","",""
"1628","Slovakia","Europe","Y20102012","",""
"1629","Slovakia","Europe","Y20112013","",""
"1630","Slovakia","Europe","Y20122014","",""
"1631","Slovakia","Europe","Y20132015","",""
"1632","Slovakia","Europe","Y20142016","1.1","1.1"
"1633","Slovakia","Europe","Y20152017","1.1","1.1"
"1634","Slovakia","Europe","Y20162018","1.1","1.1"
"1635","Slovakia","Europe","Y20172019","0.8","0.8"
"1636","Slovakia","Europe","Y20182020","1.2","1.2"
"1637","Slovakia","Europe","Y20192021","1.8","1.8"
"1638","Slovakia","Europe","Y20202022","2.2","2.2"
"1639","Slovenia","Europe","Y20002002","",""
"1640","Slovenia","Europe","Y20012003","",""
"1641","Slovenia","Europe","Y20022004","",""
"1642","Slovenia","Europe","Y20032005","",""
"1643","Slovenia","Europe","Y20042006","",""
"1644","Slovenia","Europe","Y20052007","",""
"1645","Slovenia","Europe","Y20062008","",""
"1646","Slovenia","Europe","Y20072009","",""
"1647","Slovenia","Europe","Y20082010","",""
"1648","Slovenia","Europe","Y20092011","",""
"1649","Slovenia","Europe","Y20102012","",""
"1650","Slovenia","Europe","Y20112013","",""
"1651","Slovenia","Europe","Y20122014","",""
"1652","Slovenia","Europe","Y20132015","",""
"1653","Slovenia","Europe","Y20142016","1","1"
"1654","Slovenia","Europe","Y20152017","0.9","0.9"
"1655","Slovenia","Europe","Y20162018","0.7","0.7"
"1656","Slovenia","Europe","Y20172019","<0.5","<0.5"
"1657","Slovenia","Europe","Y20182020","<0.5","<0.5"
"1658","Slovenia","Europe","Y20192021","0.9","0.9"
"1659","Slovenia","Europe","Y20202022","1.4","1.4"
"1660","Somalia","Africa","Y20002002","",""
"1661","Somalia","Africa","Y20012003","",""
"1662","Somalia","Africa","Y20022004","",""
"1663","Somalia","Africa","Y20032005","",""
"1664","Somalia","Africa","Y20042006","",""
"1665","Somalia","Africa","Y20052007","",""
"1666","Somalia","Africa","Y20062008","",""
"1667","Somalia","Africa","Y20072009","",""
"1668","Somalia","Africa","Y20082010","",""
"1669","Somalia","Africa","Y20092011","",""
"1670","Somalia","Africa","Y20102012","",""
"1671","Somalia","Africa","Y20112013","",""
"1672","Somalia","Africa","Y20122014","",""
"1673","Somalia","Africa","Y20132015","",""
"1674","Somalia","Africa","Y20142016","",""
"1675","Somalia","Africa","Y20152017","",""
"1676","Somalia","Africa","Y20162018","",""
"1677","Somalia","Africa","Y20172019","",""
"1678","Somalia","Africa","Y20182020","",""
"1679","Somalia","Africa","Y20192021","41.7","41.7"
"1680","Somalia","Africa","Y20202022","43.4","43.4"
"1681","South Africa","Africa","Y20002002","",""
"1682","South Africa","Africa","Y20012003","",""
"1683","South Africa","Africa","Y20022004","",""
"1684","South Africa","Africa","Y20032005","",""
"1685","South Africa","Africa","Y20042006","",""
"1686","South Africa","Africa","Y20052007","",""
"1687","South Africa","Africa","Y20062008","",""
"1688","South Africa","Africa","Y20072009","",""
"1689","South Africa","Africa","Y20082010","",""
"1690","South Africa","Africa","Y20092011","",""
"1691","South Africa","Africa","Y20102012","",""
"1692","South Africa","Africa","Y20112013","",""
"1693","South Africa","Africa","Y20122014","",""
"1694","South Africa","Africa","Y20132015","",""
"1695","South Africa","Africa","Y20142016","",""
"1696","South Africa","Africa","Y20152017","",""
"1697","South Africa","Africa","Y20162018","",""
"1698","South Africa","Africa","Y20172019","7.8","7.8"
"1699","South Africa","Africa","Y20182020","8.4","8.4"
"1700","South Africa","Africa","Y20192021","8.9","8.9"
"1701","South Africa","Africa","Y20202022","9.7","9.7"
"1702","South Sudan","Africa","Y20002002","",""
"1703","South Sudan","Africa","Y20012003","",""
"1704","South Sudan","Africa","Y20022004","",""
"1705","South Sudan","Africa","Y20032005","",""
"1706","South Sudan","Africa","Y20042006","",""
"1707","South Sudan","Africa","Y20052007","",""
"1708","South Sudan","Africa","Y20062008","",""
"1709","South Sudan","Africa","Y20072009","",""
"1710","South Sudan","Africa","Y20082010","",""
"1711","South Sudan","Africa","Y20092011","",""
"1712","South Sudan","Africa","Y20102012","",""
"1713","South Sudan","Africa","Y20112013","",""
"1714","South Sudan","Africa","Y20122014","",""
"1715","South Sudan","Africa","Y20132015","",""
"1716","South Sudan","Africa","Y20142016","",""
"1717","South Sudan","Africa","Y20152017","",""
"1718","South Sudan","Africa","Y20162018","65.4","65.4"
"1719","South Sudan","Africa","Y20172019","63.7","63.7"
"1720","South Sudan","Africa","Y20182020","63","63"
"1721","South Sudan","Africa","Y20192021","62.3","62.3"
"1722","South Sudan","Africa","Y20202022","63.2","63.2"
"1723","Spain","Europe","Y20002002","",""
"1724","Spain","Europe","Y20012003","",""
"1725","Spain","Europe","Y20022004","",""
"1726","Spain","Europe","Y20032005","",""
"1727","Spain","Europe","Y20042006","",""
"1728","Spain","Europe","Y20052007","",""
"1729","Spain","Europe","Y20062008","",""
"1730","Spain","Europe","Y20072009","",""
"1731","Spain","Europe","Y20082010","",""
"1732","Spain","Europe","Y20092011","",""
"1733","Spain","Europe","Y20102012","",""
"1734","Spain","Europe","Y20112013","",""
"1735","Spain","Europe","Y20122014","",""
"1736","Spain","Europe","Y20132015","",""
"1737","Spain","Europe","Y20142016","1.1","1.1"
"1738","Spain","Europe","Y20152017","1.4","1.4"
"1739","Spain","Europe","Y20162018","1.6","1.6"
"1740","Spain","Europe","Y20172019","2.2","2.2"
"1741","Spain","Europe","Y20182020","1.9","1.9"
"1742","Spain","Europe","Y20192021","2","2"
"1743","Spain","Europe","Y20202022","1.8","1.8"
"1744","Sudan","Africa","Y20002002","",""
"1745","Sudan","Africa","Y20012003","",""
"1746","Sudan","Africa","Y20022004","",""
"1747","Sudan","Africa","Y20032005","",""
"1748","Sudan","Africa","Y20042006","",""
"1749","Sudan","Africa","Y20052007","",""
"1750","Sudan","Africa","Y20062008","",""
"1751","Sudan","Africa","Y20072009","",""
"1752","Sudan","Africa","Y20082010","",""
"1753","Sudan","Africa","Y20092011","",""
"1754","Sudan","Africa","Y20102012","",""
"1755","Sudan","Africa","Y20112013","",""
"1756","Sudan","Africa","Y20122014","",""
"1757","Sudan","Africa","Y20132015","",""
"1758","Sudan","Africa","Y20142016","13.4","13.4"
"1759","Sudan","Africa","Y20152017","14.5","14.5"
"1760","Sudan","Africa","Y20162018","15.4","15.4"
"1761","Sudan","Africa","Y20172019","16.4","16.4"
"1762","Sudan","Africa","Y20182020","16.8","16.8"
"1763","Sudan","Africa","Y20192021","17.4","17.4"
"1764","Sudan","Africa","Y20202022","18.1","18.1"
"1765","Sweden","Europe","Y20002002","",""
"1766","Sweden","Europe","Y20012003","",""
"1767","Sweden","Europe","Y20022004","",""
"1768","Sweden","Europe","Y20032005","",""
"1769","Sweden","Europe","Y20042006","",""
"1770","Sweden","Europe","Y20052007","",""
"1771","Sweden","Europe","Y20062008","",""
"1772","Sweden","Europe","Y20072009","",""
"1773","Sweden","Europe","Y20082010","",""
"1774","Sweden","Europe","Y20092011","",""
"1775","Sweden","Europe","Y20102012","",""
"1776","Sweden","Europe","Y20112013","",""
"1777","Sweden","Europe","Y20122014","",""
"1778","Sweden","Europe","Y20132015","",""
"1779","Sweden","Europe","Y20142016","0.7","0.7"
"1780","Sweden","Europe","Y20152017","0.9","0.9"
"1781","Sweden","Europe","Y20162018","0.7","0.7"
"1782","Sweden","Europe","Y20172019","0.8","0.8"
"1783","Sweden","Europe","Y20182020","1.2","1.2"
"1784","Sweden","Europe","Y20192021","1.3","1.3"
"1785","Sweden","Europe","Y20202022","1.3","1.3"
"1786","Switzerland","Europe","Y20002002","",""
"1787","Switzerland","Europe","Y20012003","",""
"1788","Switzerland","Europe","Y20022004","",""
"1789","Switzerland","Europe","Y20032005","",""
"1790","Switzerland","Europe","Y20042006","",""
"1791","Switzerland","Europe","Y20052007","",""
"1792","Switzerland","Europe","Y20062008","",""
"1793","Switzerland","Europe","Y20072009","",""
"1794","Switzerland","Europe","Y20082010","",""
"1795","Switzerland","Europe","Y20092011","",""
"1796","Switzerland","Europe","Y20102012","",""
"1797","Switzerland","Europe","Y20112013","",""
"1798","Switzerland","Europe","Y20122014","",""
"1799","Switzerland","Europe","Y20132015","",""
"1800","Switzerland","Europe","Y20142016","1.5","1.5"
"1801","Switzerland","Europe","Y20152017","1.1","1.1"
"1802","Switzerland","Europe","Y20162018","0.5","0.5"
"1803","Switzerland","Europe","Y20172019","<0.5","<0.5"
"1804","Switzerland","Europe","Y20182020","<0.5","<0.5"
"1805","Switzerland","Europe","Y20192021","<0.5","<0.5"
"1806","Switzerland","Europe","Y20202022","0.6","0.6"
"1807","Togo","Africa","Y20002002","",""
"1808","Togo","Africa","Y20012003","",""
"1809","Togo","Africa","Y20022004","",""
"1810","Togo","Africa","Y20032005","",""
"1811","Togo","Africa","Y20042006","",""
"1812","Togo","Africa","Y20052007","",""
"1813","Togo","Africa","Y20062008","",""
"1814","Togo","Africa","Y20072009","",""
"1815","Togo","Africa","Y20082010","",""
"1816","Togo","Africa","Y20092011","",""
"1817","Togo","Africa","Y20102012","",""
"1818","Togo","Africa","Y20112013","",""
"1819","Togo","Africa","Y20122014","",""
"1820","Togo","Africa","Y20132015","",""
"1821","Togo","Africa","Y20142016","14.5","14.5"
"1822","Togo","Africa","Y20152017","14.7","14.7"
"1823","Togo","Africa","Y20162018","14.2","14.2"
"1824","Togo","Africa","Y20172019","15.2","15.2"
"1825","Togo","Africa","Y20182020","15.5","15.5"
"1826","Togo","Africa","Y20192021","16.9","16.9"
"1827","Togo","Africa","Y20202022","17.7","17.7"
"1828","Tunisia","Africa","Y20002002","",""
"1829","Tunisia","Africa","Y20012003","",""
"1830","Tunisia","Africa","Y20022004","",""
"1831","Tunisia","Africa","Y20032005","",""
"1832","Tunisia","Africa","Y20042006","",""
"1833","Tunisia","Africa","Y20052007","",""
"1834","Tunisia","Africa","Y20062008","",""
"1835","Tunisia","Africa","Y20072009","",""
"1836","Tunisia","Africa","Y20082010","",""
"1837","Tunisia","Africa","Y20092011","",""
"1838","Tunisia","Africa","Y20102012","",""
"1839","Tunisia","Africa","Y20112013","",""
"1840","Tunisia","Africa","Y20122014","",""
"1841","Tunisia","Africa","Y20132015","",""
"1842","Tunisia","Africa","Y20142016","9.5","9.5"
"1843","Tunisia","Africa","Y20152017","9.5","9.5"
"1844","Tunisia","Africa","Y20162018","9.5","9.5"
"1845","Tunisia","Africa","Y20172019","10.1","10.1"
"1846","Tunisia","Africa","Y20182020","11.4","11.4"
"1847","Tunisia","Africa","Y20192021","12.5","12.5"
"1848","Tunisia","Africa","Y20202022","11.9","11.9"
"1849","Uganda","Africa","Y20002002","",""
"1850","Uganda","Africa","Y20012003","",""
"1851","Uganda","Africa","Y20022004","",""
"1852","Uganda","Africa","Y20032005","",""
"1853","Uganda","Africa","Y20042006","",""
"1854","Uganda","Africa","Y20052007","",""
"1855","Uganda","Africa","Y20062008","",""
"1856","Uganda","Africa","Y20072009","",""
"1857","Uganda","Africa","Y20082010","",""
"1858","Uganda","Africa","Y20092011","",""
"1859","Uganda","Africa","Y20102012","",""
"1860","Uganda","Africa","Y20112013","",""
"1861","Uganda","Africa","Y20122014","",""
"1862","Uganda","Africa","Y20132015","",""
"1863","Uganda","Africa","Y20142016","20.5","20.5"
"1864","Uganda","Africa","Y20152017","22.9","22.9"
"1865","Uganda","Africa","Y20162018","24.4","24.4"
"1866","Uganda","Africa","Y20172019","23.7","23.7"
"1867","Uganda","Africa","Y20182020","22.3","22.3"
"1868","Uganda","Africa","Y20192021","22.2","22.2"
"1869","Uganda","Africa","Y20202022","24.3","24.3"
"1870","Ukraine","Europe","Y20002002","",""
"1871","Ukraine","Europe","Y20012003","",""
"1872","Ukraine","Europe","Y20022004","",""
"1873","Ukraine","Europe","Y20032005","",""
"1874","Ukraine","Europe","Y20042006","",""
"1875","Ukraine","Europe","Y20052007","",""
"1876","Ukraine","Europe","Y20062008","",""
"1877","Ukraine","Europe","Y20072009","",""
"1878","Ukraine","Europe","Y20082010","",""
"1879","Ukraine","Europe","Y20092011","",""
"1880","Ukraine","Europe","Y20102012","",""
"1881","Ukraine","Europe","Y20112013","",""
"1882","Ukraine","Europe","Y20122014","",""
"1883","Ukraine","Europe","Y20132015","",""
"1884","Ukraine","Europe","Y20142016","2.4","2.4"
"1885","Ukraine","Europe","Y20152017","2.6","2.6"
"1886","Ukraine","Europe","Y20162018","2.2","2.2"
"1887","Ukraine","Europe","Y20172019","2","2"
"1888","Ukraine","Europe","Y20182020","2.5","2.5"
"1889","Ukraine","Europe","Y20192021","2.9","2.9"
"1890","Ukraine","Europe","Y20202022","4","4"
"1891","United Kingdom of Great Britain and Northern Ireland","Europe","Y20002002","",""
"1892","United Kingdom of Great Britain and Northern Ireland","Europe","Y20012003","",""
"1893","United Kingdom of Great Britain and Northern Ireland","Europe","Y20022004","",""
"1894","United Kingdom of Great Britain and Northern Ireland","Europe","Y20032005","",""
"1895","United Kingdom of Great Britain and Northern Ireland","Europe","Y20042006","",""
"1896","United Kingdom of Great Britain and Northern Ireland","Europe","Y20052007","",""
"1897","United Kingdom of Great Britain and Northern Ireland","Europe","Y20062008","",""
"1898","United Kingdom of Great Britain and Northern Ireland","Europe","Y20072009","",""
"1899","United Kingdom of Great Britain and Northern Ireland","Europe","Y20082010","",""
"1900","United Kingdom of Great Britain and Northern Ireland","Europe","Y20092011","",""
"1901","United Kingdom of Great Britain and Northern Ireland","Europe","Y20102012","",""
"1902","United Kingdom of Great Britain and Northern Ireland","Europe","Y20112013","",""
"1903","United Kingdom of Great Britain and Northern Ireland","Europe","Y20122014","",""
"1904","United Kingdom of Great Britain and Northern Ireland","Europe","Y20132015","",""
"1905","United Kingdom of Great Britain and Northern Ireland","Europe","Y20142016","2.9","2.9"
"1906","United Kingdom of Great Britain and Northern Ireland","Europe","Y20152017","2.5","2.5"
"1907","United Kingdom of Great Britain and Northern Ireland","Europe","Y20162018","1.7","1.7"
"1908","United Kingdom of Great Britain and Northern Ireland","Europe","Y20172019","0.8","0.8"
"1909","United Kingdom of Great Britain and Northern Ireland","Europe","Y20182020","0.6","0.6"
"1910","United Kingdom of Great Britain and Northern Ireland","Europe","Y20192021","1.2","1.2"
"1911","United Kingdom of Great Britain and Northern Ireland","Europe","Y20202022","1.9","1.9"
"1912","United Republic of Tanzania","Africa","Y20002002","",""
"1913","United Republic of Tanzania","Africa","Y20012003","",""
"1914","United Republic of Tanzania","Africa","Y20022004","",""
"1915","United Republic of Tanzania","Africa","Y20032005","",""
"1916","United Republic of Tanzania","Africa","Y20042006","",""
"1917","United Republic of Tanzania","Africa","Y20052007","",""
"1918","United Republic of Tanzania","Africa","Y20062008","",""
"1919","United Republic of Tanzania","Africa","Y20072009","",""
"1920","United Republic of Tanzania","Africa","Y20082010","",""
"1921","United Republic of Tanzania","Africa","Y20092011","",""
"1922","United Republic of Tanzania","Africa","Y20102012","",""
"1923","United Republic of Tanzania","Africa","Y20112013","",""
"1924","United Republic of Tanzania","Africa","Y20122014","",""
"1925","United Republic of Tanzania","Africa","Y20132015","",""
"1926","United Republic of Tanzania","Africa","Y20142016","22.3","22.3"
"1927","United Republic of Tanzania","Africa","Y20152017","26.2","26.2"
"1928","United Republic of Tanzania","Africa","Y20162018","26.6","26.6"
"1929","United Republic of Tanzania","Africa","Y20172019","25.5","25.5"
"1930","United Republic of Tanzania","Africa","Y20182020","24.8","24.8"
"1931","United Republic of Tanzania","Africa","Y20192021","25.8","25.8"
"1932","United Republic of Tanzania","Africa","Y20202022","26.4","26.4"
"1933","Zambia","Africa","Y20002002","",""
"1934","Zambia","Africa","Y20012003","",""
"1935","Zambia","Africa","Y20022004","",""
"1936","Zambia","Africa","Y20032005","",""
"1937","Zambia","Africa","Y20042006","",""
"1938","Zambia","Africa","Y20052007","",""
"1939","Zambia","Africa","Y20062008","",""
"1940","Zambia","Africa","Y20072009","",""
"1941","Zambia","Africa","Y20082010","",""
"1942","Zambia","Africa","Y20092011","",""
"1943","Zambia","Africa","Y20102012","",""
"1944","Zambia","Africa","Y20112013","",""
"1945","Zambia","Africa","Y20122014","",""
"1946","Zambia","Africa","Y20132015","",""
"1947","Zambia","Africa","Y20142016","22.4","22.4"
"1948","Zambia","Africa","Y20152017","23.8","23.8"
"1949","Zambia","Africa","Y20162018","24.1","24.1"
"1950","Zambia","Africa","Y20172019","26.2","26.2"
"1951","Zambia","Africa","Y20182020","28.2","28.2"
"1952","Zambia","Africa","Y20192021","32.6","32.6"
"1953","Zambia","Africa","Y20202022","31.8","31.8"
"1954","Zimbabwe","Africa","Y20002002","",""
"1955","Zimbabwe","Africa","Y20012003","",""
"1956","Zimbabwe","Africa","Y20022004","",""
"1957","Zimbabwe","Africa","Y20032005","",""
"1958","Zimbabwe","Africa","Y20042006","",""
"1959","Zimbabwe","Africa","Y20052007","",""
"1960","Zimbabwe","Africa","Y20062008","",""
"1961","Zimbabwe","Africa","Y20072009","",""
"1962","Zimbabwe","Africa","Y20082010","",""
"1963","Zimbabwe","Africa","Y20092011","",""
"1964","Zimbabwe","Africa","Y20102012","",""
"1965","Zimbabwe","Africa","Y20112013","",""
"1966","Zimbabwe","Africa","Y20122014","",""
"1967","Zimbabwe","Africa","Y20132015","",""
"1968","Zimbabwe","Africa","Y20142016","36.1","36.1"
"1969","Zimbabwe","Africa","Y20152017","37.6","37.6"
"1970","Zimbabwe","Africa","Y20162018","37.1","37.1"
"1971","Zimbabwe","Africa","Y20172019","35.8","35.8"
"1972","Zimbabwe","Africa","Y20182020","33.7","33.7"
"1973","Zimbabwe","Africa","Y20192021","33.1","33.1"
"1974","Zimbabwe","Africa","Y20202022","30.2","30.2"
