"","Area","Region","Year","PoliticalStabilityIndex"
"1","Albania","Europe","2000","-0.54"
"2","Albania","Europe","2001",""
"3","Albania","Europe","2002","-0.3"
"4","Albania","Europe","2003","-0.31"
"5","Albania","Europe","2004","-0.43"
"6","Albania","Europe","2005","-0.51"
"7","Albania","Europe","2006","-0.51"
"8","Albania","Europe","2007","-0.2"
"9","Albania","Europe","2008","-0.03"
"10","Albania","Europe","2009","-0.05"
"11","Albania","Europe","2010","-0.19"
"12","Albania","Europe","2011","-0.28"
"13","Albania","Europe","2012","-0.14"
"14","Albania","Europe","2013","0.09"
"15","Albania","Europe","2014","0.49"
"16","Albania","Europe","2015","0.35"
"17","Albania","Europe","2016","0.34"
"18","Albania","Europe","2017","0.38"
"19","Albania","Europe","2018","0.37"
"20","Albania","Europe","2019","0.11"
"21","Albania","Europe","2020","0.09"
"22","Albania","Europe","2021","0.11"
"23","Albania","Europe","2022",""
"24","Andorra","Europe","2000","1.17"
"25","Andorra","Europe","2001",""
"26","Andorra","Europe","2002","1.28"
"27","Andorra","Europe","2003","1.47"
"28","Andorra","Europe","2004","1.4"
"29","Andorra","Europe","2005","1.38"
"30","Andorra","Europe","2006","1.35"
"31","Andorra","Europe","2007","1.34"
"32","Andorra","Europe","2008","1.34"
"33","Andorra","Europe","2009","1.3"
"34","Andorra","Europe","2010","1.28"
"35","Andorra","Europe","2011","1.3"
"36","Andorra","Europe","2012","1.29"
"37","Andorra","Europe","2013","1.28"
"38","Andorra","Europe","2014","1.29"
"39","Andorra","Europe","2015","1.39"
"40","Andorra","Europe","2016","1.41"
"41","Andorra","Europe","2017","1.42"
"42","Andorra","Europe","2018","1.42"
"43","Andorra","Europe","2019","1.6"
"44","Andorra","Europe","2020","1.62"
"45","Andorra","Europe","2021","1.63"
"46","Andorra","Europe","2022",""
"47","Austria","Europe","2000","0.82"
"48","Austria","Europe","2001",""
"49","Austria","Europe","2002","1.36"
"50","Austria","Europe","2003","0.96"
"51","Austria","Europe","2004","1.09"
"52","Austria","Europe","2005","1.1"
"53","Austria","Europe","2006","1.07"
"54","Austria","Europe","2007","1.28"
"55","Austria","Europe","2008","1.34"
"56","Austria","Europe","2009","1.19"
"57","Austria","Europe","2010","1.15"
"58","Austria","Europe","2011","1.19"
"59","Austria","Europe","2012","1.34"
"60","Austria","Europe","2013","1.36"
"61","Austria","Europe","2014","1.27"
"62","Austria","Europe","2015","1.14"
"63","Austria","Europe","2016","0.91"
"64","Austria","Europe","2017","1.05"
"65","Austria","Europe","2018","0.9"
"66","Austria","Europe","2019","0.92"
"67","Austria","Europe","2020","0.91"
"68","Austria","Europe","2021","0.91"
"69","Austria","Europe","2022",""
"70","Belarus","Europe","2000","0.14"
"71","Belarus","Europe","2001",""
"72","Belarus","Europe","2002","0.3"
"73","Belarus","Europe","2003","0.69"
"74","Belarus","Europe","2004","0.16"
"75","Belarus","Europe","2005","0.36"
"76","Belarus","Europe","2006","0.15"
"77","Belarus","Europe","2007","0.34"
"78","Belarus","Europe","2008","0.52"
"79","Belarus","Europe","2009","0.49"
"80","Belarus","Europe","2010","-0.09"
"81","Belarus","Europe","2011","-0.09"
"82","Belarus","Europe","2012","0.07"
"83","Belarus","Europe","2013","0.01"
"84","Belarus","Europe","2014","0.18"
"85","Belarus","Europe","2015","0.11"
"86","Belarus","Europe","2016","0.14"
"87","Belarus","Europe","2017","-0.05"
"88","Belarus","Europe","2018","0.35"
"89","Belarus","Europe","2019","0.33"
"90","Belarus","Europe","2020","-0.9"
"91","Belarus","Europe","2021","-0.74"
"92","Belarus","Europe","2022",""
"93","Belgium","Europe","2000","1.13"
"94","Belgium","Europe","2001",""
"95","Belgium","Europe","2002","1.26"
"96","Belgium","Europe","2003","0.86"
"97","Belgium","Europe","2004","0.71"
"98","Belgium","Europe","2005","0.79"
"99","Belgium","Europe","2006","0.86"
"100","Belgium","Europe","2007","0.76"
"101","Belgium","Europe","2008","0.62"
"102","Belgium","Europe","2009","0.82"
"103","Belgium","Europe","2010","0.81"
"104","Belgium","Europe","2011","0.95"
"105","Belgium","Europe","2012","0.92"
"106","Belgium","Europe","2013","0.94"
"107","Belgium","Europe","2014","0.7"
"108","Belgium","Europe","2015","0.59"
"109","Belgium","Europe","2016","0.44"
"110","Belgium","Europe","2017","0.43"
"111","Belgium","Europe","2018","0.4"
"112","Belgium","Europe","2019","0.47"
"113","Belgium","Europe","2020","0.54"
"114","Belgium","Europe","2021","0.61"
"115","Belgium","Europe","2022",""
"116","Bosnia and Herzegovina","Europe","2000","-0.53"
"117","Bosnia and Herzegovina","Europe","2001",""
"118","Bosnia and Herzegovina","Europe","2002","-0.16"
"119","Bosnia and Herzegovina","Europe","2003","-0.41"
"120","Bosnia and Herzegovina","Europe","2004","0.02"
"121","Bosnia and Herzegovina","Europe","2005","-0.5"
"122","Bosnia and Herzegovina","Europe","2006","-0.44"
"123","Bosnia and Herzegovina","Europe","2007","-0.63"
"124","Bosnia and Herzegovina","Europe","2008","-0.54"
"125","Bosnia and Herzegovina","Europe","2009","-0.67"
"126","Bosnia and Herzegovina","Europe","2010","-0.69"
"127","Bosnia and Herzegovina","Europe","2011","-0.82"
"128","Bosnia and Herzegovina","Europe","2012","-0.54"
"129","Bosnia and Herzegovina","Europe","2013","-0.4"
"130","Bosnia and Herzegovina","Europe","2014","-0.02"
"131","Bosnia and Herzegovina","Europe","2015","-0.4"
"132","Bosnia and Herzegovina","Europe","2016","-0.4"
"133","Bosnia and Herzegovina","Europe","2017","-0.35"
"134","Bosnia and Herzegovina","Europe","2018","-0.4"
"135","Bosnia and Herzegovina","Europe","2019","-0.42"
"136","Bosnia and Herzegovina","Europe","2020","-0.44"
"137","Bosnia and Herzegovina","Europe","2021","-0.38"
"138","Bosnia and Herzegovina","Europe","2022",""
"139","Bulgaria","Europe","2000","0.38"
"140","Bulgaria","Europe","2001",""
"141","Bulgaria","Europe","2002","0.47"
"142","Bulgaria","Europe","2003","0.17"
"143","Bulgaria","Europe","2004","0"
"144","Bulgaria","Europe","2005","0.15"
"145","Bulgaria","Europe","2006","0.39"
"146","Bulgaria","Europe","2007","0.36"
"147","Bulgaria","Europe","2008","0.37"
"148","Bulgaria","Europe","2009","0.35"
"149","Bulgaria","Europe","2010","0.36"
"150","Bulgaria","Europe","2011","0.3"
"151","Bulgaria","Europe","2012","0.38"
"152","Bulgaria","Europe","2013","0.17"
"153","Bulgaria","Europe","2014","0.08"
"154","Bulgaria","Europe","2015","0.02"
"155","Bulgaria","Europe","2016","0.08"
"156","Bulgaria","Europe","2017","0.33"
"157","Bulgaria","Europe","2018","0.46"
"158","Bulgaria","Europe","2019","0.58"
"159","Bulgaria","Europe","2020","0.42"
"160","Bulgaria","Europe","2021","0.46"
"161","Bulgaria","Europe","2022",""
"162","Croatia","Europe","2000","0.28"
"163","Croatia","Europe","2001",""
"164","Croatia","Europe","2002","0.63"
"165","Croatia","Europe","2003","0.56"
"166","Croatia","Europe","2004","0.69"
"167","Croatia","Europe","2005","0.43"
"168","Croatia","Europe","2006","0.56"
"169","Croatia","Europe","2007","0.61"
"170","Croatia","Europe","2008","0.57"
"171","Croatia","Europe","2009","0.61"
"172","Croatia","Europe","2010","0.61"
"173","Croatia","Europe","2011","0.62"
"174","Croatia","Europe","2012","0.61"
"175","Croatia","Europe","2013","0.64"
"176","Croatia","Europe","2014","0.62"
"177","Croatia","Europe","2015","0.59"
"178","Croatia","Europe","2016","0.66"
"179","Croatia","Europe","2017","0.69"
"180","Croatia","Europe","2018","0.8"
"181","Croatia","Europe","2019","0.69"
"182","Croatia","Europe","2020","0.61"
"183","Croatia","Europe","2021","0.71"
"184","Croatia","Europe","2022",""
"185","Czechia","Europe","2000","0.33"
"186","Czechia","Europe","2001",""
"187","Czechia","Europe","2002","1.04"
"188","Czechia","Europe","2003","0.89"
"189","Czechia","Europe","2004","0.65"
"190","Czechia","Europe","2005","0.94"
"191","Czechia","Europe","2006","1.05"
"192","Czechia","Europe","2007","1.02"
"193","Czechia","Europe","2008","1.05"
"194","Czechia","Europe","2009","0.91"
"195","Czechia","Europe","2010","0.99"
"196","Czechia","Europe","2011","1.11"
"197","Czechia","Europe","2012","1.05"
"198","Czechia","Europe","2013","1.08"
"199","Czechia","Europe","2014","0.99"
"200","Czechia","Europe","2015","0.98"
"201","Czechia","Europe","2016","0.98"
"202","Czechia","Europe","2017","1"
"203","Czechia","Europe","2018","1.03"
"204","Czechia","Europe","2019","0.94"
"205","Czechia","Europe","2020","0.92"
"206","Czechia","Europe","2021","0.96"
"207","Czechia","Europe","2022",""
"208","Denmark","Europe","2000","1.5"
"209","Denmark","Europe","2001",""
"210","Denmark","Europe","2002","1.52"
"211","Denmark","Europe","2003","1.2"
"212","Denmark","Europe","2004","1.08"
"213","Denmark","Europe","2005","1.07"
"214","Denmark","Europe","2006","1.05"
"215","Denmark","Europe","2007","1.12"
"216","Denmark","Europe","2008","1.07"
"217","Denmark","Europe","2009","1"
"218","Denmark","Europe","2010","1.04"
"219","Denmark","Europe","2011","1.1"
"220","Denmark","Europe","2012","0.91"
"221","Denmark","Europe","2013","0.96"
"222","Denmark","Europe","2014","0.95"
"223","Denmark","Europe","2015","0.9"
"224","Denmark","Europe","2016","0.87"
"225","Denmark","Europe","2017","0.87"
"226","Denmark","Europe","2018","0.95"
"227","Denmark","Europe","2019","1"
"228","Denmark","Europe","2020","0.95"
"229","Denmark","Europe","2021","0.95"
"230","Denmark","Europe","2022",""
"231","Estonia","Europe","2000","0.9"
"232","Estonia","Europe","2001",""
"233","Estonia","Europe","2002","0.93"
"234","Estonia","Europe","2003","0.89"
"235","Estonia","Europe","2004","0.7"
"236","Estonia","Europe","2005","0.61"
"237","Estonia","Europe","2006","0.74"
"238","Estonia","Europe","2007","0.63"
"239","Estonia","Europe","2008","0.57"
"240","Estonia","Europe","2009","0.57"
"241","Estonia","Europe","2010","0.66"
"242","Estonia","Europe","2011","0.61"
"243","Estonia","Europe","2012","0.64"
"244","Estonia","Europe","2013","0.75"
"245","Estonia","Europe","2014","0.78"
"246","Estonia","Europe","2015","0.62"
"247","Estonia","Europe","2016","0.67"
"248","Estonia","Europe","2017","0.65"
"249","Estonia","Europe","2018","0.59"
"250","Estonia","Europe","2019","0.63"
"251","Estonia","Europe","2020","0.72"
"252","Estonia","Europe","2021","0.76"
"253","Estonia","Europe","2022",""
"254","Finland","Europe","2000","1.72"
"255","Finland","Europe","2001",""
"256","Finland","Europe","2002","1.75"
"257","Finland","Europe","2003","1.69"
"258","Finland","Europe","2004","1.62"
"259","Finland","Europe","2005","1.59"
"260","Finland","Europe","2006","1.5"
"261","Finland","Europe","2007","1.49"
"262","Finland","Europe","2008","1.45"
"263","Finland","Europe","2009","1.46"
"264","Finland","Europe","2010","1.42"
"265","Finland","Europe","2011","1.39"
"266","Finland","Europe","2012","1.4"
"267","Finland","Europe","2013","1.39"
"268","Finland","Europe","2014","1.28"
"269","Finland","Europe","2015","1.04"
"270","Finland","Europe","2016","1"
"271","Finland","Europe","2017","1.08"
"272","Finland","Europe","2018","0.91"
"273","Finland","Europe","2019","0.85"
"274","Finland","Europe","2020","1.01"
"275","Finland","Europe","2021","0.98"
"276","Finland","Europe","2022",""
"277","France","Europe","2000","0.79"
"278","France","Europe","2001",""
"279","France","Europe","2002","0.92"
"280","France","Europe","2003","0.18"
"281","France","Europe","2004","0.35"
"282","France","Europe","2005","0.4"
"283","France","Europe","2006","0.6"
"284","France","Europe","2007","0.56"
"285","France","Europe","2008","0.54"
"286","France","Europe","2009","0.51"
"287","France","Europe","2010","0.68"
"288","France","Europe","2011","0.6"
"289","France","Europe","2012","0.55"
"290","France","Europe","2013","0.45"
"291","France","Europe","2014","0.3"
"292","France","Europe","2015","0.11"
"293","France","Europe","2016","-0.1"
"294","France","Europe","2017","0.28"
"295","France","Europe","2018","0.03"
"296","France","Europe","2019","0.3"
"297","France","Europe","2020","0.32"
"298","France","Europe","2021","0.37"
"299","France","Europe","2022",""
"300","Germany","Europe","2000","1.41"
"301","Germany","Europe","2001",""
"302","Germany","Europe","2002","1.1"
"303","Germany","Europe","2003","0.58"
"304","Germany","Europe","2004","0.64"
"305","Germany","Europe","2005","0.89"
"306","Germany","Europe","2006","1.03"
"307","Germany","Europe","2007","1"
"308","Germany","Europe","2008","0.94"
"309","Germany","Europe","2009","0.86"
"310","Germany","Europe","2010","0.8"
"311","Germany","Europe","2011","0.84"
"312","Germany","Europe","2012","0.78"
"313","Germany","Europe","2013","0.93"
"314","Germany","Europe","2014","0.93"
"315","Germany","Europe","2015","0.7"
"316","Germany","Europe","2016","0.68"
"317","Germany","Europe","2017","0.59"
"318","Germany","Europe","2018","0.59"
"319","Germany","Europe","2019","0.57"
"320","Germany","Europe","2020","0.68"
"321","Germany","Europe","2021","0.76"
"322","Germany","Europe","2022",""
"323","Greece","Europe","2000","0.81"
"324","Greece","Europe","2001",""
"325","Greece","Europe","2002","0.87"
"326","Greece","Europe","2003","0.48"
"327","Greece","Europe","2004","0.49"
"328","Greece","Europe","2005","0.51"
"329","Greece","Europe","2006","0.63"
"330","Greece","Europe","2007","0.52"
"331","Greece","Europe","2008","0.27"
"332","Greece","Europe","2009","-0.21"
"333","Greece","Europe","2010","-0.13"
"334","Greece","Europe","2011","-0.1"
"335","Greece","Europe","2012","-0.22"
"336","Greece","Europe","2013","-0.17"
"337","Greece","Europe","2014","-0.14"
"338","Greece","Europe","2015","-0.23"
"339","Greece","Europe","2016","-0.12"
"340","Greece","Europe","2017","-0.07"
"341","Greece","Europe","2018","0.17"
"342","Greece","Europe","2019","0.18"
"343","Greece","Europe","2020","0.13"
"344","Greece","Europe","2021","0.15"
"345","Greece","Europe","2022",""
"346","Hungary","Europe","2000","0.92"
"347","Hungary","Europe","2001",""
"348","Hungary","Europe","2002","1.26"
"349","Hungary","Europe","2003","1.13"
"350","Hungary","Europe","2004","0.83"
"351","Hungary","Europe","2005","1"
"352","Hungary","Europe","2006","0.99"
"353","Hungary","Europe","2007","0.75"
"354","Hungary","Europe","2008","0.75"
"355","Hungary","Europe","2009","0.54"
"356","Hungary","Europe","2010","0.69"
"357","Hungary","Europe","2011","0.74"
"358","Hungary","Europe","2012","0.68"
"359","Hungary","Europe","2013","0.8"
"360","Hungary","Europe","2014","0.67"
"361","Hungary","Europe","2015","0.75"
"362","Hungary","Europe","2016","0.65"
"363","Hungary","Europe","2017","0.81"
"364","Hungary","Europe","2018","0.75"
"365","Hungary","Europe","2019","0.77"
"366","Hungary","Europe","2020","0.84"
"367","Hungary","Europe","2021","0.86"
"368","Hungary","Europe","2022",""
"369","Iceland","Europe","2000","1.58"
"370","Iceland","Europe","2001",""
"371","Iceland","Europe","2002","1.62"
"372","Iceland","Europe","2003","1.52"
"373","Iceland","Europe","2004","1.46"
"374","Iceland","Europe","2005","1.44"
"375","Iceland","Europe","2006","1.45"
"376","Iceland","Europe","2007","1.49"
"377","Iceland","Europe","2008","1.22"
"378","Iceland","Europe","2009","1.19"
"379","Iceland","Europe","2010","1.02"
"380","Iceland","Europe","2011","1.24"
"381","Iceland","Europe","2012","1.25"
"382","Iceland","Europe","2013","1.29"
"383","Iceland","Europe","2014","1.25"
"384","Iceland","Europe","2015","1.31"
"385","Iceland","Europe","2016","1.36"
"386","Iceland","Europe","2017","1.35"
"387","Iceland","Europe","2018","1.41"
"388","Iceland","Europe","2019","1.64"
"389","Iceland","Europe","2020","1.38"
"390","Iceland","Europe","2021","1.37"
"391","Iceland","Europe","2022",""
"392","Ireland","Europe","2000","1.58"
"393","Ireland","Europe","2001",""
"394","Ireland","Europe","2002","1.5"
"395","Ireland","Europe","2003","1.35"
"396","Ireland","Europe","2004","1.17"
"397","Ireland","Europe","2005","1.3"
"398","Ireland","Europe","2006","1.19"
"399","Ireland","Europe","2007","1.22"
"400","Ireland","Europe","2008","1.19"
"401","Ireland","Europe","2009","1.06"
"402","Ireland","Europe","2010","1.02"
"403","Ireland","Europe","2011","0.95"
"404","Ireland","Europe","2012","0.94"
"405","Ireland","Europe","2013","0.9"
"406","Ireland","Europe","2014","1.05"
"407","Ireland","Europe","2015","0.91"
"408","Ireland","Europe","2016","0.85"
"409","Ireland","Europe","2017","1"
"410","Ireland","Europe","2018","1.02"
"411","Ireland","Europe","2019","0.97"
"412","Ireland","Europe","2020","0.98"
"413","Ireland","Europe","2021","0.86"
"414","Ireland","Europe","2022",""
"415","Italy","Europe","2000","0.92"
"416","Italy","Europe","2001",""
"417","Italy","Europe","2002","0.84"
"418","Italy","Europe","2003","0.43"
"419","Italy","Europe","2004","0.27"
"420","Italy","Europe","2005","0.49"
"421","Italy","Europe","2006","0.53"
"422","Italy","Europe","2007","0.45"
"423","Italy","Europe","2008","0.55"
"424","Italy","Europe","2009","0.35"
"425","Italy","Europe","2010","0.47"
"426","Italy","Europe","2011","0.5"
"427","Italy","Europe","2012","0.51"
"428","Italy","Europe","2013","0.5"
"429","Italy","Europe","2014","0.46"
"430","Italy","Europe","2015","0.38"
"431","Italy","Europe","2016","0.37"
"432","Italy","Europe","2017","0.31"
"433","Italy","Europe","2018","0.34"
"434","Italy","Europe","2019","0.4"
"435","Italy","Europe","2020","0.43"
"436","Italy","Europe","2021","0.58"
"437","Italy","Europe","2022",""
"438","Latvia","Europe","2000","0.42"
"439","Latvia","Europe","2001",""
"440","Latvia","Europe","2002","0.94"
"441","Latvia","Europe","2003","1"
"442","Latvia","Europe","2004","0.62"
"443","Latvia","Europe","2005","0.81"
"444","Latvia","Europe","2006","0.84"
"445","Latvia","Europe","2007","0.56"
"446","Latvia","Europe","2008","0.2"
"447","Latvia","Europe","2009","0.35"
"448","Latvia","Europe","2010","0.53"
"449","Latvia","Europe","2011","0.32"
"450","Latvia","Europe","2012","0.45"
"451","Latvia","Europe","2013","0.59"
"452","Latvia","Europe","2014","0.49"
"453","Latvia","Europe","2015","0.44"
"454","Latvia","Europe","2016","0.48"
"455","Latvia","Europe","2017","0.46"
"456","Latvia","Europe","2018","0.41"
"457","Latvia","Europe","2019","0.44"
"458","Latvia","Europe","2020","0.47"
"459","Latvia","Europe","2021","0.69"
"460","Latvia","Europe","2022",""
"461","Lithuania","Europe","2000","0.43"
"462","Lithuania","Europe","2001",""
"463","Lithuania","Europe","2002","0.89"
"464","Lithuania","Europe","2003","1.05"
"465","Lithuania","Europe","2004","0.77"
"466","Lithuania","Europe","2005","0.78"
"467","Lithuania","Europe","2006","0.87"
"468","Lithuania","Europe","2007","0.82"
"469","Lithuania","Europe","2008","0.75"
"470","Lithuania","Europe","2009","0.63"
"471","Lithuania","Europe","2010","0.72"
"472","Lithuania","Europe","2011","0.67"
"473","Lithuania","Europe","2012","0.79"
"474","Lithuania","Europe","2013","0.96"
"475","Lithuania","Europe","2014","0.74"
"476","Lithuania","Europe","2015","0.76"
"477","Lithuania","Europe","2016","0.83"
"478","Lithuania","Europe","2017","0.78"
"479","Lithuania","Europe","2018","0.74"
"480","Lithuania","Europe","2019","0.78"
"481","Lithuania","Europe","2020","0.93"
"482","Lithuania","Europe","2021","0.82"
"483","Lithuania","Europe","2022",""
"484","Luxembourg","Europe","2000","1.61"
"485","Luxembourg","Europe","2001",""
"486","Luxembourg","Europe","2002","1.64"
"487","Luxembourg","Europe","2003","1.44"
"488","Luxembourg","Europe","2004","1.32"
"489","Luxembourg","Europe","2005","1.33"
"490","Luxembourg","Europe","2006","1.4"
"491","Luxembourg","Europe","2007","1.48"
"492","Luxembourg","Europe","2008","1.51"
"493","Luxembourg","Europe","2009","1.45"
"494","Luxembourg","Europe","2010","1.46"
"495","Luxembourg","Europe","2011","1.32"
"496","Luxembourg","Europe","2012","1.33"
"497","Luxembourg","Europe","2013","1.34"
"498","Luxembourg","Europe","2014","1.38"
"499","Luxembourg","Europe","2015","1.44"
"500","Luxembourg","Europe","2016","1.42"
"501","Luxembourg","Europe","2017","1.33"
"502","Luxembourg","Europe","2018","1.36"
"503","Luxembourg","Europe","2019","1.35"
"504","Luxembourg","Europe","2020","1.23"
"505","Luxembourg","Europe","2021","1.21"
"506","Luxembourg","Europe","2022",""
"507","Malta","Europe","2000","1.59"
"508","Malta","Europe","2001",""
"509","Malta","Europe","2002","1.6"
"510","Malta","Europe","2003","1.55"
"511","Malta","Europe","2004","1.32"
"512","Malta","Europe","2005","1.38"
"513","Malta","Europe","2006","1.23"
"514","Malta","Europe","2007","1.27"
"515","Malta","Europe","2008","1.27"
"516","Malta","Europe","2009","1.25"
"517","Malta","Europe","2010","1.25"
"518","Malta","Europe","2011","1.06"
"519","Malta","Europe","2012","1.07"
"520","Malta","Europe","2013","1.04"
"521","Malta","Europe","2014","1.13"
"522","Malta","Europe","2015","1.06"
"523","Malta","Europe","2016","1.08"
"524","Malta","Europe","2017","1.25"
"525","Malta","Europe","2018","1.28"
"526","Malta","Europe","2019","1.02"
"527","Malta","Europe","2020","1.01"
"528","Malta","Europe","2021","0.97"
"529","Malta","Europe","2022",""
"530","Montenegro","Europe","2000",""
"531","Montenegro","Europe","2001",""
"532","Montenegro","Europe","2002",""
"533","Montenegro","Europe","2003",""
"534","Montenegro","Europe","2004",""
"535","Montenegro","Europe","2005",""
"536","Montenegro","Europe","2006","0.05"
"537","Montenegro","Europe","2007","0.11"
"538","Montenegro","Europe","2008","0.77"
"539","Montenegro","Europe","2009","0.82"
"540","Montenegro","Europe","2010","0.58"
"541","Montenegro","Europe","2011","0.57"
"542","Montenegro","Europe","2012","0.6"
"543","Montenegro","Europe","2013","0.5"
"544","Montenegro","Europe","2014","0.22"
"545","Montenegro","Europe","2015","0.14"
"546","Montenegro","Europe","2016","0.28"
"547","Montenegro","Europe","2017","-0.06"
"548","Montenegro","Europe","2018","0.04"
"549","Montenegro","Europe","2019","0.07"
"550","Montenegro","Europe","2020","-0.06"
"551","Montenegro","Europe","2021","-0.15"
"552","Montenegro","Europe","2022",""
"553","Netherlands (Kingdom of the)","Europe","2000","1.76"
"554","Netherlands (Kingdom of the)","Europe","2001",""
"555","Netherlands (Kingdom of the)","Europe","2002","1.3"
"556","Netherlands (Kingdom of the)","Europe","2003","1.16"
"557","Netherlands (Kingdom of the)","Europe","2004","1.02"
"558","Netherlands (Kingdom of the)","Europe","2005","0.99"
"559","Netherlands (Kingdom of the)","Europe","2006","0.9"
"560","Netherlands (Kingdom of the)","Europe","2007","0.78"
"561","Netherlands (Kingdom of the)","Europe","2008","0.86"
"562","Netherlands (Kingdom of the)","Europe","2009","0.95"
"563","Netherlands (Kingdom of the)","Europe","2010","0.94"
"564","Netherlands (Kingdom of the)","Europe","2011","1.11"
"565","Netherlands (Kingdom of the)","Europe","2012","1.19"
"566","Netherlands (Kingdom of the)","Europe","2013","1.14"
"567","Netherlands (Kingdom of the)","Europe","2014","1.05"
"568","Netherlands (Kingdom of the)","Europe","2015","0.93"
"569","Netherlands (Kingdom of the)","Europe","2016","0.91"
"570","Netherlands (Kingdom of the)","Europe","2017","0.92"
"571","Netherlands (Kingdom of the)","Europe","2018","0.85"
"572","Netherlands (Kingdom of the)","Europe","2019","0.85"
"573","Netherlands (Kingdom of the)","Europe","2020","0.86"
"574","Netherlands (Kingdom of the)","Europe","2021","0.92"
"575","Netherlands (Kingdom of the)","Europe","2022",""
"576","North Macedonia","Europe","2000","-0.61"
"577","North Macedonia","Europe","2001",""
"578","North Macedonia","Europe","2002","-1.04"
"579","North Macedonia","Europe","2003","-0.99"
"580","North Macedonia","Europe","2004","-0.85"
"581","North Macedonia","Europe","2005","-1.16"
"582","North Macedonia","Europe","2006","-0.74"
"583","North Macedonia","Europe","2007","-0.43"
"584","North Macedonia","Europe","2008","-0.3"
"585","North Macedonia","Europe","2009","-0.3"
"586","North Macedonia","Europe","2010","-0.52"
"587","North Macedonia","Europe","2011","-0.62"
"588","North Macedonia","Europe","2012","-0.49"
"589","North Macedonia","Europe","2013","-0.42"
"590","North Macedonia","Europe","2014","0.26"
"591","North Macedonia","Europe","2015","-0.29"
"592","North Macedonia","Europe","2016","-0.35"
"593","North Macedonia","Europe","2017","-0.25"
"594","North Macedonia","Europe","2018","-0.21"
"595","North Macedonia","Europe","2019","0"
"596","North Macedonia","Europe","2020","0.11"
"597","North Macedonia","Europe","2021","0.12"
"598","North Macedonia","Europe","2022",""
"599","Norway","Europe","2000","1.53"
"600","Norway","Europe","2001",""
"601","Norway","Europe","2002","1.61"
"602","Norway","Europe","2003","1.2"
"603","Norway","Europe","2004","1.2"
"604","Norway","Europe","2005","1.3"
"605","Norway","Europe","2006","1.25"
"606","Norway","Europe","2007","1.15"
"607","Norway","Europe","2008","1.29"
"608","Norway","Europe","2009","1.28"
"609","Norway","Europe","2010","1.33"
"610","Norway","Europe","2011","1.34"
"611","Norway","Europe","2012","1.33"
"612","Norway","Europe","2013","1.35"
"613","Norway","Europe","2014","1.12"
"614","Norway","Europe","2015","1.16"
"615","Norway","Europe","2016","1.2"
"616","Norway","Europe","2017","1.17"
"617","Norway","Europe","2018","1.14"
"618","Norway","Europe","2019","1.17"
"619","Norway","Europe","2020","1.25"
"620","Norway","Europe","2021","1.1"
"621","Norway","Europe","2022",""
"622","Poland","Europe","2000","0.31"
"623","Poland","Europe","2001",""
"624","Poland","Europe","2002","0.74"
"625","Poland","Europe","2003","0.58"
"626","Poland","Europe","2004","0.15"
"627","Poland","Europe","2005","0.36"
"628","Poland","Europe","2006","0.35"
"629","Poland","Europe","2007","0.68"
"630","Poland","Europe","2008","0.91"
"631","Poland","Europe","2009","0.94"
"632","Poland","Europe","2010","1.02"
"633","Poland","Europe","2011","1.07"
"634","Poland","Europe","2012","1.05"
"635","Poland","Europe","2013","0.97"
"636","Poland","Europe","2014","0.84"
"637","Poland","Europe","2015","0.87"
"638","Poland","Europe","2016","0.51"
"639","Poland","Europe","2017","0.52"
"640","Poland","Europe","2018","0.49"
"641","Poland","Europe","2019","0.56"
"642","Poland","Europe","2020","0.52"
"643","Poland","Europe","2021","0.51"
"644","Poland","Europe","2022",""
"645","Portugal","Europe","2000","1.39"
"646","Portugal","Europe","2001",""
"647","Portugal","Europe","2002","1.44"
"648","Portugal","Europe","2003","1.29"
"649","Portugal","Europe","2004","0.97"
"650","Portugal","Europe","2005","1.02"
"651","Portugal","Europe","2006","0.95"
"652","Portugal","Europe","2007","0.82"
"653","Portugal","Europe","2008","0.99"
"654","Portugal","Europe","2009","0.79"
"655","Portugal","Europe","2010","0.72"
"656","Portugal","Europe","2011","0.74"
"657","Portugal","Europe","2012","0.78"
"658","Portugal","Europe","2013","0.75"
"659","Portugal","Europe","2014","0.81"
"660","Portugal","Europe","2015","0.92"
"661","Portugal","Europe","2016","0.97"
"662","Portugal","Europe","2017","1.12"
"663","Portugal","Europe","2018","1.13"
"664","Portugal","Europe","2019","1.07"
"665","Portugal","Europe","2020","1.02"
"666","Portugal","Europe","2021","0.95"
"667","Portugal","Europe","2022",""
"668","Republic of Moldova","Europe","2000","-0.43"
"669","Republic of Moldova","Europe","2001",""
"670","Republic of Moldova","Europe","2002","-0.16"
"671","Republic of Moldova","Europe","2003","-0.13"
"672","Republic of Moldova","Europe","2004","-0.22"
"673","Republic of Moldova","Europe","2005","-0.4"
"674","Republic of Moldova","Europe","2006","-0.37"
"675","Republic of Moldova","Europe","2007","-0.01"
"676","Republic of Moldova","Europe","2008","-0.27"
"677","Republic of Moldova","Europe","2009","-0.58"
"678","Republic of Moldova","Europe","2010","-0.38"
"679","Republic of Moldova","Europe","2011","-0.05"
"680","Republic of Moldova","Europe","2012","0.05"
"681","Republic of Moldova","Europe","2013","0"
"682","Republic of Moldova","Europe","2014","-0.16"
"683","Republic of Moldova","Europe","2015","-0.33"
"684","Republic of Moldova","Europe","2016","-0.3"
"685","Republic of Moldova","Europe","2017","-0.32"
"686","Republic of Moldova","Europe","2018","-0.4"
"687","Republic of Moldova","Europe","2019","-0.39"
"688","Republic of Moldova","Europe","2020","-0.35"
"689","Republic of Moldova","Europe","2021","-0.21"
"690","Republic of Moldova","Europe","2022",""
"691","Romania","Europe","2000","-0.38"
"692","Romania","Europe","2001",""
"693","Romania","Europe","2002","0.46"
"694","Romania","Europe","2003","0.32"
"695","Romania","Europe","2004","0.06"
"696","Romania","Europe","2005","0.09"
"697","Romania","Europe","2006","0.15"
"698","Romania","Europe","2007","0.2"
"699","Romania","Europe","2008","0.18"
"700","Romania","Europe","2009","0.36"
"701","Romania","Europe","2010","0.27"
"702","Romania","Europe","2011","0.19"
"703","Romania","Europe","2012","0.08"
"704","Romania","Europe","2013","0.18"
"705","Romania","Europe","2014","0.05"
"706","Romania","Europe","2015","0.19"
"707","Romania","Europe","2016","0.28"
"708","Romania","Europe","2017","0.06"
"709","Romania","Europe","2018","0.05"
"710","Romania","Europe","2019","0.56"
"711","Romania","Europe","2020","0.53"
"712","Romania","Europe","2021","0.53"
"713","Romania","Europe","2022",""
"714","Russian Federation","Europe","2000","-1.4"
"715","Russian Federation","Europe","2001",""
"716","Russian Federation","Europe","2002","-0.72"
"717","Russian Federation","Europe","2003","-1.19"
"718","Russian Federation","Europe","2004","-1.51"
"719","Russian Federation","Europe","2005","-1.27"
"720","Russian Federation","Europe","2006","-0.91"
"721","Russian Federation","Europe","2007","-0.86"
"722","Russian Federation","Europe","2008","-0.75"
"723","Russian Federation","Europe","2009","-0.97"
"724","Russian Federation","Europe","2010","-0.93"
"725","Russian Federation","Europe","2011","-1"
"726","Russian Federation","Europe","2012","-0.82"
"727","Russian Federation","Europe","2013","-0.74"
"728","Russian Federation","Europe","2014","-0.94"
"729","Russian Federation","Europe","2015","-1.03"
"730","Russian Federation","Europe","2016","-0.95"
"731","Russian Federation","Europe","2017","-0.64"
"732","Russian Federation","Europe","2018","-0.54"
"733","Russian Federation","Europe","2019","-0.56"
"734","Russian Federation","Europe","2020","-0.68"
"735","Russian Federation","Europe","2021","-0.65"
"736","Russian Federation","Europe","2022",""
"737","Serbia","Europe","2000","-1.64"
"738","Serbia","Europe","2001",""
"739","Serbia","Europe","2002","-0.51"
"740","Serbia","Europe","2003","-0.58"
"741","Serbia","Europe","2004","-0.51"
"742","Serbia","Europe","2005","-0.76"
"743","Serbia","Europe","2006","-0.54"
"744","Serbia","Europe","2007","-0.59"
"745","Serbia","Europe","2008","-0.54"
"746","Serbia","Europe","2009","-0.48"
"747","Serbia","Europe","2010","-0.42"
"748","Serbia","Europe","2011","-0.28"
"749","Serbia","Europe","2012","-0.22"
"750","Serbia","Europe","2013","-0.08"
"751","Serbia","Europe","2014","0.18"
"752","Serbia","Europe","2015","0.24"
"753","Serbia","Europe","2016","0.14"
"754","Serbia","Europe","2017","0.09"
"755","Serbia","Europe","2018","0.01"
"756","Serbia","Europe","2019","-0.07"
"757","Serbia","Europe","2020","-0.16"
"758","Serbia","Europe","2021","-0.13"
"759","Serbia","Europe","2022",""
"760","Slovakia","Europe","2000","0.66"
"761","Slovakia","Europe","2001",""
"762","Slovakia","Europe","2002","0.94"
"763","Slovakia","Europe","2003","0.95"
"764","Slovakia","Europe","2004","0.59"
"765","Slovakia","Europe","2005","0.9"
"766","Slovakia","Europe","2006","0.78"
"767","Slovakia","Europe","2007","1.04"
"768","Slovakia","Europe","2008","1.08"
"769","Slovakia","Europe","2009","0.92"
"770","Slovakia","Europe","2010","1.05"
"771","Slovakia","Europe","2011","0.97"
"772","Slovakia","Europe","2012","1.09"
"773","Slovakia","Europe","2013","1.12"
"774","Slovakia","Europe","2014","1.04"
"775","Slovakia","Europe","2015","0.87"
"776","Slovakia","Europe","2016","0.72"
"777","Slovakia","Europe","2017","0.91"
"778","Slovakia","Europe","2018","0.74"
"779","Slovakia","Europe","2019","0.67"
"780","Slovakia","Europe","2020","0.63"
"781","Slovakia","Europe","2021","0.56"
"782","Slovakia","Europe","2022",""
"783","Slovenia","Europe","2000","0.89"
"784","Slovenia","Europe","2001",""
"785","Slovenia","Europe","2002","1.3"
"786","Slovenia","Europe","2003","1.19"
"787","Slovenia","Europe","2004","1.08"
"788","Slovenia","Europe","2005","1.09"
"789","Slovenia","Europe","2006","1.09"
"790","Slovenia","Europe","2007","1.1"
"791","Slovenia","Europe","2008","1.15"
"792","Slovenia","Europe","2009","0.94"
"793","Slovenia","Europe","2010","0.87"
"794","Slovenia","Europe","2011","0.97"
"795","Slovenia","Europe","2012","0.94"
"796","Slovenia","Europe","2013","0.88"
"797","Slovenia","Europe","2014","0.97"
"798","Slovenia","Europe","2015","0.95"
"799","Slovenia","Europe","2016","0.99"
"800","Slovenia","Europe","2017","0.87"
"801","Slovenia","Europe","2018","0.9"
"802","Slovenia","Europe","2019","0.81"
"803","Slovenia","Europe","2020","0.71"
"804","Slovenia","Europe","2021","0.76"
"805","Slovenia","Europe","2022",""
"806","Spain","Europe","2000","0.46"
"807","Spain","Europe","2001",""
"808","Spain","Europe","2002","0.44"
"809","Spain","Europe","2003","-0.05"
"810","Spain","Europe","2004","-0.09"
"811","Spain","Europe","2005","0.19"
"812","Spain","Europe","2006","-0.15"
"813","Spain","Europe","2007","-0.28"
"814","Spain","Europe","2008","-0.38"
"815","Spain","Europe","2009","-0.47"
"816","Spain","Europe","2010","-0.32"
"817","Spain","Europe","2011","0.02"
"818","Spain","Europe","2012","-0.03"
"819","Spain","Europe","2013","0.01"
"820","Spain","Europe","2014","0.24"
"821","Spain","Europe","2015","0.25"
"822","Spain","Europe","2016","0.41"
"823","Spain","Europe","2017","0.28"
"824","Spain","Europe","2018","0.29"
"825","Spain","Europe","2019","0.31"
"826","Spain","Europe","2020","0.44"
"827","Spain","Europe","2021","0.58"
"828","Spain","Europe","2022",""
"829","Sweden","Europe","2000","1.39"
"830","Sweden","Europe","2001",""
"831","Sweden","Europe","2002","1.48"
"832","Sweden","Europe","2003","1.34"
"833","Sweden","Europe","2004","1.36"
"834","Sweden","Europe","2005","1.3"
"835","Sweden","Europe","2006","1.29"
"836","Sweden","Europe","2007","1.27"
"837","Sweden","Europe","2008","1.13"
"838","Sweden","Europe","2009","1.08"
"839","Sweden","Europe","2010","1.09"
"840","Sweden","Europe","2011","1.23"
"841","Sweden","Europe","2012","1.17"
"842","Sweden","Europe","2013","1.13"
"843","Sweden","Europe","2014","1.07"
"844","Sweden","Europe","2015","0.95"
"845","Sweden","Europe","2016","1.02"
"846","Sweden","Europe","2017","0.98"
"847","Sweden","Europe","2018","0.94"
"848","Sweden","Europe","2019","1.04"
"849","Sweden","Europe","2020","1.03"
"850","Sweden","Europe","2021","1.03"
"851","Sweden","Europe","2022",""
"852","Switzerland","Europe","2000","1.58"
"853","Switzerland","Europe","2001",""
"854","Switzerland","Europe","2002","1.54"
"855","Switzerland","Europe","2003","1.25"
"856","Switzerland","Europe","2004","1.23"
"857","Switzerland","Europe","2005","1.2"
"858","Switzerland","Europe","2006","1.27"
"859","Switzerland","Europe","2007","1.23"
"860","Switzerland","Europe","2008","1.22"
"861","Switzerland","Europe","2009","1.31"
"862","Switzerland","Europe","2010","1.26"
"863","Switzerland","Europe","2011","1.3"
"864","Switzerland","Europe","2012","1.42"
"865","Switzerland","Europe","2013","1.4"
"866","Switzerland","Europe","2014","1.4"
"867","Switzerland","Europe","2015","1.34"
"868","Switzerland","Europe","2016","1.31"
"869","Switzerland","Europe","2017","1.26"
"870","Switzerland","Europe","2018","1.33"
"871","Switzerland","Europe","2019","1.32"
"872","Switzerland","Europe","2020","1.19"
"873","Switzerland","Europe","2021","1.13"
"874","Switzerland","Europe","2022",""
"875","Ukraine","Europe","2000","-0.41"
"876","Ukraine","Europe","2001",""
"877","Ukraine","Europe","2002","-0.29"
"878","Ukraine","Europe","2003","-0.36"
"879","Ukraine","Europe","2004","-0.47"
"880","Ukraine","Europe","2005","-0.29"
"881","Ukraine","Europe","2006","-0.04"
"882","Ukraine","Europe","2007","0.17"
"883","Ukraine","Europe","2008","0.04"
"884","Ukraine","Europe","2009","-0.3"
"885","Ukraine","Europe","2010","0.01"
"886","Ukraine","Europe","2011","-0.07"
"887","Ukraine","Europe","2012","-0.09"
"888","Ukraine","Europe","2013","-0.78"
"889","Ukraine","Europe","2014","-2.02"
"890","Ukraine","Europe","2015","-1.96"
"891","Ukraine","Europe","2016","-1.86"
"892","Ukraine","Europe","2017","-1.87"
"893","Ukraine","Europe","2018","-1.87"
"894","Ukraine","Europe","2019","-1.42"
"895","Ukraine","Europe","2020","-1.14"
"896","Ukraine","Europe","2021","-1.1"
"897","Ukraine","Europe","2022",""
"898","United Kingdom of Great Britain and Northern Ireland","Europe","2000","1.03"
"899","United Kingdom of Great Britain and Northern Ireland","Europe","2001",""
"900","United Kingdom of Great Britain and Northern Ireland","Europe","2002","0.67"
"901","United Kingdom of Great Britain and Northern Ireland","Europe","2003","0.27"
"902","United Kingdom of Great Britain and Northern Ireland","Europe","2004","0.14"
"903","United Kingdom of Great Britain and Northern Ireland","Europe","2005","0.12"
"904","United Kingdom of Great Britain and Northern Ireland","Europe","2006","0.67"
"905","United Kingdom of Great Britain and Northern Ireland","Europe","2007","0.57"
"906","United Kingdom of Great Britain and Northern Ireland","Europe","2008","0.49"
"907","United Kingdom of Great Britain and Northern Ireland","Europe","2009","0.12"
"908","United Kingdom of Great Britain and Northern Ireland","Europe","2010","0.41"
"909","United Kingdom of Great Britain and Northern Ireland","Europe","2011","0.35"
"910","United Kingdom of Great Britain and Northern Ireland","Europe","2012","0.4"
"911","United Kingdom of Great Britain and Northern Ireland","Europe","2013","0.49"
"912","United Kingdom of Great Britain and Northern Ireland","Europe","2014","0.42"
"913","United Kingdom of Great Britain and Northern Ireland","Europe","2015","0.52"
"914","United Kingdom of Great Britain and Northern Ireland","Europe","2016","0.36"
"915","United Kingdom of Great Britain and Northern Ireland","Europe","2017","0.39"
"916","United Kingdom of Great Britain and Northern Ireland","Europe","2018","0.08"
"917","United Kingdom of Great Britain and Northern Ireland","Europe","2019","0.54"
"918","United Kingdom of Great Britain and Northern Ireland","Europe","2020","0.49"
"919","United Kingdom of Great Britain and Northern Ireland","Europe","2021","0.54"
"920","United Kingdom of Great Britain and Northern Ireland","Europe","2022",""
"921","Algeria","Africa","2000","-1.43"
"922","Algeria","Africa","2001",""
"923","Algeria","Africa","2002","-1.63"
"924","Algeria","Africa","2003","-1.75"
"925","Algeria","Africa","2004","-1.36"
"926","Algeria","Africa","2005","-0.91"
"927","Algeria","Africa","2006","-1.13"
"928","Algeria","Africa","2007","-1.15"
"929","Algeria","Africa","2008","-1.1"
"930","Algeria","Africa","2009","-1.2"
"931","Algeria","Africa","2010","-1.26"
"932","Algeria","Africa","2011","-1.36"
"933","Algeria","Africa","2012","-1.33"
"934","Algeria","Africa","2013","-1.2"
"935","Algeria","Africa","2014","-1.19"
"936","Algeria","Africa","2015","-1.09"
"937","Algeria","Africa","2016","-1.1"
"938","Algeria","Africa","2017","-0.92"
"939","Algeria","Africa","2018","-0.84"
"940","Algeria","Africa","2019","-1.04"
"941","Algeria","Africa","2020","-0.84"
"942","Algeria","Africa","2021","-0.88"
"943","Algeria","Africa","2022",""
"944","Angola","Africa","2000","-2.04"
"945","Angola","Africa","2001",""
"946","Angola","Africa","2002","-1.58"
"947","Angola","Africa","2003","-1.01"
"948","Angola","Africa","2004","-1.06"
"949","Angola","Africa","2005","-0.89"
"950","Angola","Africa","2006","-0.54"
"951","Angola","Africa","2007","-0.67"
"952","Angola","Africa","2008","-0.36"
"953","Angola","Africa","2009","-0.35"
"954","Angola","Africa","2010","-0.23"
"955","Angola","Africa","2011","-0.37"
"956","Angola","Africa","2012","-0.39"
"957","Angola","Africa","2013","-0.39"
"958","Angola","Africa","2014","-0.33"
"959","Angola","Africa","2015","-0.5"
"960","Angola","Africa","2016","-0.32"
"961","Angola","Africa","2017","-0.38"
"962","Angola","Africa","2018","-0.34"
"963","Angola","Africa","2019","-0.36"
"964","Angola","Africa","2020","-0.51"
"965","Angola","Africa","2021","-0.71"
"966","Angola","Africa","2022",""
"967","Benin","Africa","2000","0.8"
"968","Benin","Africa","2001",""
"969","Benin","Africa","2002","0.82"
"970","Benin","Africa","2003","0.68"
"971","Benin","Africa","2004","0.27"
"972","Benin","Africa","2005","0.45"
"973","Benin","Africa","2006","0.55"
"974","Benin","Africa","2007","0.39"
"975","Benin","Africa","2008","0.38"
"976","Benin","Africa","2009","0.4"
"977","Benin","Africa","2010","0.26"
"978","Benin","Africa","2011","0.32"
"979","Benin","Africa","2012","0.36"
"980","Benin","Africa","2013","0.3"
"981","Benin","Africa","2014","0.03"
"982","Benin","Africa","2015","-0.01"
"983","Benin","Africa","2016","0"
"984","Benin","Africa","2017","0.03"
"985","Benin","Africa","2018","-0.14"
"986","Benin","Africa","2019","-0.41"
"987","Benin","Africa","2020","-0.43"
"988","Benin","Africa","2021","-0.3"
"989","Benin","Africa","2022",""
"990","Botswana","Africa","2000","1.07"
"991","Botswana","Africa","2001",""
"992","Botswana","Africa","2002","0.87"
"993","Botswana","Africa","2003","1.1"
"994","Botswana","Africa","2004","0.92"
"995","Botswana","Africa","2005","1.06"
"996","Botswana","Africa","2006","1.02"
"997","Botswana","Africa","2007","1.06"
"998","Botswana","Africa","2008","1.03"
"999","Botswana","Africa","2009","0.95"
"1000","Botswana","Africa","2010","0.99"
"1001","Botswana","Africa","2011","1.06"
"1002","Botswana","Africa","2012","1.1"
"1003","Botswana","Africa","2013","1.1"
"1004","Botswana","Africa","2014","1.01"
"1005","Botswana","Africa","2015","1.04"
"1006","Botswana","Africa","2016","0.99"
"1007","Botswana","Africa","2017","1.02"
"1008","Botswana","Africa","2018","0.97"
"1009","Botswana","Africa","2019","1.11"
"1010","Botswana","Africa","2020","1.03"
"1011","Botswana","Africa","2021","0.98"
"1012","Botswana","Africa","2022",""
"1013","Burkina Faso","Africa","2000","0.06"
"1014","Burkina Faso","Africa","2001",""
"1015","Burkina Faso","Africa","2002","-0.31"
"1016","Burkina Faso","Africa","2003","0.07"
"1017","Burkina Faso","Africa","2004","-0.08"
"1018","Burkina Faso","Africa","2005","-0.06"
"1019","Burkina Faso","Africa","2006","0.16"
"1020","Burkina Faso","Africa","2007","0.31"
"1021","Burkina Faso","Africa","2008","0.12"
"1022","Burkina Faso","Africa","2009","0.03"
"1023","Burkina Faso","Africa","2010","-0.12"
"1024","Burkina Faso","Africa","2011","-0.56"
"1025","Burkina Faso","Africa","2012","-0.57"
"1026","Burkina Faso","Africa","2013","-0.76"
"1027","Burkina Faso","Africa","2014","-0.79"
"1028","Burkina Faso","Africa","2015","-0.61"
"1029","Burkina Faso","Africa","2016","-0.87"
"1030","Burkina Faso","Africa","2017","-0.93"
"1031","Burkina Faso","Africa","2018","-1.06"
"1032","Burkina Faso","Africa","2019","-1.3"
"1033","Burkina Faso","Africa","2020","-1.54"
"1034","Burkina Faso","Africa","2021","-1.64"
"1035","Burkina Faso","Africa","2022",""
"1036","Burundi","Africa","2000","-2.01"
"1037","Burundi","Africa","2001",""
"1038","Burundi","Africa","2002","-2.28"
"1039","Burundi","Africa","2003","-2.24"
"1040","Burundi","Africa","2004","-2.52"
"1041","Burundi","Africa","2005","-1.52"
"1042","Burundi","Africa","2006","-1.43"
"1043","Burundi","Africa","2007","-1.38"
"1044","Burundi","Africa","2008","-1.64"
"1045","Burundi","Africa","2009","-1.27"
"1046","Burundi","Africa","2010","-1.63"
"1047","Burundi","Africa","2011","-1.81"
"1048","Burundi","Africa","2012","-1.7"
"1049","Burundi","Africa","2013","-1.35"
"1050","Burundi","Africa","2014","-0.78"
"1051","Burundi","Africa","2015","-1.94"
"1052","Burundi","Africa","2016","-1.97"
"1053","Burundi","Africa","2017","-2.01"
"1054","Burundi","Africa","2018","-1.57"
"1055","Burundi","Africa","2019","-1.62"
"1056","Burundi","Africa","2020","-1.54"
"1057","Burundi","Africa","2021","-1.36"
"1058","Burundi","Africa","2022",""
"1059","Cabo Verde","Africa","2000","1.22"
"1060","Cabo Verde","Africa","2001",""
"1061","Cabo Verde","Africa","2002","0.73"
"1062","Cabo Verde","Africa","2003","0.92"
"1063","Cabo Verde","Africa","2004","1.04"
"1064","Cabo Verde","Africa","2005","0.75"
"1065","Cabo Verde","Africa","2006","0.96"
"1066","Cabo Verde","Africa","2007","0.88"
"1067","Cabo Verde","Africa","2008","0.81"
"1068","Cabo Verde","Africa","2009","0.82"
"1069","Cabo Verde","Africa","2010","0.84"
"1070","Cabo Verde","Africa","2011","0.72"
"1071","Cabo Verde","Africa","2012","0.81"
"1072","Cabo Verde","Africa","2013","0.78"
"1073","Cabo Verde","Africa","2014","0.35"
"1074","Cabo Verde","Africa","2015","0.87"
"1075","Cabo Verde","Africa","2016","0.89"
"1076","Cabo Verde","Africa","2017","0.77"
"1077","Cabo Verde","Africa","2018","0.85"
"1078","Cabo Verde","Africa","2019","0.87"
"1079","Cabo Verde","Africa","2020","0.89"
"1080","Cabo Verde","Africa","2021","0.9"
"1081","Cabo Verde","Africa","2022",""
"1082","Cameroon","Africa","2000","-0.56"
"1083","Cameroon","Africa","2001",""
"1084","Cameroon","Africa","2002","-0.68"
"1085","Cameroon","Africa","2003","-0.43"
"1086","Cameroon","Africa","2004","-0.36"
"1087","Cameroon","Africa","2005","-0.18"
"1088","Cameroon","Africa","2006","-0.24"
"1089","Cameroon","Africa","2007","-0.33"
"1090","Cameroon","Africa","2008","-0.55"
"1091","Cameroon","Africa","2009","-0.47"
"1092","Cameroon","Africa","2010","-0.74"
"1093","Cameroon","Africa","2011","-0.66"
"1094","Cameroon","Africa","2012","-0.59"
"1095","Cameroon","Africa","2013","-0.53"
"1096","Cameroon","Africa","2014","-1.06"
"1097","Cameroon","Africa","2015","-0.99"
"1098","Cameroon","Africa","2016","-1.06"
"1099","Cameroon","Africa","2017","-1.1"
"1100","Cameroon","Africa","2018","-1.4"
"1101","Cameroon","Africa","2019","-1.56"
"1102","Cameroon","Africa","2020","-1.5"
"1103","Cameroon","Africa","2021","-1.41"
"1104","Cameroon","Africa","2022",""
"1105","Central African Republic","Africa","2000","-1.12"
"1106","Central African Republic","Africa","2001",""
"1107","Central African Republic","Africa","2002","-1.73"
"1108","Central African Republic","Africa","2003","-1.54"
"1109","Central African Republic","Africa","2004","-1.42"
"1110","Central African Republic","Africa","2005","-1.43"
"1111","Central African Republic","Africa","2006","-1.85"
"1112","Central African Republic","Africa","2007","-1.86"
"1113","Central African Republic","Africa","2008","-1.84"
"1114","Central African Republic","Africa","2009","-1.9"
"1115","Central African Republic","Africa","2010","-2.02"
"1116","Central African Republic","Africa","2011","-1.79"
"1117","Central African Republic","Africa","2012","-1.85"
"1118","Central African Republic","Africa","2013","-2.15"
"1119","Central African Republic","Africa","2014","-2.7"
"1120","Central African Republic","Africa","2015","-1.9"
"1121","Central African Republic","Africa","2016","-1.79"
"1122","Central African Republic","Africa","2017","-2.01"
"1123","Central African Republic","Africa","2018","-2.18"
"1124","Central African Republic","Africa","2019","-2.14"
"1125","Central African Republic","Africa","2020","-2.23"
"1126","Central African Republic","Africa","2021","-2.1"
"1127","Central African Republic","Africa","2022",""
"1128","Chad","Africa","2000","-1.13"
"1129","Chad","Africa","2001",""
"1130","Chad","Africa","2002","-1.56"
"1131","Chad","Africa","2003","-1.37"
"1132","Chad","Africa","2004","-1.54"
"1133","Chad","Africa","2005","-1.44"
"1134","Chad","Africa","2006","-1.83"
"1135","Chad","Africa","2007","-1.87"
"1136","Chad","Africa","2008","-1.97"
"1137","Chad","Africa","2009","-1.73"
"1138","Chad","Africa","2010","-1.52"
"1139","Chad","Africa","2011","-1.32"
"1140","Chad","Africa","2012","-1.04"
"1141","Chad","Africa","2013","-1.09"
"1142","Chad","Africa","2014","-1.57"
"1143","Chad","Africa","2015","-0.97"
"1144","Chad","Africa","2016","-1.3"
"1145","Chad","Africa","2017","-1.29"
"1146","Chad","Africa","2018","-1.48"
"1147","Chad","Africa","2019","-1.34"
"1148","Chad","Africa","2020","-1.25"
"1149","Chad","Africa","2021","-1.34"
"1150","Chad","Africa","2022",""
"1151","Comoros","Africa","2000","0.02"
"1152","Comoros","Africa","2001",""
"1153","Comoros","Africa","2002","0.4"
"1154","Comoros","Africa","2003","-0.67"
"1155","Comoros","Africa","2004","-0.16"
"1156","Comoros","Africa","2005","-0.44"
"1157","Comoros","Africa","2006","-0.36"
"1158","Comoros","Africa","2007","-1.1"
"1159","Comoros","Africa","2008","-1.11"
"1160","Comoros","Africa","2009","-0.77"
"1161","Comoros","Africa","2010","-0.56"
"1162","Comoros","Africa","2011","-0.55"
"1163","Comoros","Africa","2012","-0.45"
"1164","Comoros","Africa","2013","-0.26"
"1165","Comoros","Africa","2014","-0.19"
"1166","Comoros","Africa","2015","-0.23"
"1167","Comoros","Africa","2016","0.04"
"1168","Comoros","Africa","2017","0.04"
"1169","Comoros","Africa","2018","-0.35"
"1170","Comoros","Africa","2019","-0.15"
"1171","Comoros","Africa","2020","-0.27"
"1172","Comoros","Africa","2021","-0.23"
"1173","Comoros","Africa","2022",""
"1174","Congo","Africa","2000","-0.92"
"1175","Congo","Africa","2001",""
"1176","Congo","Africa","2002","-1.59"
"1177","Congo","Africa","2003","-1.17"
"1178","Congo","Africa","2004","-1.19"
"1179","Congo","Africa","2005","-1.17"
"1180","Congo","Africa","2006","-0.92"
"1181","Congo","Africa","2007","-0.77"
"1182","Congo","Africa","2008","-0.72"
"1183","Congo","Africa","2009","-0.25"
"1184","Congo","Africa","2010","-0.32"
"1185","Congo","Africa","2011","-0.35"
"1186","Congo","Africa","2012","-0.49"
"1187","Congo","Africa","2013","-0.48"
"1188","Congo","Africa","2014","-0.36"
"1189","Congo","Africa","2015","-0.53"
"1190","Congo","Africa","2016","-0.52"
"1191","Congo","Africa","2017","-0.53"
"1192","Congo","Africa","2018","-0.35"
"1193","Congo","Africa","2019","-0.9"
"1194","Congo","Africa","2020","-0.81"
"1195","Congo","Africa","2021","-0.61"
"1196","Congo","Africa","2022",""
"1197","Côte d'Ivoire","Africa","2000","-1.24"
"1198","Côte d'Ivoire","Africa","2001",""
"1199","Côte d'Ivoire","Africa","2002","-1.92"
"1200","Côte d'Ivoire","Africa","2003","-1.8"
"1201","Côte d'Ivoire","Africa","2004","-2.11"
"1202","Côte d'Ivoire","Africa","2005","-2.26"
"1203","Côte d'Ivoire","Africa","2006","-1.86"
"1204","Côte d'Ivoire","Africa","2007","-1.84"
"1205","Côte d'Ivoire","Africa","2008","-1.8"
"1206","Côte d'Ivoire","Africa","2009","-1.32"
"1207","Côte d'Ivoire","Africa","2010","-1.58"
"1208","Côte d'Ivoire","Africa","2011","-1.41"
"1209","Côte d'Ivoire","Africa","2012","-1.26"
"1210","Côte d'Ivoire","Africa","2013","-1.05"
"1211","Côte d'Ivoire","Africa","2014","-1.04"
"1212","Côte d'Ivoire","Africa","2015","-0.83"
"1213","Côte d'Ivoire","Africa","2016","-0.91"
"1214","Côte d'Ivoire","Africa","2017","-1.09"
"1215","Côte d'Ivoire","Africa","2018","-0.9"
"1216","Côte d'Ivoire","Africa","2019","-1.03"
"1217","Côte d'Ivoire","Africa","2020","-1.03"
"1218","Côte d'Ivoire","Africa","2021","-0.95"
"1219","Côte d'Ivoire","Africa","2022",""
"1220","Democratic Republic of the Congo","Africa","2000","-2.47"
"1221","Democratic Republic of the Congo","Africa","2001",""
"1222","Democratic Republic of the Congo","Africa","2002","-1.98"
"1223","Democratic Republic of the Congo","Africa","2003","-2.03"
"1224","Democratic Republic of the Congo","Africa","2004","-2.39"
"1225","Democratic Republic of the Congo","Africa","2005","-2.13"
"1226","Democratic Republic of the Congo","Africa","2006","-2.25"
"1227","Democratic Republic of the Congo","Africa","2007","-2.18"
"1228","Democratic Republic of the Congo","Africa","2008","-2"
"1229","Democratic Republic of the Congo","Africa","2009","-2"
"1230","Democratic Republic of the Congo","Africa","2010","-2.2"
"1231","Democratic Republic of the Congo","Africa","2011","-2.21"
"1232","Democratic Republic of the Congo","Africa","2012","-2.09"
"1233","Democratic Republic of the Congo","Africa","2013","-2.19"
"1234","Democratic Republic of the Congo","Africa","2014","-2.17"
"1235","Democratic Republic of the Congo","Africa","2015","-2.15"
"1236","Democratic Republic of the Congo","Africa","2016","-2.23"
"1237","Democratic Republic of the Congo","Africa","2017","-2.3"
"1238","Democratic Republic of the Congo","Africa","2018","-2.11"
"1239","Democratic Republic of the Congo","Africa","2019","-1.59"
"1240","Democratic Republic of the Congo","Africa","2020","-1.74"
"1241","Democratic Republic of the Congo","Africa","2021","-1.61"
"1242","Democratic Republic of the Congo","Africa","2022",""
"1243","Djibouti","Africa","2000","-0.24"
"1244","Djibouti","Africa","2001",""
"1245","Djibouti","Africa","2002","-0.31"
"1246","Djibouti","Africa","2003","-0.91"
"1247","Djibouti","Africa","2004","-0.34"
"1248","Djibouti","Africa","2005","-0.81"
"1249","Djibouti","Africa","2006","-0.26"
"1250","Djibouti","Africa","2007","-0.12"
"1251","Djibouti","Africa","2008","0.27"
"1252","Djibouti","Africa","2009","0.49"
"1253","Djibouti","Africa","2010","0.25"
"1254","Djibouti","Africa","2011","0.18"
"1255","Djibouti","Africa","2012","0.16"
"1256","Djibouti","Africa","2013","-0.1"
"1257","Djibouti","Africa","2014","-0.77"
"1258","Djibouti","Africa","2015","-0.44"
"1259","Djibouti","Africa","2016","-0.63"
"1260","Djibouti","Africa","2017","-0.74"
"1261","Djibouti","Africa","2018","-0.14"
"1262","Djibouti","Africa","2019","-0.35"
"1263","Djibouti","Africa","2020","-0.45"
"1264","Djibouti","Africa","2021","-0.71"
"1265","Djibouti","Africa","2022",""
"1266","Egypt","Africa","2000","0.05"
"1267","Egypt","Africa","2001",""
"1268","Egypt","Africa","2002","-0.41"
"1269","Egypt","Africa","2003","-0.64"
"1270","Egypt","Africa","2004","-0.82"
"1271","Egypt","Africa","2005","-0.63"
"1272","Egypt","Africa","2006","-0.84"
"1273","Egypt","Africa","2007","-0.55"
"1274","Egypt","Africa","2008","-0.51"
"1275","Egypt","Africa","2009","-0.61"
"1276","Egypt","Africa","2010","-0.9"
"1277","Egypt","Africa","2011","-1.44"
"1278","Egypt","Africa","2012","-1.44"
"1279","Egypt","Africa","2013","-1.64"
"1280","Egypt","Africa","2014","-1.63"
"1281","Egypt","Africa","2015","-1.5"
"1282","Egypt","Africa","2016","-1.44"
"1283","Egypt","Africa","2017","-1.42"
"1284","Egypt","Africa","2018","-1.18"
"1285","Egypt","Africa","2019","-1.11"
"1286","Egypt","Africa","2020","-1.17"
"1287","Egypt","Africa","2021","-1.02"
"1288","Egypt","Africa","2022",""
"1289","Equatorial Guinea","Africa","2000","-0.04"
"1290","Equatorial Guinea","Africa","2001",""
"1291","Equatorial Guinea","Africa","2002","-0.51"
"1292","Equatorial Guinea","Africa","2003","0.11"
"1293","Equatorial Guinea","Africa","2004","-0.06"
"1294","Equatorial Guinea","Africa","2005","-0.39"
"1295","Equatorial Guinea","Africa","2006","0.17"
"1296","Equatorial Guinea","Africa","2007","0.26"
"1297","Equatorial Guinea","Africa","2008","0.21"
"1298","Equatorial Guinea","Africa","2009","0.37"
"1299","Equatorial Guinea","Africa","2010","0.24"
"1300","Equatorial Guinea","Africa","2011","0.15"
"1301","Equatorial Guinea","Africa","2012","0.23"
"1302","Equatorial Guinea","Africa","2013","0.12"
"1303","Equatorial Guinea","Africa","2014","-0.37"
"1304","Equatorial Guinea","Africa","2015","-0.21"
"1305","Equatorial Guinea","Africa","2016","-0.14"
"1306","Equatorial Guinea","Africa","2017","-0.17"
"1307","Equatorial Guinea","Africa","2018","-0.09"
"1308","Equatorial Guinea","Africa","2019","-0.16"
"1309","Equatorial Guinea","Africa","2020","-0.23"
"1310","Equatorial Guinea","Africa","2021","-0.29"
"1311","Equatorial Guinea","Africa","2022",""
"1312","Eritrea","Africa","2000","-0.77"
"1313","Eritrea","Africa","2001",""
"1314","Eritrea","Africa","2002","-0.27"
"1315","Eritrea","Africa","2003","-0.72"
"1316","Eritrea","Africa","2004","-0.64"
"1317","Eritrea","Africa","2005","-0.8"
"1318","Eritrea","Africa","2006","-0.9"
"1319","Eritrea","Africa","2007","-1.05"
"1320","Eritrea","Africa","2008","-0.71"
"1321","Eritrea","Africa","2009","-0.68"
"1322","Eritrea","Africa","2010","-0.88"
"1323","Eritrea","Africa","2011","-0.77"
"1324","Eritrea","Africa","2012","-0.7"
"1325","Eritrea","Africa","2013","-0.77"
"1326","Eritrea","Africa","2014","-0.81"
"1327","Eritrea","Africa","2015","-0.88"
"1328","Eritrea","Africa","2016","-0.66"
"1329","Eritrea","Africa","2017","-0.73"
"1330","Eritrea","Africa","2018","-0.61"
"1331","Eritrea","Africa","2019","-0.7"
"1332","Eritrea","Africa","2020","-0.98"
"1333","Eritrea","Africa","2021","-1.01"
"1334","Eritrea","Africa","2022",""
"1335","Eswatini","Africa","2000","0.04"
"1336","Eswatini","Africa","2001",""
"1337","Eswatini","Africa","2002","0.13"
"1338","Eswatini","Africa","2003","0.07"
"1339","Eswatini","Africa","2004","0"
"1340","Eswatini","Africa","2005","-0.39"
"1341","Eswatini","Africa","2006","-0.27"
"1342","Eswatini","Africa","2007","0.05"
"1343","Eswatini","Africa","2008","-0.08"
"1344","Eswatini","Africa","2009","-0.01"
"1345","Eswatini","Africa","2010","-0.08"
"1346","Eswatini","Africa","2011","-0.48"
"1347","Eswatini","Africa","2012","-0.41"
"1348","Eswatini","Africa","2013","-0.43"
"1349","Eswatini","Africa","2014","-0.5"
"1350","Eswatini","Africa","2015","-0.48"
"1351","Eswatini","Africa","2016","-0.49"
"1352","Eswatini","Africa","2017","-0.27"
"1353","Eswatini","Africa","2018","-0.37"
"1354","Eswatini","Africa","2019","-0.27"
"1355","Eswatini","Africa","2020","-0.06"
"1356","Eswatini","Africa","2021","-0.03"
"1357","Eswatini","Africa","2022",""
"1358","Ethiopia","Africa","2000","-0.95"
"1359","Ethiopia","Africa","2001",""
"1360","Ethiopia","Africa","2002","-1.23"
"1361","Ethiopia","Africa","2003","-1.41"
"1362","Ethiopia","Africa","2004","-1.31"
"1363","Ethiopia","Africa","2005","-1.69"
"1364","Ethiopia","Africa","2006","-1.74"
"1365","Ethiopia","Africa","2007","-1.81"
"1366","Ethiopia","Africa","2008","-1.73"
"1367","Ethiopia","Africa","2009","-1.64"
"1368","Ethiopia","Africa","2010","-1.64"
"1369","Ethiopia","Africa","2011","-1.51"
"1370","Ethiopia","Africa","2012","-1.56"
"1371","Ethiopia","Africa","2013","-1.41"
"1372","Ethiopia","Africa","2014","-1.34"
"1373","Ethiopia","Africa","2015","-1.5"
"1374","Ethiopia","Africa","2016","-1.62"
"1375","Ethiopia","Africa","2017","-1.68"
"1376","Ethiopia","Africa","2018","-1.28"
"1377","Ethiopia","Africa","2019","-1.31"
"1378","Ethiopia","Africa","2020","-1.76"
"1379","Ethiopia","Africa","2021","-2.07"
"1380","Ethiopia","Africa","2022",""
"1381","Gabon","Africa","2000","0.64"
"1382","Gabon","Africa","2001",""
"1383","Gabon","Africa","2002","0.41"
"1384","Gabon","Africa","2003","0.3"
"1385","Gabon","Africa","2004","0.41"
"1386","Gabon","Africa","2005","0.33"
"1387","Gabon","Africa","2006","0.22"
"1388","Gabon","Africa","2007","0.3"
"1389","Gabon","Africa","2008","0.26"
"1390","Gabon","Africa","2009","0.14"
"1391","Gabon","Africa","2010","0.3"
"1392","Gabon","Africa","2011","0.38"
"1393","Gabon","Africa","2012","0.29"
"1394","Gabon","Africa","2013","0.33"
"1395","Gabon","Africa","2014","0.15"
"1396","Gabon","Africa","2015","0.02"
"1397","Gabon","Africa","2016","-0.1"
"1398","Gabon","Africa","2017","-0.1"
"1399","Gabon","Africa","2018","-0.25"
"1400","Gabon","Africa","2019","-0.07"
"1401","Gabon","Africa","2020","-0.07"
"1402","Gabon","Africa","2021","-0.09"
"1403","Gabon","Africa","2022",""
"1404","Gambia","Africa","2000","0.53"
"1405","Gambia","Africa","2001",""
"1406","Gambia","Africa","2002","0.83"
"1407","Gambia","Africa","2003","0.32"
"1408","Gambia","Africa","2004","0.16"
"1409","Gambia","Africa","2005","0.2"
"1410","Gambia","Africa","2006","-0.03"
"1411","Gambia","Africa","2007","0.05"
"1412","Gambia","Africa","2008","0.07"
"1413","Gambia","Africa","2009","0.12"
"1414","Gambia","Africa","2010","0.07"
"1415","Gambia","Africa","2011","0"
"1416","Gambia","Africa","2012","0"
"1417","Gambia","Africa","2013","-0.05"
"1418","Gambia","Africa","2014","-0.15"
"1419","Gambia","Africa","2015","0.02"
"1420","Gambia","Africa","2016","-0.43"
"1421","Gambia","Africa","2017","-0.08"
"1422","Gambia","Africa","2018","-0.07"
"1423","Gambia","Africa","2019","0.22"
"1424","Gambia","Africa","2020","0.26"
"1425","Gambia","Africa","2021","0.18"
"1426","Gambia","Africa","2022",""
"1427","Ghana","Africa","2000","-0.36"
"1428","Ghana","Africa","2001",""
"1429","Ghana","Africa","2002","-0.16"
"1430","Ghana","Africa","2003","0.03"
"1431","Ghana","Africa","2004","0.04"
"1432","Ghana","Africa","2005","0.17"
"1433","Ghana","Africa","2006","0.01"
"1434","Ghana","Africa","2007","-0.07"
"1435","Ghana","Africa","2008","-0.03"
"1436","Ghana","Africa","2009","0.03"
"1437","Ghana","Africa","2010","0.03"
"1438","Ghana","Africa","2011","0.17"
"1439","Ghana","Africa","2012","0.13"
"1440","Ghana","Africa","2013","0.06"
"1441","Ghana","Africa","2014","-0.11"
"1442","Ghana","Africa","2015","-0.03"
"1443","Ghana","Africa","2016","-0.13"
"1444","Ghana","Africa","2017","0.09"
"1445","Ghana","Africa","2018","-0.03"
"1446","Ghana","Africa","2019","0.13"
"1447","Ghana","Africa","2020","0.18"
"1448","Ghana","Africa","2021","0.07"
"1449","Ghana","Africa","2022",""
"1450","Guinea","Africa","2000","-1.91"
"1451","Guinea","Africa","2001",""
"1452","Guinea","Africa","2002","-1.42"
"1453","Guinea","Africa","2003","-0.79"
"1454","Guinea","Africa","2004","-1.03"
"1455","Guinea","Africa","2005","-1.15"
"1456","Guinea","Africa","2006","-1.91"
"1457","Guinea","Africa","2007","-2.4"
"1458","Guinea","Africa","2008","-2.1"
"1459","Guinea","Africa","2009","-2.12"
"1460","Guinea","Africa","2010","-1.69"
"1461","Guinea","Africa","2011","-1.39"
"1462","Guinea","Africa","2012","-1.29"
"1463","Guinea","Africa","2013","-1.23"
"1464","Guinea","Africa","2014","-0.96"
"1465","Guinea","Africa","2015","-0.39"
"1466","Guinea","Africa","2016","-0.39"
"1467","Guinea","Africa","2017","-0.7"
"1468","Guinea","Africa","2018","-0.88"
"1469","Guinea","Africa","2019","-0.84"
"1470","Guinea","Africa","2020","-0.67"
"1471","Guinea","Africa","2021","-0.97"
"1472","Guinea","Africa","2022",""
"1473","Guinea-Bissau","Africa","2000","-0.35"
"1474","Guinea-Bissau","Africa","2001",""
"1475","Guinea-Bissau","Africa","2002","-0.73"
"1476","Guinea-Bissau","Africa","2003","-0.49"
"1477","Guinea-Bissau","Africa","2004","-0.38"
"1478","Guinea-Bissau","Africa","2005","-0.56"
"1479","Guinea-Bissau","Africa","2006","-0.49"
"1480","Guinea-Bissau","Africa","2007","-0.46"
"1481","Guinea-Bissau","Africa","2008","-0.71"
"1482","Guinea-Bissau","Africa","2009","-0.67"
"1483","Guinea-Bissau","Africa","2010","-0.69"
"1484","Guinea-Bissau","Africa","2011","-0.75"
"1485","Guinea-Bissau","Africa","2012","-0.97"
"1486","Guinea-Bissau","Africa","2013","-0.9"
"1487","Guinea-Bissau","Africa","2014","-0.71"
"1488","Guinea-Bissau","Africa","2015","-0.52"
"1489","Guinea-Bissau","Africa","2016","-0.44"
"1490","Guinea-Bissau","Africa","2017","-0.5"
"1491","Guinea-Bissau","Africa","2018","-0.69"
"1492","Guinea-Bissau","Africa","2019","-0.56"
"1493","Guinea-Bissau","Africa","2020","-0.73"
"1494","Guinea-Bissau","Africa","2021","-0.28"
"1495","Guinea-Bissau","Africa","2022",""
"1496","Kenya","Africa","2000","-1.07"
"1497","Kenya","Africa","2001",""
"1498","Kenya","Africa","2002","-1.19"
"1499","Kenya","Africa","2003","-1.26"
"1500","Kenya","Africa","2004","-1.09"
"1501","Kenya","Africa","2005","-1.25"
"1502","Kenya","Africa","2006","-1.13"
"1503","Kenya","Africa","2007","-1.31"
"1504","Kenya","Africa","2008","-1.39"
"1505","Kenya","Africa","2009","-1.43"
"1506","Kenya","Africa","2010","-1.17"
"1507","Kenya","Africa","2011","-1.24"
"1508","Kenya","Africa","2012","-1.32"
"1509","Kenya","Africa","2013","-1.17"
"1510","Kenya","Africa","2014","-1.28"
"1511","Kenya","Africa","2015","-1.24"
"1512","Kenya","Africa","2016","-1.35"
"1513","Kenya","Africa","2017","-1.13"
"1514","Kenya","Africa","2018","-1.18"
"1515","Kenya","Africa","2019","-1.1"
"1516","Kenya","Africa","2020","-1"
"1517","Kenya","Africa","2021","-1.09"
"1518","Kenya","Africa","2022",""
"1519","Lesotho","Africa","2000","0.1"
"1520","Lesotho","Africa","2001",""
"1521","Lesotho","Africa","2002","-0.05"
"1522","Lesotho","Africa","2003","0.1"
"1523","Lesotho","Africa","2004","0.36"
"1524","Lesotho","Africa","2005","0"
"1525","Lesotho","Africa","2006","-0.12"
"1526","Lesotho","Africa","2007","-0.39"
"1527","Lesotho","Africa","2008","-0.2"
"1528","Lesotho","Africa","2009","0.33"
"1529","Lesotho","Africa","2010","0.46"
"1530","Lesotho","Africa","2011","0.38"
"1531","Lesotho","Africa","2012","0.27"
"1532","Lesotho","Africa","2013","0.34"
"1533","Lesotho","Africa","2014","-0.33"
"1534","Lesotho","Africa","2015","-0.31"
"1535","Lesotho","Africa","2016","-0.24"
"1536","Lesotho","Africa","2017","-0.19"
"1537","Lesotho","Africa","2018","-0.18"
"1538","Lesotho","Africa","2019","-0.42"
"1539","Lesotho","Africa","2020","-0.25"
"1540","Lesotho","Africa","2021","-0.22"
"1541","Lesotho","Africa","2022",""
"1542","Liberia","Africa","2000","-1.95"
"1543","Liberia","Africa","2001",""
"1544","Liberia","Africa","2002","-2.19"
"1545","Liberia","Africa","2003","-2.16"
"1546","Liberia","Africa","2004","-1.37"
"1547","Liberia","Africa","2005","-1.36"
"1548","Liberia","Africa","2006","-1.33"
"1549","Liberia","Africa","2007","-1.24"
"1550","Liberia","Africa","2008","-1.28"
"1551","Liberia","Africa","2009","-1.05"
"1552","Liberia","Africa","2010","-0.47"
"1553","Liberia","Africa","2011","-0.43"
"1554","Liberia","Africa","2012","-0.48"
"1555","Liberia","Africa","2013","-0.48"
"1556","Liberia","Africa","2014","-0.62"
"1557","Liberia","Africa","2015","-0.82"
"1558","Liberia","Africa","2016","-0.44"
"1559","Liberia","Africa","2017","-0.33"
"1560","Liberia","Africa","2018","-0.21"
"1561","Liberia","Africa","2019","-0.33"
"1562","Liberia","Africa","2020","-0.37"
"1563","Liberia","Africa","2021","-0.24"
"1564","Liberia","Africa","2022",""
"1565","Libya","Africa","2000","-0.29"
"1566","Libya","Africa","2001",""
"1567","Libya","Africa","2002","-0.1"
"1568","Libya","Africa","2003","0.12"
"1569","Libya","Africa","2004","0.36"
"1570","Libya","Africa","2005","0.45"
"1571","Libya","Africa","2006","0.36"
"1572","Libya","Africa","2007","0.75"
"1573","Libya","Africa","2008","0.81"
"1574","Libya","Africa","2009","0.83"
"1575","Libya","Africa","2010","0.03"
"1576","Libya","Africa","2011","-1.29"
"1577","Libya","Africa","2012","-1.59"
"1578","Libya","Africa","2013","-1.84"
"1579","Libya","Africa","2014","-2.35"
"1580","Libya","Africa","2015","-2.2"
"1581","Libya","Africa","2016","-2.28"
"1582","Libya","Africa","2017","-2.36"
"1583","Libya","Africa","2018","-2.44"
"1584","Libya","Africa","2019","-2.57"
"1585","Libya","Africa","2020","-2.46"
"1586","Libya","Africa","2021","-2.37"
"1587","Libya","Africa","2022",""
"1588","Madagascar","Africa","2000","0.16"
"1589","Madagascar","Africa","2001",""
"1590","Madagascar","Africa","2002","-0.23"
"1591","Madagascar","Africa","2003","0.62"
"1592","Madagascar","Africa","2004","0.25"
"1593","Madagascar","Africa","2005","-0.02"
"1594","Madagascar","Africa","2006","0.19"
"1595","Madagascar","Africa","2007","0.09"
"1596","Madagascar","Africa","2008","-0.47"
"1597","Madagascar","Africa","2009","-0.73"
"1598","Madagascar","Africa","2010","-0.98"
"1599","Madagascar","Africa","2011","-0.71"
"1600","Madagascar","Africa","2012","-0.54"
"1601","Madagascar","Africa","2013","-0.66"
"1602","Madagascar","Africa","2014","-0.56"
"1603","Madagascar","Africa","2015","-0.43"
"1604","Madagascar","Africa","2016","-0.29"
"1605","Madagascar","Africa","2017","-0.3"
"1606","Madagascar","Africa","2018","-0.58"
"1607","Madagascar","Africa","2019","-0.32"
"1608","Madagascar","Africa","2020","-0.53"
"1609","Madagascar","Africa","2021","-0.64"
"1610","Madagascar","Africa","2022",""
"1611","Malawi","Africa","2000","-0.33"
"1612","Malawi","Africa","2001",""
"1613","Malawi","Africa","2002","0.01"
"1614","Malawi","Africa","2003","0.04"
"1615","Malawi","Africa","2004","0.12"
"1616","Malawi","Africa","2005","0.11"
"1617","Malawi","Africa","2006","0.12"
"1618","Malawi","Africa","2007","0.08"
"1619","Malawi","Africa","2008","-0.06"
"1620","Malawi","Africa","2009","0.05"
"1621","Malawi","Africa","2010","0.04"
"1622","Malawi","Africa","2011","-0.07"
"1623","Malawi","Africa","2012","0"
"1624","Malawi","Africa","2013","-0.21"
"1625","Malawi","Africa","2014","0.08"
"1626","Malawi","Africa","2015","0.03"
"1627","Malawi","Africa","2016","-0.11"
"1628","Malawi","Africa","2017","-0.25"
"1629","Malawi","Africa","2018","-0.43"
"1630","Malawi","Africa","2019","-0.28"
"1631","Malawi","Africa","2020","-0.11"
"1632","Malawi","Africa","2021","-0.11"
"1633","Malawi","Africa","2022",""
"1634","Mali","Africa","2000","0.24"
"1635","Mali","Africa","2001",""
"1636","Mali","Africa","2002","0.41"
"1637","Mali","Africa","2003","0.26"
"1638","Mali","Africa","2004","0.45"
"1639","Mali","Africa","2005","0.17"
"1640","Mali","Africa","2006","0.41"
"1641","Mali","Africa","2007","0.23"
"1642","Mali","Africa","2008","0.21"
"1643","Mali","Africa","2009","-0.08"
"1644","Mali","Africa","2010","-0.18"
"1645","Mali","Africa","2011","-0.71"
"1646","Mali","Africa","2012","-2.03"
"1647","Mali","Africa","2013","-1.72"
"1648","Mali","Africa","2014","-1.71"
"1649","Mali","Africa","2015","-1.69"
"1650","Mali","Africa","2016","-1.62"
"1651","Mali","Africa","2017","-1.91"
"1652","Mali","Africa","2018","-2.09"
"1653","Mali","Africa","2019","-2.2"
"1654","Mali","Africa","2020","-2.13"
"1655","Mali","Africa","2021","-2.35"
"1656","Mali","Africa","2022",""
"1657","Mauritania","Africa","2000","0.35"
"1658","Mauritania","Africa","2001",""
"1659","Mauritania","Africa","2002","0.38"
"1660","Mauritania","Africa","2003","0.06"
"1661","Mauritania","Africa","2004","-0.17"
"1662","Mauritania","Africa","2005","-0.22"
"1663","Mauritania","Africa","2006","0.24"
"1664","Mauritania","Africa","2007","-0.28"
"1665","Mauritania","Africa","2008","-0.64"
"1666","Mauritania","Africa","2009","-0.88"
"1667","Mauritania","Africa","2010","-1.08"
"1668","Mauritania","Africa","2011","-1.17"
"1669","Mauritania","Africa","2012","-1.13"
"1670","Mauritania","Africa","2013","-1.01"
"1671","Mauritania","Africa","2014","-0.59"
"1672","Mauritania","Africa","2015","-0.64"
"1673","Mauritania","Africa","2016","-0.75"
"1674","Mauritania","Africa","2017","-0.63"
"1675","Mauritania","Africa","2018","-0.63"
"1676","Mauritania","Africa","2019","-0.57"
"1677","Mauritania","Africa","2020","-0.72"
"1678","Mauritania","Africa","2021","-0.67"
"1679","Mauritania","Africa","2022",""
"1680","Mauritius","Africa","2000","0.75"
"1681","Mauritius","Africa","2001",""
"1682","Mauritius","Africa","2002","1.12"
"1683","Mauritius","Africa","2003","1.01"
"1684","Mauritius","Africa","2004","0.97"
"1685","Mauritius","Africa","2005","1.03"
"1686","Mauritius","Africa","2006","0.78"
"1687","Mauritius","Africa","2007","0.88"
"1688","Mauritius","Africa","2008","0.89"
"1689","Mauritius","Africa","2009","0.71"
"1690","Mauritius","Africa","2010","0.64"
"1691","Mauritius","Africa","2011","0.95"
"1692","Mauritius","Africa","2012","0.97"
"1693","Mauritius","Africa","2013","0.94"
"1694","Mauritius","Africa","2014","0.67"
"1695","Mauritius","Africa","2015","1"
"1696","Mauritius","Africa","2016","1.01"
"1697","Mauritius","Africa","2017","0.97"
"1698","Mauritius","Africa","2018","0.87"
"1699","Mauritius","Africa","2019","0.81"
"1700","Mauritius","Africa","2020","0.88"
"1701","Mauritius","Africa","2021","0.86"
"1702","Mauritius","Africa","2022",""
"1703","Morocco","Africa","2000","-0.07"
"1704","Morocco","Africa","2001",""
"1705","Morocco","Africa","2002","-0.26"
"1706","Morocco","Africa","2003","-0.41"
"1707","Morocco","Africa","2004","-0.31"
"1708","Morocco","Africa","2005","-0.56"
"1709","Morocco","Africa","2006","-0.46"
"1710","Morocco","Africa","2007","-0.5"
"1711","Morocco","Africa","2008","-0.57"
"1712","Morocco","Africa","2009","-0.4"
"1713","Morocco","Africa","2010","-0.38"
"1714","Morocco","Africa","2011","-0.39"
"1715","Morocco","Africa","2012","-0.47"
"1716","Morocco","Africa","2013","-0.49"
"1717","Morocco","Africa","2014","-0.45"
"1718","Morocco","Africa","2015","-0.34"
"1719","Morocco","Africa","2016","-0.31"
"1720","Morocco","Africa","2017","-0.37"
"1721","Morocco","Africa","2018","-0.35"
"1722","Morocco","Africa","2019","-0.34"
"1723","Morocco","Africa","2020","-0.35"
"1724","Morocco","Africa","2021","-0.4"
"1725","Morocco","Africa","2022",""
"1726","Mozambique","Africa","2000","-0.13"
"1727","Mozambique","Africa","2001",""
"1728","Mozambique","Africa","2002","0.19"
"1729","Mozambique","Africa","2003","0.25"
"1730","Mozambique","Africa","2004","0"
"1731","Mozambique","Africa","2005","0.13"
"1732","Mozambique","Africa","2006","0.52"
"1733","Mozambique","Africa","2007","0.36"
"1734","Mozambique","Africa","2008","0.38"
"1735","Mozambique","Africa","2009","0.63"
"1736","Mozambique","Africa","2010","0.39"
"1737","Mozambique","Africa","2011","0.33"
"1738","Mozambique","Africa","2012","0.39"
"1739","Mozambique","Africa","2013","-0.23"
"1740","Mozambique","Africa","2014","-0.34"
"1741","Mozambique","Africa","2015","-0.51"
"1742","Mozambique","Africa","2016","-1.09"
"1743","Mozambique","Africa","2017","-0.93"
"1744","Mozambique","Africa","2018","-0.82"
"1745","Mozambique","Africa","2019","-0.75"
"1746","Mozambique","Africa","2020","-1.3"
"1747","Mozambique","Africa","2021","-1.23"
"1748","Mozambique","Africa","2022",""
"1749","Namibia","Africa","2000","-0.25"
"1750","Namibia","Africa","2001",""
"1751","Namibia","Africa","2002","0.15"
"1752","Namibia","Africa","2003","0.48"
"1753","Namibia","Africa","2004","0.66"
"1754","Namibia","Africa","2005","0.63"
"1755","Namibia","Africa","2006","0.78"
"1756","Namibia","Africa","2007","1.02"
"1757","Namibia","Africa","2008","1.2"
"1758","Namibia","Africa","2009","0.93"
"1759","Namibia","Africa","2010","0.85"
"1760","Namibia","Africa","2011","0.91"
"1761","Namibia","Africa","2012","0.98"
"1762","Namibia","Africa","2013","0.96"
"1763","Namibia","Africa","2014","0.61"
"1764","Namibia","Africa","2015","0.73"
"1765","Namibia","Africa","2016","0.71"
"1766","Namibia","Africa","2017","0.63"
"1767","Namibia","Africa","2018","0.69"
"1768","Namibia","Africa","2019","0.53"
"1769","Namibia","Africa","2020","0.53"
"1770","Namibia","Africa","2021","0.55"
"1771","Namibia","Africa","2022",""
"1772","Niger","Africa","2000","0.12"
"1773","Niger","Africa","2001",""
"1774","Niger","Africa","2002","-0.13"
"1775","Niger","Africa","2003","0.04"
"1776","Niger","Africa","2004","-0.51"
"1777","Niger","Africa","2005","-0.49"
"1778","Niger","Africa","2006","-0.23"
"1779","Niger","Africa","2007","-0.46"
"1780","Niger","Africa","2008","-0.67"
"1781","Niger","Africa","2009","-1.15"
"1782","Niger","Africa","2010","-1.16"
"1783","Niger","Africa","2011","-0.88"
"1784","Niger","Africa","2012","-1.15"
"1785","Niger","Africa","2013","-1.32"
"1786","Niger","Africa","2014","-1.18"
"1787","Niger","Africa","2015","-1.07"
"1788","Niger","Africa","2016","-1.1"
"1789","Niger","Africa","2017","-1.27"
"1790","Niger","Africa","2018","-1.36"
"1791","Niger","Africa","2019","-1.41"
"1792","Niger","Africa","2020","-1.66"
"1793","Niger","Africa","2021","-1.62"
"1794","Niger","Africa","2022",""
"1795","Nigeria","Africa","2000","-1.46"
"1796","Nigeria","Africa","2001",""
"1797","Nigeria","Africa","2002","-1.63"
"1798","Nigeria","Africa","2003","-1.64"
"1799","Nigeria","Africa","2004","-1.75"
"1800","Nigeria","Africa","2005","-1.67"
"1801","Nigeria","Africa","2006","-2.03"
"1802","Nigeria","Africa","2007","-2.01"
"1803","Nigeria","Africa","2008","-1.86"
"1804","Nigeria","Africa","2009","-1.99"
"1805","Nigeria","Africa","2010","-2.21"
"1806","Nigeria","Africa","2011","-1.96"
"1807","Nigeria","Africa","2012","-2.04"
"1808","Nigeria","Africa","2013","-2.09"
"1809","Nigeria","Africa","2014","-2.13"
"1810","Nigeria","Africa","2015","-1.93"
"1811","Nigeria","Africa","2016","-1.88"
"1812","Nigeria","Africa","2017","-2"
"1813","Nigeria","Africa","2018","-2.1"
"1814","Nigeria","Africa","2019","-1.92"
"1815","Nigeria","Africa","2020","-1.87"
"1816","Nigeria","Africa","2021","-1.78"
"1817","Nigeria","Africa","2022",""
"1818","Rwanda","Africa","2000","-1.69"
"1819","Rwanda","Africa","2001",""
"1820","Rwanda","Africa","2002","-1.65"
"1821","Rwanda","Africa","2003","-1.11"
"1822","Rwanda","Africa","2004","-1.19"
"1823","Rwanda","Africa","2005","-1"
"1824","Rwanda","Africa","2006","-0.68"
"1825","Rwanda","Africa","2007","-0.36"
"1826","Rwanda","Africa","2008","-0.33"
"1827","Rwanda","Africa","2009","-0.51"
"1828","Rwanda","Africa","2010","-0.27"
"1829","Rwanda","Africa","2011","-0.18"
"1830","Rwanda","Africa","2012","-0.23"
"1831","Rwanda","Africa","2013","-0.11"
"1832","Rwanda","Africa","2014","-0.31"
"1833","Rwanda","Africa","2015","0.01"
"1834","Rwanda","Africa","2016","-0.05"
"1835","Rwanda","Africa","2017","0.09"
"1836","Rwanda","Africa","2018","0.11"
"1837","Rwanda","Africa","2019","0.06"
"1838","Rwanda","Africa","2020","0.08"
"1839","Rwanda","Africa","2021","0.17"
"1840","Rwanda","Africa","2022",""
"1841","Sao Tome and Principe","Africa","2000","1.15"
"1842","Sao Tome and Principe","Africa","2001",""
"1843","Sao Tome and Principe","Africa","2002","0.56"
"1844","Sao Tome and Principe","Africa","2003","0.26"
"1845","Sao Tome and Principe","Africa","2004","0.57"
"1846","Sao Tome and Principe","Africa","2005","0.58"
"1847","Sao Tome and Principe","Africa","2006","0.35"
"1848","Sao Tome and Principe","Africa","2007","0.39"
"1849","Sao Tome and Principe","Africa","2008","0.18"
"1850","Sao Tome and Principe","Africa","2009","0.15"
"1851","Sao Tome and Principe","Africa","2010","0.12"
"1852","Sao Tome and Principe","Africa","2011","0.01"
"1853","Sao Tome and Principe","Africa","2012","0.01"
"1854","Sao Tome and Principe","Africa","2013","0.11"
"1855","Sao Tome and Principe","Africa","2014","0.18"
"1856","Sao Tome and Principe","Africa","2015","0.14"
"1857","Sao Tome and Principe","Africa","2016","0.22"
"1858","Sao Tome and Principe","Africa","2017","0.19"
"1859","Sao Tome and Principe","Africa","2018","0.52"
"1860","Sao Tome and Principe","Africa","2019","0.51"
"1861","Sao Tome and Principe","Africa","2020","0.5"
"1862","Sao Tome and Principe","Africa","2021","0.6"
"1863","Sao Tome and Principe","Africa","2022",""
"1864","Senegal","Africa","2000","-0.59"
"1865","Senegal","Africa","2001",""
"1866","Senegal","Africa","2002","-0.27"
"1867","Senegal","Africa","2003","-0.25"
"1868","Senegal","Africa","2004","0.03"
"1869","Senegal","Africa","2005","-0.2"
"1870","Senegal","Africa","2006","-0.26"
"1871","Senegal","Africa","2007","-0.24"
"1872","Senegal","Africa","2008","-0.15"
"1873","Senegal","Africa","2009","-0.21"
"1874","Senegal","Africa","2010","-0.42"
"1875","Senegal","Africa","2011","-0.28"
"1876","Senegal","Africa","2012","-0.11"
"1877","Senegal","Africa","2013","-0.06"
"1878","Senegal","Africa","2014","-0.2"
"1879","Senegal","Africa","2015","-0.12"
"1880","Senegal","Africa","2016","-0.22"
"1881","Senegal","Africa","2017","-0.05"
"1882","Senegal","Africa","2018","-0.1"
"1883","Senegal","Africa","2019","0.05"
"1884","Senegal","Africa","2020","-0.14"
"1885","Senegal","Africa","2021","-0.17"
"1886","Senegal","Africa","2022",""
"1887","Seychelles","Africa","2000","1.28"
"1888","Seychelles","Africa","2001",""
"1889","Seychelles","Africa","2002","0.9"
"1890","Seychelles","Africa","2003","0.65"
"1891","Seychelles","Africa","2004","0.66"
"1892","Seychelles","Africa","2005","0.93"
"1893","Seychelles","Africa","2006","0.91"
"1894","Seychelles","Africa","2007","0.79"
"1895","Seychelles","Africa","2008","0.75"
"1896","Seychelles","Africa","2009","0.6"
"1897","Seychelles","Africa","2010","0.86"
"1898","Seychelles","Africa","2011","0.94"
"1899","Seychelles","Africa","2012","0.74"
"1900","Seychelles","Africa","2013","0.83"
"1901","Seychelles","Africa","2014","0.36"
"1902","Seychelles","Africa","2015","0.69"
"1903","Seychelles","Africa","2016","0.73"
"1904","Seychelles","Africa","2017","0.79"
"1905","Seychelles","Africa","2018","0.69"
"1906","Seychelles","Africa","2019","0.68"
"1907","Seychelles","Africa","2020","0.73"
"1908","Seychelles","Africa","2021","0.76"
"1909","Seychelles","Africa","2022",""
"1910","Sierra Leone","Africa","2000","-1.87"
"1911","Sierra Leone","Africa","2001",""
"1912","Sierra Leone","Africa","2002","-0.69"
"1913","Sierra Leone","Africa","2003","-1.08"
"1914","Sierra Leone","Africa","2004","-0.51"
"1915","Sierra Leone","Africa","2005","-0.48"
"1916","Sierra Leone","Africa","2006","-0.3"
"1917","Sierra Leone","Africa","2007","-0.06"
"1918","Sierra Leone","Africa","2008","-0.24"
"1919","Sierra Leone","Africa","2009","-0.29"
"1920","Sierra Leone","Africa","2010","-0.24"
"1921","Sierra Leone","Africa","2011","-0.17"
"1922","Sierra Leone","Africa","2012","-0.28"
"1923","Sierra Leone","Africa","2013","-0.17"
"1924","Sierra Leone","Africa","2014","-0.1"
"1925","Sierra Leone","Africa","2015","-0.1"
"1926","Sierra Leone","Africa","2016","-0.16"
"1927","Sierra Leone","Africa","2017","-0.04"
"1928","Sierra Leone","Africa","2018","-0.09"
"1929","Sierra Leone","Africa","2019","-0.05"
"1930","Sierra Leone","Africa","2020","-0.3"
"1931","Sierra Leone","Africa","2021","-0.16"
"1932","Sierra Leone","Africa","2022",""
"1933","Somalia","Africa","2000","-1.95"
"1934","Somalia","Africa","2001",""
"1935","Somalia","Africa","2002","-2.37"
"1936","Somalia","Africa","2003","-2.57"
"1937","Somalia","Africa","2004","-2.88"
"1938","Somalia","Africa","2005","-2.71"
"1939","Somalia","Africa","2006","-2.75"
"1940","Somalia","Africa","2007","-3.23"
"1941","Somalia","Africa","2008","-3.28"
"1942","Somalia","Africa","2009","-3.31"
"1943","Somalia","Africa","2010","-3.13"
"1944","Somalia","Africa","2011","-3.08"
"1945","Somalia","Africa","2012","-2.86"
"1946","Somalia","Africa","2013","-2.76"
"1947","Somalia","Africa","2014","-2.52"
"1948","Somalia","Africa","2015","-2.38"
"1949","Somalia","Africa","2016","-2.36"
"1950","Somalia","Africa","2017","-2.26"
"1951","Somalia","Africa","2018","-2.26"
"1952","Somalia","Africa","2019","-2.39"
"1953","Somalia","Africa","2020","-2.58"
"1954","Somalia","Africa","2021","-2.68"
"1955","Somalia","Africa","2022",""
"1956","South Africa","Africa","2000","-0.23"
"1957","South Africa","Africa","2001",""
"1958","South Africa","Africa","2002","-0.25"
"1959","South Africa","Africa","2003","-0.31"
"1960","South Africa","Africa","2004","-0.13"
"1961","South Africa","Africa","2005","-0.16"
"1962","South Africa","Africa","2006","0.05"
"1963","South Africa","Africa","2007","0.22"
"1964","South Africa","Africa","2008","0.05"
"1965","South Africa","Africa","2009","-0.11"
"1966","South Africa","Africa","2010","-0.03"
"1967","South Africa","Africa","2011","0.02"
"1968","South Africa","Africa","2012","-0.03"
"1969","South Africa","Africa","2013","-0.05"
"1970","South Africa","Africa","2014","-0.15"
"1971","South Africa","Africa","2015","-0.21"
"1972","South Africa","Africa","2016","-0.14"
"1973","South Africa","Africa","2017","-0.28"
"1974","South Africa","Africa","2018","-0.23"
"1975","South Africa","Africa","2019","-0.27"
"1976","South Africa","Africa","2020","-0.24"
"1977","South Africa","Africa","2021","-0.71"
"1978","South Africa","Africa","2022",""
"1979","South Sudan","Africa","2000",""
"1980","South Sudan","Africa","2001",""
"1981","South Sudan","Africa","2002",""
"1982","South Sudan","Africa","2003",""
"1983","South Sudan","Africa","2004",""
"1984","South Sudan","Africa","2005",""
"1985","South Sudan","Africa","2006",""
"1986","South Sudan","Africa","2007",""
"1987","South Sudan","Africa","2008",""
"1988","South Sudan","Africa","2009",""
"1989","South Sudan","Africa","2010",""
"1990","South Sudan","Africa","2011","-1.43"
"1991","South Sudan","Africa","2012","-1.16"
"1992","South Sudan","Africa","2013","-1.73"
"1993","South Sudan","Africa","2014","-2.65"
"1994","South Sudan","Africa","2015","-2.38"
"1995","South Sudan","Africa","2016","-2.42"
"1996","South Sudan","Africa","2017","-2.45"
"1997","South Sudan","Africa","2018","-2.44"
"1998","South Sudan","Africa","2019","-2.51"
"1999","South Sudan","Africa","2020","-2.21"
"2000","South Sudan","Africa","2021","-2.3"
"2001","South Sudan","Africa","2022",""
"2002","Sudan","Africa","2000","-2.24"
"2003","Sudan","Africa","2001",""
"2004","Sudan","Africa","2002","-1.85"
"2005","Sudan","Africa","2003","-1.98"
"2006","Sudan","Africa","2004","-1.55"
"2007","Sudan","Africa","2005","-1.97"
"2008","Sudan","Africa","2006","-2.14"
"2009","Sudan","Africa","2007","-2.36"
"2010","Sudan","Africa","2008","-2.49"
"2011","Sudan","Africa","2009","-2.65"
"2012","Sudan","Africa","2010","-2.67"
"2013","Sudan","Africa","2011","-2.52"
"2014","Sudan","Africa","2012","-2.26"
"2015","Sudan","Africa","2013","-2.19"
"2016","Sudan","Africa","2014","-2.36"
"2017","Sudan","Africa","2015","-2.16"
"2018","Sudan","Africa","2016","-2.34"
"2019","Sudan","Africa","2017","-1.98"
"2020","Sudan","Africa","2018","-1.82"
"2021","Sudan","Africa","2019","-1.7"
"2022","Sudan","Africa","2020","-1.66"
"2023","Sudan","Africa","2021","-1.94"
"2024","Sudan","Africa","2022",""
"2025","Togo","Africa","2000","-0.29"
"2026","Togo","Africa","2001",""
"2027","Togo","Africa","2002","0.06"
"2028","Togo","Africa","2003","-0.19"
"2029","Togo","Africa","2004","-0.31"
"2030","Togo","Africa","2005","-1.44"
"2031","Togo","Africa","2006","-0.53"
"2032","Togo","Africa","2007","-0.34"
"2033","Togo","Africa","2008","-0.17"
"2034","Togo","Africa","2009","-0.17"
"2035","Togo","Africa","2010","-0.18"
"2036","Togo","Africa","2011","-0.16"
"2037","Togo","Africa","2012","-0.39"
"2038","Togo","Africa","2013","-0.35"
"2039","Togo","Africa","2014","-0.17"
"2040","Togo","Africa","2015","-0.23"
"2041","Togo","Africa","2016","-0.17"
"2042","Togo","Africa","2017","-0.88"
"2043","Togo","Africa","2018","-0.89"
"2044","Togo","Africa","2019","-0.92"
"2045","Togo","Africa","2020","-0.92"
"2046","Togo","Africa","2021","-0.8"
"2047","Togo","Africa","2022",""
"2048","Tunisia","Africa","2000","0.32"
"2049","Tunisia","Africa","2001",""
"2050","Tunisia","Africa","2002","0.15"
"2051","Tunisia","Africa","2003","0.32"
"2052","Tunisia","Africa","2004","0.15"
"2053","Tunisia","Africa","2005","0.02"
"2054","Tunisia","Africa","2006","0.21"
"2055","Tunisia","Africa","2007","0.16"
"2056","Tunisia","Africa","2008","0.1"
"2057","Tunisia","Africa","2009","0.06"
"2058","Tunisia","Africa","2010","-0.06"
"2059","Tunisia","Africa","2011","-0.35"
"2060","Tunisia","Africa","2012","-0.72"
"2061","Tunisia","Africa","2013","-0.9"
"2062","Tunisia","Africa","2014","-0.85"
"2063","Tunisia","Africa","2015","-0.96"
"2064","Tunisia","Africa","2016","-1.14"
"2065","Tunisia","Africa","2017","-1.02"
"2066","Tunisia","Africa","2018","-0.87"
"2067","Tunisia","Africa","2019","-0.87"
"2068","Tunisia","Africa","2020","-0.58"
"2069","Tunisia","Africa","2021","-0.7"
"2070","Tunisia","Africa","2022",""
"2071","Uganda","Africa","2000","-1.25"
"2072","Uganda","Africa","2001",""
"2073","Uganda","Africa","2002","-1.42"
"2074","Uganda","Africa","2003","-1.56"
"2075","Uganda","Africa","2004","-1.3"
"2076","Uganda","Africa","2005","-1.42"
"2077","Uganda","Africa","2006","-1.14"
"2078","Uganda","Africa","2007","-0.92"
"2079","Uganda","Africa","2008","-0.88"
"2080","Uganda","Africa","2009","-0.99"
"2081","Uganda","Africa","2010","-1"
"2082","Uganda","Africa","2011","-0.98"
"2083","Uganda","Africa","2012","-0.87"
"2084","Uganda","Africa","2013","-0.84"
"2085","Uganda","Africa","2014","-0.94"
"2086","Uganda","Africa","2015","-0.8"
"2087","Uganda","Africa","2016","-0.72"
"2088","Uganda","Africa","2017","-0.57"
"2089","Uganda","Africa","2018","-0.7"
"2090","Uganda","Africa","2019","-0.69"
"2091","Uganda","Africa","2020","-0.81"
"2092","Uganda","Africa","2021","-0.86"
"2093","Uganda","Africa","2022",""
"2094","United Republic of Tanzania","Africa","2000","-0.7"
"2095","United Republic of Tanzania","Africa","2001",""
"2096","United Republic of Tanzania","Africa","2002","-0.25"
"2097","United Republic of Tanzania","Africa","2003","-0.86"
"2098","United Republic of Tanzania","Africa","2004","-0.67"
"2099","United Republic of Tanzania","Africa","2005","-0.58"
"2100","United Republic of Tanzania","Africa","2006","-0.36"
"2101","United Republic of Tanzania","Africa","2007","-0.39"
"2102","United Republic of Tanzania","Africa","2008","-0.23"
"2103","United Republic of Tanzania","Africa","2009","0.09"
"2104","United Republic of Tanzania","Africa","2010","0.01"
"2105","United Republic of Tanzania","Africa","2011","-0.02"
"2106","United Republic of Tanzania","Africa","2012","0.05"
"2107","United Republic of Tanzania","Africa","2013","-0.16"
"2108","United Republic of Tanzania","Africa","2014","-0.6"
"2109","United Republic of Tanzania","Africa","2015","-0.42"
"2110","United Republic of Tanzania","Africa","2016","-0.44"
"2111","United Republic of Tanzania","Africa","2017","-0.56"
"2112","United Republic of Tanzania","Africa","2018","-0.57"
"2113","United Republic of Tanzania","Africa","2019","-0.37"
"2114","United Republic of Tanzania","Africa","2020","-0.47"
"2115","United Republic of Tanzania","Africa","2021","-0.44"
"2116","United Republic of Tanzania","Africa","2022",""
"2117","Zambia","Africa","2000","0.04"
"2118","Zambia","Africa","2001",""
"2119","Zambia","Africa","2002","-0.27"
"2120","Zambia","Africa","2003","0.22"
"2121","Zambia","Africa","2004","0.19"
"2122","Zambia","Africa","2005","0.11"
"2123","Zambia","Africa","2006","0.36"
"2124","Zambia","Africa","2007","0.36"
"2125","Zambia","Africa","2008","0.47"
"2126","Zambia","Africa","2009","0.57"
"2127","Zambia","Africa","2010","0.52"
"2128","Zambia","Africa","2011","0.51"
"2129","Zambia","Africa","2012","0.66"
"2130","Zambia","Africa","2013","0.44"
"2131","Zambia","Africa","2014","0.16"
"2132","Zambia","Africa","2015","0.15"
"2133","Zambia","Africa","2016","0.14"
"2134","Zambia","Africa","2017","0.15"
"2135","Zambia","Africa","2018","0.09"
"2136","Zambia","Africa","2019","-0.11"
"2137","Zambia","Africa","2020","-0.13"
"2138","Zambia","Africa","2021","0.06"
"2139","Zambia","Africa","2022",""
"2140","Zimbabwe","Africa","2000","-1.32"
"2141","Zimbabwe","Africa","2001",""
"2142","Zimbabwe","Africa","2002","-1.52"
"2143","Zimbabwe","Africa","2003","-1.09"
"2144","Zimbabwe","Africa","2004","-1.2"
"2145","Zimbabwe","Africa","2005","-1.27"
"2146","Zimbabwe","Africa","2006","-0.93"
"2147","Zimbabwe","Africa","2007","-1.11"
"2148","Zimbabwe","Africa","2008","-1.21"
"2149","Zimbabwe","Africa","2009","-1.17"
"2150","Zimbabwe","Africa","2010","-1.1"
"2151","Zimbabwe","Africa","2011","-0.95"
"2152","Zimbabwe","Africa","2012","-0.78"
"2153","Zimbabwe","Africa","2013","-0.67"
"2154","Zimbabwe","Africa","2014","-0.71"
"2155","Zimbabwe","Africa","2015","-0.62"
"2156","Zimbabwe","Africa","2016","-0.62"
"2157","Zimbabwe","Africa","2017","-0.71"
"2158","Zimbabwe","Africa","2018","-0.72"
"2159","Zimbabwe","Africa","2019","-0.96"
"2160","Zimbabwe","Africa","2020","-1.07"
"2161","Zimbabwe","Africa","2021","-1.03"
"2162","Zimbabwe","Africa","2022",""
