"","Area","Region","YearPeriod","PercentStunted","PercentOverweight"
"1","Albania","Europe","Y2000","29.5","29.5"
"2","Albania","Europe","Y2001","29.6","29.6"
"3","Albania","Europe","Y2002","29.5","29.5"
"4","Albania","Europe","Y2003","29.2","29.2"
"5","Albania","Europe","Y2004","28.5","28.5"
"6","Albania","Europe","Y2005","27.6","27.6"
"7","Albania","Europe","Y2006","26.3","26.3"
"8","Albania","Europe","Y2007","24.7","24.7"
"9","Albania","Europe","Y2008","22.9","22.9"
"10","Albania","Europe","Y2009","21.1","21.1"
"11","Albania","Europe","Y2010","19.3","19.3"
"12","Albania","Europe","Y2011","17.8","17.8"
"13","Albania","Europe","Y2012","16.4","16.4"
"14","Albania","Europe","Y2013","15.2","15.2"
"15","Albania","Europe","Y2014","14.3","14.3"
"16","Albania","Europe","Y2015","13.5","13.5"
"17","Albania","Europe","Y2016","12.7","12.7"
"18","Albania","Europe","Y2017","11.9","11.9"
"19","Albania","Europe","Y2018","11.1","11.1"
"20","Albania","Europe","Y2019","10.3","10.3"
"21","Albania","Europe","Y2020","9.5","9.5"
"22","Albania","Europe","Y2021","8.8","8.8"
"23","Albania","Europe","Y2022","8.3","8.3"
"24","Algeria","Africa","Y2000","22.3","22.3"
"25","Algeria","Africa","Y2001","21.5","21.5"
"26","Algeria","Africa","Y2002","20.7","20.7"
"27","Algeria","Africa","Y2003","19.8","19.8"
"28","Algeria","Africa","Y2004","18.9","18.9"
"29","Algeria","Africa","Y2005","18.1","18.1"
"30","Algeria","Africa","Y2006","17.2","17.2"
"31","Algeria","Africa","Y2007","16.3","16.3"
"32","Algeria","Africa","Y2008","15.4","15.4"
"33","Algeria","Africa","Y2009","14.4","14.4"
"34","Algeria","Africa","Y2010","13.6","13.6"
"35","Algeria","Africa","Y2011","12.8","12.8"
"36","Algeria","Africa","Y2012","12.1","12.1"
"37","Algeria","Africa","Y2013","11.6","11.6"
"38","Algeria","Africa","Y2014","11.1","11.1"
"39","Algeria","Africa","Y2015","10.7","10.7"
"40","Algeria","Africa","Y2016","10.4","10.4"
"41","Algeria","Africa","Y2017","10","10"
"42","Algeria","Africa","Y2018","9.7","9.7"
"43","Algeria","Africa","Y2019","9.4","9.4"
"44","Algeria","Africa","Y2020","9.1","9.1"
"45","Algeria","Africa","Y2021","8.8","8.8"
"46","Algeria","Africa","Y2022","8.6","8.6"
"47","Angola","Africa","Y2000","46.5","46.5"
"48","Angola","Africa","Y2001","43.5","43.5"
"49","Angola","Africa","Y2002","40.6","40.6"
"50","Angola","Africa","Y2003","38","38"
"51","Angola","Africa","Y2004","35.7","35.7"
"52","Angola","Africa","Y2005","33.9","33.9"
"53","Angola","Africa","Y2006","32.5","32.5"
"54","Angola","Africa","Y2007","31.6","31.6"
"55","Angola","Africa","Y2008","30.9","30.9"
"56","Angola","Africa","Y2009","30.7","30.7"
"57","Angola","Africa","Y2010","30.8","30.8"
"58","Angola","Africa","Y2011","31.1","31.1"
"59","Angola","Africa","Y2012","31.8","31.8"
"60","Angola","Africa","Y2013","32.8","32.8"
"61","Angola","Africa","Y2014","34.1","34.1"
"62","Angola","Africa","Y2015","35.6","35.6"
"63","Angola","Africa","Y2016","37.2","37.2"
"64","Angola","Africa","Y2017","38.7","38.7"
"65","Angola","Africa","Y2018","40.2","40.2"
"66","Angola","Africa","Y2019","41.4","41.4"
"67","Angola","Africa","Y2020","42.4","42.4"
"68","Angola","Africa","Y2021","43.1","43.1"
"69","Angola","Africa","Y2022","43.6","43.6"
"70","Belarus","Europe","Y2000","4.7","4.7"
"71","Belarus","Europe","Y2001","4.5","4.5"
"72","Belarus","Europe","Y2002","4.5","4.5"
"73","Belarus","Europe","Y2003","4.4","4.4"
"74","Belarus","Europe","Y2004","4.5","4.5"
"75","Belarus","Europe","Y2005","4.5","4.5"
"76","Belarus","Europe","Y2006","4.4","4.4"
"77","Belarus","Europe","Y2007","4.4","4.4"
"78","Belarus","Europe","Y2008","4.4","4.4"
"79","Belarus","Europe","Y2009","4.1","4.1"
"80","Belarus","Europe","Y2010","4","4"
"81","Belarus","Europe","Y2011","3.9","3.9"
"82","Belarus","Europe","Y2012","3.9","3.9"
"83","Belarus","Europe","Y2013","3.8","3.8"
"84","Belarus","Europe","Y2014","3.8","3.8"
"85","Belarus","Europe","Y2015","3.8","3.8"
"86","Belarus","Europe","Y2016","3.7","3.7"
"87","Belarus","Europe","Y2017","3.7","3.7"
"88","Belarus","Europe","Y2018","3.7","3.7"
"89","Belarus","Europe","Y2019","3.7","3.7"
"90","Belarus","Europe","Y2020","3.6","3.6"
"91","Belarus","Europe","Y2021","3.6","3.6"
"92","Belarus","Europe","Y2022","3.6","3.6"
"93","Belgium","Europe","Y2000","4","4"
"94","Belgium","Europe","Y2001","4","4"
"95","Belgium","Europe","Y2002","4","4"
"96","Belgium","Europe","Y2003","3.9","3.9"
"97","Belgium","Europe","Y2004","3.8","3.8"
"98","Belgium","Europe","Y2005","3.7","3.7"
"99","Belgium","Europe","Y2006","3.6","3.6"
"100","Belgium","Europe","Y2007","3.5","3.5"
"101","Belgium","Europe","Y2008","3.4","3.4"
"102","Belgium","Europe","Y2009","3.2","3.2"
"103","Belgium","Europe","Y2010","3.1","3.1"
"104","Belgium","Europe","Y2011","2.9","2.9"
"105","Belgium","Europe","Y2012","2.8","2.8"
"106","Belgium","Europe","Y2013","2.7","2.7"
"107","Belgium","Europe","Y2014","2.7","2.7"
"108","Belgium","Europe","Y2015","2.6","2.6"
"109","Belgium","Europe","Y2016","2.6","2.6"
"110","Belgium","Europe","Y2017","2.6","2.6"
"111","Belgium","Europe","Y2018","2.5","2.5"
"112","Belgium","Europe","Y2019","2.5","2.5"
"113","Belgium","Europe","Y2020","2.5","2.5"
"114","Belgium","Europe","Y2021","2.4","2.4"
"115","Belgium","Europe","Y2022","2.4","2.4"
"116","Benin","Africa","Y2000","34.9","34.9"
"117","Benin","Africa","Y2001","35","35"
"118","Benin","Africa","Y2002","35.2","35.2"
"119","Benin","Africa","Y2003","35.4","35.4"
"120","Benin","Africa","Y2004","35.7","35.7"
"121","Benin","Africa","Y2005","36.1","36.1"
"122","Benin","Africa","Y2006","36.4","36.4"
"123","Benin","Africa","Y2007","36.4","36.4"
"124","Benin","Africa","Y2008","36.2","36.2"
"125","Benin","Africa","Y2009","35.8","35.8"
"126","Benin","Africa","Y2010","35.2","35.2"
"127","Benin","Africa","Y2011","34.5","34.5"
"128","Benin","Africa","Y2012","33.9","33.9"
"129","Benin","Africa","Y2013","33.5","33.5"
"130","Benin","Africa","Y2014","33.1","33.1"
"131","Benin","Africa","Y2015","32.9","32.9"
"132","Benin","Africa","Y2016","32.7","32.7"
"133","Benin","Africa","Y2017","32.5","32.5"
"134","Benin","Africa","Y2018","32.3","32.3"
"135","Benin","Africa","Y2019","31.9","31.9"
"136","Benin","Africa","Y2020","31.4","31.4"
"137","Benin","Africa","Y2021","30.9","30.9"
"138","Benin","Africa","Y2022","30.4","30.4"
"139","Bosnia and Herzegovina","Europe","Y2000","12.4","12.4"
"140","Bosnia and Herzegovina","Europe","Y2001","11.8","11.8"
"141","Bosnia and Herzegovina","Europe","Y2002","11.6","11.6"
"142","Bosnia and Herzegovina","Europe","Y2003","11.4","11.4"
"143","Bosnia and Herzegovina","Europe","Y2004","11.3","11.3"
"144","Bosnia and Herzegovina","Europe","Y2005","11.2","11.2"
"145","Bosnia and Herzegovina","Europe","Y2006","11.1","11.1"
"146","Bosnia and Herzegovina","Europe","Y2007","11","11"
"147","Bosnia and Herzegovina","Europe","Y2008","10.8","10.8"
"148","Bosnia and Herzegovina","Europe","Y2009","10.4","10.4"
"149","Bosnia and Herzegovina","Europe","Y2010","10","10"
"150","Bosnia and Herzegovina","Europe","Y2011","9.6","9.6"
"151","Bosnia and Herzegovina","Europe","Y2012","9.2","9.2"
"152","Bosnia and Herzegovina","Europe","Y2013","8.9","8.9"
"153","Bosnia and Herzegovina","Europe","Y2014","8.7","8.7"
"154","Bosnia and Herzegovina","Europe","Y2015","8.6","8.6"
"155","Bosnia and Herzegovina","Europe","Y2016","8.5","8.5"
"156","Bosnia and Herzegovina","Europe","Y2017","8.4","8.4"
"157","Bosnia and Herzegovina","Europe","Y2018","8.4","8.4"
"158","Bosnia and Herzegovina","Europe","Y2019","8.3","8.3"
"159","Bosnia and Herzegovina","Europe","Y2020","8.2","8.2"
"160","Bosnia and Herzegovina","Europe","Y2021","8.1","8.1"
"161","Bosnia and Herzegovina","Europe","Y2022","8","8"
"162","Botswana","Africa","Y2000","30.3","30.3"
"163","Botswana","Africa","Y2001","30.1","30.1"
"164","Botswana","Africa","Y2002","30","30"
"165","Botswana","Africa","Y2003","29.7","29.7"
"166","Botswana","Africa","Y2004","29.5","29.5"
"167","Botswana","Africa","Y2005","29.3","29.3"
"168","Botswana","Africa","Y2006","28.8","28.8"
"169","Botswana","Africa","Y2007","28.3","28.3"
"170","Botswana","Africa","Y2008","27.8","27.8"
"171","Botswana","Africa","Y2009","27","27"
"172","Botswana","Africa","Y2010","26.1","26.1"
"173","Botswana","Africa","Y2011","25.3","25.3"
"174","Botswana","Africa","Y2012","24.6","24.6"
"175","Botswana","Africa","Y2013","23.6","23.6"
"176","Botswana","Africa","Y2014","23.2","23.2"
"177","Botswana","Africa","Y2015","22.9","22.9"
"178","Botswana","Africa","Y2016","22.9","22.9"
"179","Botswana","Africa","Y2017","22.9","22.9"
"180","Botswana","Africa","Y2018","23","23"
"181","Botswana","Africa","Y2019","22.8","22.8"
"182","Botswana","Africa","Y2020","22.5","22.5"
"183","Botswana","Africa","Y2021","22.1","22.1"
"184","Botswana","Africa","Y2022","21.6","21.6"
"185","Bulgaria","Europe","Y2000","8.1","8.1"
"186","Bulgaria","Europe","Y2001","8.3","8.3"
"187","Bulgaria","Europe","Y2002","8.4","8.4"
"188","Bulgaria","Europe","Y2003","8.5","8.5"
"189","Bulgaria","Europe","Y2004","8.6","8.6"
"190","Bulgaria","Europe","Y2005","8.6","8.6"
"191","Bulgaria","Europe","Y2006","8.6","8.6"
"192","Bulgaria","Europe","Y2007","8.4","8.4"
"193","Bulgaria","Europe","Y2008","8.2","8.2"
"194","Bulgaria","Europe","Y2009","8","8"
"195","Bulgaria","Europe","Y2010","7.7","7.7"
"196","Bulgaria","Europe","Y2011","7.4","7.4"
"197","Bulgaria","Europe","Y2012","7.1","7.1"
"198","Bulgaria","Europe","Y2013","6.9","6.9"
"199","Bulgaria","Europe","Y2014","6.8","6.8"
"200","Bulgaria","Europe","Y2015","6.6","6.6"
"201","Bulgaria","Europe","Y2016","6.5","6.5"
"202","Bulgaria","Europe","Y2017","6.4","6.4"
"203","Bulgaria","Europe","Y2018","6.2","6.2"
"204","Bulgaria","Europe","Y2019","6.1","6.1"
"205","Bulgaria","Europe","Y2020","5.9","5.9"
"206","Bulgaria","Europe","Y2021","5.7","5.7"
"207","Bulgaria","Europe","Y2022","5.6","5.6"
"208","Burkina Faso","Africa","Y2000","40.5","40.5"
"209","Burkina Faso","Africa","Y2001","40.9","40.9"
"210","Burkina Faso","Africa","Y2002","41.3","41.3"
"211","Burkina Faso","Africa","Y2003","41.5","41.5"
"212","Burkina Faso","Africa","Y2004","41.6","41.6"
"213","Burkina Faso","Africa","Y2005","41.5","41.5"
"214","Burkina Faso","Africa","Y2006","41.2","41.2"
"215","Burkina Faso","Africa","Y2007","40.6","40.6"
"216","Burkina Faso","Africa","Y2008","39.6","39.6"
"217","Burkina Faso","Africa","Y2009","38.3","38.3"
"218","Burkina Faso","Africa","Y2010","36.7","36.7"
"219","Burkina Faso","Africa","Y2011","35.1","35.1"
"220","Burkina Faso","Africa","Y2012","33.3","33.3"
"221","Burkina Faso","Africa","Y2013","31.5","31.5"
"222","Burkina Faso","Africa","Y2014","29.9","29.9"
"223","Burkina Faso","Africa","Y2015","28.4","28.4"
"224","Burkina Faso","Africa","Y2016","27","27"
"225","Burkina Faso","Africa","Y2017","25.8","25.8"
"226","Burkina Faso","Africa","Y2018","24.8","24.8"
"227","Burkina Faso","Africa","Y2019","23.9","23.9"
"228","Burkina Faso","Africa","Y2020","23.1","23.1"
"229","Burkina Faso","Africa","Y2021","22.4","22.4"
"230","Burkina Faso","Africa","Y2022","21.8","21.8"
"231","Burundi","Africa","Y2000","63.1","63.1"
"232","Burundi","Africa","Y2001","62.6","62.6"
"233","Burundi","Africa","Y2002","62","62"
"234","Burundi","Africa","Y2003","61.5","61.5"
"235","Burundi","Africa","Y2004","61","61"
"236","Burundi","Africa","Y2005","60.6","60.6"
"237","Burundi","Africa","Y2006","60.2","60.2"
"238","Burundi","Africa","Y2007","59.7","59.7"
"239","Burundi","Africa","Y2008","59.1","59.1"
"240","Burundi","Africa","Y2009","58.4","58.4"
"241","Burundi","Africa","Y2010","57.7","57.7"
"242","Burundi","Africa","Y2011","57","57"
"243","Burundi","Africa","Y2012","56.5","56.5"
"244","Burundi","Africa","Y2013","56.1","56.1"
"245","Burundi","Africa","Y2014","55.9","55.9"
"246","Burundi","Africa","Y2015","55.9","55.9"
"247","Burundi","Africa","Y2016","55.9","55.9"
"248","Burundi","Africa","Y2017","56","56"
"249","Burundi","Africa","Y2018","56.1","56.1"
"250","Burundi","Africa","Y2019","56.2","56.2"
"251","Burundi","Africa","Y2020","56.3","56.3"
"252","Burundi","Africa","Y2021","56.4","56.4"
"253","Burundi","Africa","Y2022","56.5","56.5"
"254","Cabo Verde","Africa","Y2000","17.8","17.8"
"255","Cabo Verde","Africa","Y2001","17.3","17.3"
"256","Cabo Verde","Africa","Y2002","16.9","16.9"
"257","Cabo Verde","Africa","Y2003","16.4","16.4"
"258","Cabo Verde","Africa","Y2004","15.9","15.9"
"259","Cabo Verde","Africa","Y2005","15.6","15.6"
"260","Cabo Verde","Africa","Y2006","15.4","15.4"
"261","Cabo Verde","Africa","Y2007","15.1","15.1"
"262","Cabo Verde","Africa","Y2008","14.8","14.8"
"263","Cabo Verde","Africa","Y2009","14.3","14.3"
"264","Cabo Verde","Africa","Y2010","13.8","13.8"
"265","Cabo Verde","Africa","Y2011","13.2","13.2"
"266","Cabo Verde","Africa","Y2012","12.6","12.6"
"267","Cabo Verde","Africa","Y2013","12.1","12.1"
"268","Cabo Verde","Africa","Y2014","11.7","11.7"
"269","Cabo Verde","Africa","Y2015","11.4","11.4"
"270","Cabo Verde","Africa","Y2016","11.1","11.1"
"271","Cabo Verde","Africa","Y2017","10.8","10.8"
"272","Cabo Verde","Africa","Y2018","10.5","10.5"
"273","Cabo Verde","Africa","Y2019","10.2","10.2"
"274","Cabo Verde","Africa","Y2020","9.9","9.9"
"275","Cabo Verde","Africa","Y2021","9.6","9.6"
"276","Cabo Verde","Africa","Y2022","9.4","9.4"
"277","Cameroon","Africa","Y2000","37.5","37.5"
"278","Cameroon","Africa","Y2001","37.6","37.6"
"279","Cameroon","Africa","Y2002","37.6","37.6"
"280","Cameroon","Africa","Y2003","37.5","37.5"
"281","Cameroon","Africa","Y2004","37.3","37.3"
"282","Cameroon","Africa","Y2005","37","37"
"283","Cameroon","Africa","Y2006","36.6","36.6"
"284","Cameroon","Africa","Y2007","36.1","36.1"
"285","Cameroon","Africa","Y2008","35.4","35.4"
"286","Cameroon","Africa","Y2009","34.6","34.6"
"287","Cameroon","Africa","Y2010","33.7","33.7"
"288","Cameroon","Africa","Y2011","32.9","32.9"
"289","Cameroon","Africa","Y2012","32.1","32.1"
"290","Cameroon","Africa","Y2013","31.5","31.5"
"291","Cameroon","Africa","Y2014","31","31"
"292","Cameroon","Africa","Y2015","30.5","30.5"
"293","Cameroon","Africa","Y2016","30","30"
"294","Cameroon","Africa","Y2017","29.5","29.5"
"295","Cameroon","Africa","Y2018","29","29"
"296","Cameroon","Africa","Y2019","28.5","28.5"
"297","Cameroon","Africa","Y2020","27.9","27.9"
"298","Cameroon","Africa","Y2021","27.3","27.3"
"299","Cameroon","Africa","Y2022","26.9","26.9"
"300","Central African Republic","Africa","Y2000","43.1","43.1"
"301","Central African Republic","Africa","Y2001","43.3","43.3"
"302","Central African Republic","Africa","Y2002","43.4","43.4"
"303","Central African Republic","Africa","Y2003","43.5","43.5"
"304","Central African Republic","Africa","Y2004","43.5","43.5"
"305","Central African Republic","Africa","Y2005","43.6","43.6"
"306","Central African Republic","Africa","Y2006","43.5","43.5"
"307","Central African Republic","Africa","Y2007","43.3","43.3"
"308","Central African Republic","Africa","Y2008","42.8","42.8"
"309","Central African Republic","Africa","Y2009","42.3","42.3"
"310","Central African Republic","Africa","Y2010","41.7","41.7"
"311","Central African Republic","Africa","Y2011","41.1","41.1"
"312","Central African Republic","Africa","Y2012","40.6","40.6"
"313","Central African Republic","Africa","Y2013","40.6","40.6"
"314","Central African Republic","Africa","Y2014","40.8","40.8"
"315","Central African Republic","Africa","Y2015","40.9","40.9"
"316","Central African Republic","Africa","Y2016","40.9","40.9"
"317","Central African Republic","Africa","Y2017","40.9","40.9"
"318","Central African Republic","Africa","Y2018","40.8","40.8"
"319","Central African Republic","Africa","Y2019","40.5","40.5"
"320","Central African Republic","Africa","Y2020","40.3","40.3"
"321","Central African Republic","Africa","Y2021","40","40"
"322","Central African Republic","Africa","Y2022","39.8","39.8"
"323","Chad","Africa","Y2000","42","42"
"324","Chad","Africa","Y2001","42.1","42.1"
"325","Chad","Africa","Y2002","42.4","42.4"
"326","Chad","Africa","Y2003","42.5","42.5"
"327","Chad","Africa","Y2004","42.6","42.6"
"328","Chad","Africa","Y2005","42.6","42.6"
"329","Chad","Africa","Y2006","42.5","42.5"
"330","Chad","Africa","Y2007","42.3","42.3"
"331","Chad","Africa","Y2008","41.9","41.9"
"332","Chad","Africa","Y2009","41.3","41.3"
"333","Chad","Africa","Y2010","40.5","40.5"
"334","Chad","Africa","Y2011","39.7","39.7"
"335","Chad","Africa","Y2012","38.9","38.9"
"336","Chad","Africa","Y2013","38.2","38.2"
"337","Chad","Africa","Y2014","37.6","37.6"
"338","Chad","Africa","Y2015","36.9","36.9"
"339","Chad","Africa","Y2016","36.3","36.3"
"340","Chad","Africa","Y2017","35.7","35.7"
"341","Chad","Africa","Y2018","35","35"
"342","Chad","Africa","Y2019","34.4","34.4"
"343","Chad","Africa","Y2020","33.6","33.6"
"344","Chad","Africa","Y2021","32.9","32.9"
"345","Chad","Africa","Y2022","32.3","32.3"
"346","Comoros","Africa","Y2000","43.9","43.9"
"347","Comoros","Africa","Y2001","43.8","43.8"
"348","Comoros","Africa","Y2002","43.6","43.6"
"349","Comoros","Africa","Y2003","43","43"
"350","Comoros","Africa","Y2004","42.5","42.5"
"351","Comoros","Africa","Y2005","41.8","41.8"
"352","Comoros","Africa","Y2006","40.9","40.9"
"353","Comoros","Africa","Y2007","40","40"
"354","Comoros","Africa","Y2008","38.7","38.7"
"355","Comoros","Africa","Y2009","37.2","37.2"
"356","Comoros","Africa","Y2010","35.5","35.5"
"357","Comoros","Africa","Y2011","33.7","33.7"
"358","Comoros","Africa","Y2012","31.9","31.9"
"359","Comoros","Africa","Y2013","30.2","30.2"
"360","Comoros","Africa","Y2014","28.6","28.6"
"361","Comoros","Africa","Y2015","27.2","27.2"
"362","Comoros","Africa","Y2016","25.8","25.8"
"363","Comoros","Africa","Y2017","24.4","24.4"
"364","Comoros","Africa","Y2018","23","23"
"365","Comoros","Africa","Y2019","21.7","21.7"
"366","Comoros","Africa","Y2020","20.6","20.6"
"367","Comoros","Africa","Y2021","19.6","19.6"
"368","Comoros","Africa","Y2022","18.8","18.8"
"369","Congo","Africa","Y2000","33.7","33.7"
"370","Congo","Africa","Y2001","33.6","33.6"
"371","Congo","Africa","Y2002","33.4","33.4"
"372","Congo","Africa","Y2003","32.6","32.6"
"373","Congo","Africa","Y2004","31.8","31.8"
"374","Congo","Africa","Y2005","30.9","30.9"
"375","Congo","Africa","Y2006","30","30"
"376","Congo","Africa","Y2007","29.2","29.2"
"377","Congo","Africa","Y2008","28","28"
"378","Congo","Africa","Y2009","26.8","26.8"
"379","Congo","Africa","Y2010","25.5","25.5"
"380","Congo","Africa","Y2011","24.2","24.2"
"381","Congo","Africa","Y2012","23.1","23.1"
"382","Congo","Africa","Y2013","22.2","22.2"
"383","Congo","Africa","Y2014","21.5","21.5"
"384","Congo","Africa","Y2015","20.9","20.9"
"385","Congo","Africa","Y2016","20.3","20.3"
"386","Congo","Africa","Y2017","19.7","19.7"
"387","Congo","Africa","Y2018","19.1","19.1"
"388","Congo","Africa","Y2019","18.5","18.5"
"389","Congo","Africa","Y2020","17.8","17.8"
"390","Congo","Africa","Y2021","17.1","17.1"
"391","Congo","Africa","Y2022","16.5","16.5"
"392","Czechia","Europe","Y2000","2.6","2.6"
"393","Czechia","Europe","Y2001","2.6","2.6"
"394","Czechia","Europe","Y2002","2.7","2.7"
"395","Czechia","Europe","Y2003","2.7","2.7"
"396","Czechia","Europe","Y2004","2.7","2.7"
"397","Czechia","Europe","Y2005","2.7","2.7"
"398","Czechia","Europe","Y2006","2.7","2.7"
"399","Czechia","Europe","Y2007","2.7","2.7"
"400","Czechia","Europe","Y2008","2.6","2.6"
"401","Czechia","Europe","Y2009","2.6","2.6"
"402","Czechia","Europe","Y2010","2.5","2.5"
"403","Czechia","Europe","Y2011","2.5","2.5"
"404","Czechia","Europe","Y2012","2.5","2.5"
"405","Czechia","Europe","Y2013","2.5","2.5"
"406","Czechia","Europe","Y2014","2.5","2.5"
"407","Czechia","Europe","Y2015","2.5","2.5"
"408","Czechia","Europe","Y2016","2.5","2.5"
"409","Czechia","Europe","Y2017","2.5","2.5"
"410","Czechia","Europe","Y2018","2.5","2.5"
"411","Czechia","Europe","Y2019","2.5","2.5"
"412","Czechia","Europe","Y2020","2.5","2.5"
"413","Czechia","Europe","Y2021","2.5","2.5"
"414","Czechia","Europe","Y2022","2.5","2.5"
"415","Côte d'Ivoire","Africa","Y2000","32.6","32.6"
"416","Côte d'Ivoire","Africa","Y2001","32.8","32.8"
"417","Côte d'Ivoire","Africa","Y2002","33.1","33.1"
"418","Côte d'Ivoire","Africa","Y2003","33.2","33.2"
"419","Côte d'Ivoire","Africa","Y2004","33.4","33.4"
"420","Côte d'Ivoire","Africa","Y2005","33.5","33.5"
"421","Côte d'Ivoire","Africa","Y2006","33.6","33.6"
"422","Côte d'Ivoire","Africa","Y2007","33.4","33.4"
"423","Côte d'Ivoire","Africa","Y2008","33","33"
"424","Côte d'Ivoire","Africa","Y2009","32.3","32.3"
"425","Côte d'Ivoire","Africa","Y2010","31.4","31.4"
"426","Côte d'Ivoire","Africa","Y2011","30.5","30.5"
"427","Côte d'Ivoire","Africa","Y2012","29.6","29.6"
"428","Côte d'Ivoire","Africa","Y2013","28.7","28.7"
"429","Côte d'Ivoire","Africa","Y2014","27.7","27.7"
"430","Côte d'Ivoire","Africa","Y2015","26.9","26.9"
"431","Côte d'Ivoire","Africa","Y2016","25.9","25.9"
"432","Côte d'Ivoire","Africa","Y2017","24.8","24.8"
"433","Côte d'Ivoire","Africa","Y2018","23.8","23.8"
"434","Côte d'Ivoire","Africa","Y2019","22.8","22.8"
"435","Côte d'Ivoire","Africa","Y2020","21.8","21.8"
"436","Côte d'Ivoire","Africa","Y2021","20.9","20.9"
"437","Côte d'Ivoire","Africa","Y2022","20.2","20.2"
"438","Democratic Republic of the Congo","Africa","Y2000","46","46"
"439","Democratic Republic of the Congo","Africa","Y2001","46","46"
"440","Democratic Republic of the Congo","Africa","Y2002","46","46"
"441","Democratic Republic of the Congo","Africa","Y2003","46","46"
"442","Democratic Republic of the Congo","Africa","Y2004","45.9","45.9"
"443","Democratic Republic of the Congo","Africa","Y2005","45.7","45.7"
"444","Democratic Republic of the Congo","Africa","Y2006","45.5","45.5"
"445","Democratic Republic of the Congo","Africa","Y2007","45.2","45.2"
"446","Democratic Republic of the Congo","Africa","Y2008","44.7","44.7"
"447","Democratic Republic of the Congo","Africa","Y2009","44.3","44.3"
"448","Democratic Republic of the Congo","Africa","Y2010","43.7","43.7"
"449","Democratic Republic of the Congo","Africa","Y2011","43.2","43.2"
"450","Democratic Republic of the Congo","Africa","Y2012","42.7","42.7"
"451","Democratic Republic of the Congo","Africa","Y2013","42.3","42.3"
"452","Democratic Republic of the Congo","Africa","Y2014","42","42"
"453","Democratic Republic of the Congo","Africa","Y2015","41.8","41.8"
"454","Democratic Republic of the Congo","Africa","Y2016","41.7","41.7"
"455","Democratic Republic of the Congo","Africa","Y2017","41.7","41.7"
"456","Democratic Republic of the Congo","Africa","Y2018","41.6","41.6"
"457","Democratic Republic of the Congo","Africa","Y2019","41.4","41.4"
"458","Democratic Republic of the Congo","Africa","Y2020","41.1","41.1"
"459","Democratic Republic of the Congo","Africa","Y2021","40.7","40.7"
"460","Democratic Republic of the Congo","Africa","Y2022","40.3","40.3"
"461","Djibouti","Africa","Y2000","33.7","33.7"
"462","Djibouti","Africa","Y2001","34.3","34.3"
"463","Djibouti","Africa","Y2002","34.9","34.9"
"464","Djibouti","Africa","Y2003","35.4","35.4"
"465","Djibouti","Africa","Y2004","35.7","35.7"
"466","Djibouti","Africa","Y2005","35.8","35.8"
"467","Djibouti","Africa","Y2006","35.7","35.7"
"468","Djibouti","Africa","Y2007","35.2","35.2"
"469","Djibouti","Africa","Y2008","34.4","34.4"
"470","Djibouti","Africa","Y2009","33.4","33.4"
"471","Djibouti","Africa","Y2010","32.2","32.2"
"472","Djibouti","Africa","Y2011","30.9","30.9"
"473","Djibouti","Africa","Y2012","29.6","29.6"
"474","Djibouti","Africa","Y2013","28.4","28.4"
"475","Djibouti","Africa","Y2014","27.2","27.2"
"476","Djibouti","Africa","Y2015","26.1","26.1"
"477","Djibouti","Africa","Y2016","24.9","24.9"
"478","Djibouti","Africa","Y2017","23.7","23.7"
"479","Djibouti","Africa","Y2018","22.6","22.6"
"480","Djibouti","Africa","Y2019","21.5","21.5"
"481","Djibouti","Africa","Y2020","20.5","20.5"
"482","Djibouti","Africa","Y2021","19.5","19.5"
"483","Djibouti","Africa","Y2022","18.7","18.7"
"484","Egypt","Africa","Y2000","25.9","25.9"
"485","Egypt","Africa","Y2001","25.5","25.5"
"486","Egypt","Africa","Y2002","25.1","25.1"
"487","Egypt","Africa","Y2003","24.8","24.8"
"488","Egypt","Africa","Y2004","24.5","24.5"
"489","Egypt","Africa","Y2005","24.4","24.4"
"490","Egypt","Africa","Y2006","24.4","24.4"
"491","Egypt","Africa","Y2007","24.6","24.6"
"492","Egypt","Africa","Y2008","24.9","24.9"
"493","Egypt","Africa","Y2009","25.3","25.3"
"494","Egypt","Africa","Y2010","25.4","25.4"
"495","Egypt","Africa","Y2011","25.2","25.2"
"496","Egypt","Africa","Y2012","24.6","24.6"
"497","Egypt","Africa","Y2013","23.7","23.7"
"498","Egypt","Africa","Y2014","23","23"
"499","Egypt","Africa","Y2015","22.5","22.5"
"500","Egypt","Africa","Y2016","22.2","22.2"
"501","Egypt","Africa","Y2017","21.9","21.9"
"502","Egypt","Africa","Y2018","21.7","21.7"
"503","Egypt","Africa","Y2019","21.4","21.4"
"504","Egypt","Africa","Y2020","21.1","21.1"
"505","Egypt","Africa","Y2021","20.7","20.7"
"506","Egypt","Africa","Y2022","20.4","20.4"
"507","Equatorial Guinea","Africa","Y2000","38.8","38.8"
"508","Equatorial Guinea","Africa","Y2001","37.8","37.8"
"509","Equatorial Guinea","Africa","Y2002","37","37"
"510","Equatorial Guinea","Africa","Y2003","36.2","36.2"
"511","Equatorial Guinea","Africa","Y2004","35.4","35.4"
"512","Equatorial Guinea","Africa","Y2005","34.5","34.5"
"513","Equatorial Guinea","Africa","Y2006","33.6","33.6"
"514","Equatorial Guinea","Africa","Y2007","32.5","32.5"
"515","Equatorial Guinea","Africa","Y2008","31.2","31.2"
"516","Equatorial Guinea","Africa","Y2009","29.7","29.7"
"517","Equatorial Guinea","Africa","Y2010","28.1","28.1"
"518","Equatorial Guinea","Africa","Y2011","26.6","26.6"
"519","Equatorial Guinea","Africa","Y2012","25","25"
"520","Equatorial Guinea","Africa","Y2013","23.7","23.7"
"521","Equatorial Guinea","Africa","Y2014","22.6","22.6"
"522","Equatorial Guinea","Africa","Y2015","21.6","21.6"
"523","Equatorial Guinea","Africa","Y2016","20.8","20.8"
"524","Equatorial Guinea","Africa","Y2017","19.9","19.9"
"525","Equatorial Guinea","Africa","Y2018","19","19"
"526","Equatorial Guinea","Africa","Y2019","18.1","18.1"
"527","Equatorial Guinea","Africa","Y2020","17.3","17.3"
"528","Equatorial Guinea","Africa","Y2021","16.6","16.6"
"529","Equatorial Guinea","Africa","Y2022","16.1","16.1"
"530","Eritrea","Africa","Y2000","43.5","43.5"
"531","Eritrea","Africa","Y2001","43.6","43.6"
"532","Eritrea","Africa","Y2002","44","44"
"533","Eritrea","Africa","Y2003","44.8","44.8"
"534","Eritrea","Africa","Y2004","45.7","45.7"
"535","Eritrea","Africa","Y2005","46.8","46.8"
"536","Eritrea","Africa","Y2006","48","48"
"537","Eritrea","Africa","Y2007","49","49"
"538","Eritrea","Africa","Y2008","50","50"
"539","Eritrea","Africa","Y2009","50.7","50.7"
"540","Eritrea","Africa","Y2010","51.2","51.2"
"541","Eritrea","Africa","Y2011","51.4","51.4"
"542","Eritrea","Africa","Y2012","51.6","51.6"
"543","Eritrea","Africa","Y2013","51.9","51.9"
"544","Eritrea","Africa","Y2014","52","52"
"545","Eritrea","Africa","Y2015","52.2","52.2"
"546","Eritrea","Africa","Y2016","52.3","52.3"
"547","Eritrea","Africa","Y2017","52.4","52.4"
"548","Eritrea","Africa","Y2018","52.1","52.1"
"549","Eritrea","Africa","Y2019","51.8","51.8"
"550","Eritrea","Africa","Y2020","51.3","51.3"
"551","Eritrea","Africa","Y2021","50.8","50.8"
"552","Eritrea","Africa","Y2022","50.2","50.2"
"553","Estonia","Europe","Y2000","2","2"
"554","Estonia","Europe","Y2001","1.9","1.9"
"555","Estonia","Europe","Y2002","1.8","1.8"
"556","Estonia","Europe","Y2003","1.7","1.7"
"557","Estonia","Europe","Y2004","1.7","1.7"
"558","Estonia","Europe","Y2005","1.6","1.6"
"559","Estonia","Europe","Y2006","1.6","1.6"
"560","Estonia","Europe","Y2007","1.5","1.5"
"561","Estonia","Europe","Y2008","1.5","1.5"
"562","Estonia","Europe","Y2009","1.4","1.4"
"563","Estonia","Europe","Y2010","1.4","1.4"
"564","Estonia","Europe","Y2011","1.3","1.3"
"565","Estonia","Europe","Y2012","1.3","1.3"
"566","Estonia","Europe","Y2013","1.3","1.3"
"567","Estonia","Europe","Y2014","1.3","1.3"
"568","Estonia","Europe","Y2015","1.3","1.3"
"569","Estonia","Europe","Y2016","1.3","1.3"
"570","Estonia","Europe","Y2017","1.3","1.3"
"571","Estonia","Europe","Y2018","1.3","1.3"
"572","Estonia","Europe","Y2019","1.3","1.3"
"573","Estonia","Europe","Y2020","1.2","1.2"
"574","Estonia","Europe","Y2021","1.2","1.2"
"575","Estonia","Europe","Y2022","1.2","1.2"
"576","Eswatini","Africa","Y2000","35.8","35.8"
"577","Eswatini","Africa","Y2001","35.7","35.7"
"578","Eswatini","Africa","Y2002","35.4","35.4"
"579","Eswatini","Africa","Y2003","35","35"
"580","Eswatini","Africa","Y2004","34.4","34.4"
"581","Eswatini","Africa","Y2005","33.9","33.9"
"582","Eswatini","Africa","Y2006","33.4","33.4"
"583","Eswatini","Africa","Y2007","32.8","32.8"
"584","Eswatini","Africa","Y2008","32","32"
"585","Eswatini","Africa","Y2009","31.2","31.2"
"586","Eswatini","Africa","Y2010","30.2","30.2"
"587","Eswatini","Africa","Y2011","29","29"
"588","Eswatini","Africa","Y2012","28","28"
"589","Eswatini","Africa","Y2013","27.1","27.1"
"590","Eswatini","Africa","Y2014","26.3","26.3"
"591","Eswatini","Africa","Y2015","25.6","25.6"
"592","Eswatini","Africa","Y2016","24.9","24.9"
"593","Eswatini","Africa","Y2017","24.3","24.3"
"594","Eswatini","Africa","Y2018","23.6","23.6"
"595","Eswatini","Africa","Y2019","23.1","23.1"
"596","Eswatini","Africa","Y2020","22.4","22.4"
"597","Eswatini","Africa","Y2021","21.8","21.8"
"598","Eswatini","Africa","Y2022","21.2","21.2"
"599","Ethiopia","Africa","Y2000","57","57"
"600","Ethiopia","Africa","Y2001","55.8","55.8"
"601","Ethiopia","Africa","Y2002","54.7","54.7"
"602","Ethiopia","Africa","Y2003","53.6","53.6"
"603","Ethiopia","Africa","Y2004","52.5","52.5"
"604","Ethiopia","Africa","Y2005","51.3","51.3"
"605","Ethiopia","Africa","Y2006","50.2","50.2"
"606","Ethiopia","Africa","Y2007","48.9","48.9"
"607","Ethiopia","Africa","Y2008","47.6","47.6"
"608","Ethiopia","Africa","Y2009","46.1","46.1"
"609","Ethiopia","Africa","Y2010","44.7","44.7"
"610","Ethiopia","Africa","Y2011","43.3","43.3"
"611","Ethiopia","Africa","Y2012","42.1","42.1"
"612","Ethiopia","Africa","Y2013","41.1","41.1"
"613","Ethiopia","Africa","Y2014","40.3","40.3"
"614","Ethiopia","Africa","Y2015","39.5","39.5"
"615","Ethiopia","Africa","Y2016","38.8","38.8"
"616","Ethiopia","Africa","Y2017","38.1","38.1"
"617","Ethiopia","Africa","Y2018","37.4","37.4"
"618","Ethiopia","Africa","Y2019","36.6","36.6"
"619","Ethiopia","Africa","Y2020","35.8","35.8"
"620","Ethiopia","Africa","Y2021","35.1","35.1"
"621","Ethiopia","Africa","Y2022","34.4","34.4"
"622","Gabon","Africa","Y2000","25.5","25.5"
"623","Gabon","Africa","Y2001","25.2","25.2"
"624","Gabon","Africa","Y2002","24.9","24.9"
"625","Gabon","Africa","Y2003","24.4","24.4"
"626","Gabon","Africa","Y2004","23.9","23.9"
"627","Gabon","Africa","Y2005","23.3","23.3"
"628","Gabon","Africa","Y2006","22.7","22.7"
"629","Gabon","Africa","Y2007","22.1","22.1"
"630","Gabon","Africa","Y2008","21.1","21.1"
"631","Gabon","Africa","Y2009","20.1","20.1"
"632","Gabon","Africa","Y2010","19","19"
"633","Gabon","Africa","Y2011","18.1","18.1"
"634","Gabon","Africa","Y2012","17.2","17.2"
"635","Gabon","Africa","Y2013","16.6","16.6"
"636","Gabon","Africa","Y2014","16.2","16.2"
"637","Gabon","Africa","Y2015","15.9","15.9"
"638","Gabon","Africa","Y2016","15.5","15.5"
"639","Gabon","Africa","Y2017","15.2","15.2"
"640","Gabon","Africa","Y2018","14.9","14.9"
"641","Gabon","Africa","Y2019","14.6","14.6"
"642","Gabon","Africa","Y2020","14.2","14.2"
"643","Gabon","Africa","Y2021","13.8","13.8"
"644","Gabon","Africa","Y2022","13.4","13.4"
"645","Gambia","Africa","Y2000","27.8","27.8"
"646","Gambia","Africa","Y2001","27.7","27.7"
"647","Gambia","Africa","Y2002","27.6","27.6"
"648","Gambia","Africa","Y2003","27.4","27.4"
"649","Gambia","Africa","Y2004","27.2","27.2"
"650","Gambia","Africa","Y2005","27.1","27.1"
"651","Gambia","Africa","Y2006","26.8","26.8"
"652","Gambia","Africa","Y2007","26.5","26.5"
"653","Gambia","Africa","Y2008","25.9","25.9"
"654","Gambia","Africa","Y2009","25.1","25.1"
"655","Gambia","Africa","Y2010","24.2","24.2"
"656","Gambia","Africa","Y2011","23.2","23.2"
"657","Gambia","Africa","Y2012","22.3","22.3"
"658","Gambia","Africa","Y2013","21.4","21.4"
"659","Gambia","Africa","Y2014","20.6","20.6"
"660","Gambia","Africa","Y2015","19.8","19.8"
"661","Gambia","Africa","Y2016","18.9","18.9"
"662","Gambia","Africa","Y2017","18","18"
"663","Gambia","Africa","Y2018","17","17"
"664","Gambia","Africa","Y2019","15.7","15.7"
"665","Gambia","Africa","Y2020","15","15"
"666","Gambia","Africa","Y2021","14.3","14.3"
"667","Gambia","Africa","Y2022","13.6","13.6"
"668","Germany","Europe","Y2000","1.2","1.2"
"669","Germany","Europe","Y2001","1.2","1.2"
"670","Germany","Europe","Y2002","1.2","1.2"
"671","Germany","Europe","Y2003","1.2","1.2"
"672","Germany","Europe","Y2004","1.2","1.2"
"673","Germany","Europe","Y2005","1.2","1.2"
"674","Germany","Europe","Y2006","1.3","1.3"
"675","Germany","Europe","Y2007","1.3","1.3"
"676","Germany","Europe","Y2008","1.4","1.4"
"677","Germany","Europe","Y2009","1.4","1.4"
"678","Germany","Europe","Y2010","1.4","1.4"
"679","Germany","Europe","Y2011","1.5","1.5"
"680","Germany","Europe","Y2012","1.5","1.5"
"681","Germany","Europe","Y2013","1.6","1.6"
"682","Germany","Europe","Y2014","1.6","1.6"
"683","Germany","Europe","Y2015","1.7","1.7"
"684","Germany","Europe","Y2016","1.8","1.8"
"685","Germany","Europe","Y2017","1.8","1.8"
"686","Germany","Europe","Y2018","1.9","1.9"
"687","Germany","Europe","Y2019","2","2"
"688","Germany","Europe","Y2020","2","2"
"689","Germany","Europe","Y2021","2.1","2.1"
"690","Germany","Europe","Y2022","2.1","2.1"
"691","Ghana","Africa","Y2000","32.6","32.6"
"692","Ghana","Africa","Y2001","32.3","32.3"
"693","Ghana","Africa","Y2002","31.9","31.9"
"694","Ghana","Africa","Y2003","31.5","31.5"
"695","Ghana","Africa","Y2004","31","31"
"696","Ghana","Africa","Y2005","30.4","30.4"
"697","Ghana","Africa","Y2006","29.7","29.7"
"698","Ghana","Africa","Y2007","28.8","28.8"
"699","Ghana","Africa","Y2008","27.6","27.6"
"700","Ghana","Africa","Y2009","26.3","26.3"
"701","Ghana","Africa","Y2010","24.9","24.9"
"702","Ghana","Africa","Y2011","23.4","23.4"
"703","Ghana","Africa","Y2012","22","22"
"704","Ghana","Africa","Y2013","20.7","20.7"
"705","Ghana","Africa","Y2014","19.5","19.5"
"706","Ghana","Africa","Y2015","18.5","18.5"
"707","Ghana","Africa","Y2016","17.6","17.6"
"708","Ghana","Africa","Y2017","16.8","16.8"
"709","Ghana","Africa","Y2018","15.9","15.9"
"710","Ghana","Africa","Y2019","15","15"
"711","Ghana","Africa","Y2020","14.2","14.2"
"712","Ghana","Africa","Y2021","13.4","13.4"
"713","Ghana","Africa","Y2022","12.7","12.7"
"714","Greece","Europe","Y2000","2.5","2.5"
"715","Greece","Europe","Y2001","2.4","2.4"
"716","Greece","Europe","Y2002","2.4","2.4"
"717","Greece","Europe","Y2003","2.3","2.3"
"718","Greece","Europe","Y2004","2.3","2.3"
"719","Greece","Europe","Y2005","2.2","2.2"
"720","Greece","Europe","Y2006","2.2","2.2"
"721","Greece","Europe","Y2007","2.1","2.1"
"722","Greece","Europe","Y2008","2.1","2.1"
"723","Greece","Europe","Y2009","2.1","2.1"
"724","Greece","Europe","Y2010","2","2"
"725","Greece","Europe","Y2011","2","2"
"726","Greece","Europe","Y2012","2","2"
"727","Greece","Europe","Y2013","2","2"
"728","Greece","Europe","Y2014","2.1","2.1"
"729","Greece","Europe","Y2015","2.1","2.1"
"730","Greece","Europe","Y2016","2.1","2.1"
"731","Greece","Europe","Y2017","2.1","2.1"
"732","Greece","Europe","Y2018","2.2","2.2"
"733","Greece","Europe","Y2019","2.2","2.2"
"734","Greece","Europe","Y2020","2.2","2.2"
"735","Greece","Europe","Y2021","2.2","2.2"
"736","Greece","Europe","Y2022","2.2","2.2"
"737","Guinea","Africa","Y2000","33","33"
"738","Guinea","Africa","Y2001","33.5","33.5"
"739","Guinea","Africa","Y2002","34","34"
"740","Guinea","Africa","Y2003","34.6","34.6"
"741","Guinea","Africa","Y2004","35.1","35.1"
"742","Guinea","Africa","Y2005","35.5","35.5"
"743","Guinea","Africa","Y2006","35.9","35.9"
"744","Guinea","Africa","Y2007","36","36"
"745","Guinea","Africa","Y2008","35.9","35.9"
"746","Guinea","Africa","Y2009","35.6","35.6"
"747","Guinea","Africa","Y2010","35","35"
"748","Guinea","Africa","Y2011","34.4","34.4"
"749","Guinea","Africa","Y2012","33.7","33.7"
"750","Guinea","Africa","Y2013","33.2","33.2"
"751","Guinea","Africa","Y2014","32.7","32.7"
"752","Guinea","Africa","Y2015","32.2","32.2"
"753","Guinea","Africa","Y2016","31.7","31.7"
"754","Guinea","Africa","Y2017","31.1","31.1"
"755","Guinea","Africa","Y2018","30.5","30.5"
"756","Guinea","Africa","Y2019","29.8","29.8"
"757","Guinea","Africa","Y2020","29.1","29.1"
"758","Guinea","Africa","Y2021","28.5","28.5"
"759","Guinea","Africa","Y2022","27.9","27.9"
"760","Guinea-Bissau","Africa","Y2000","33.8","33.8"
"761","Guinea-Bissau","Africa","Y2001","33.4","33.4"
"762","Guinea-Bissau","Africa","Y2002","33","33"
"763","Guinea-Bissau","Africa","Y2003","32.7","32.7"
"764","Guinea-Bissau","Africa","Y2004","32.3","32.3"
"765","Guinea-Bissau","Africa","Y2005","32","32"
"766","Guinea-Bissau","Africa","Y2006","31.8","31.8"
"767","Guinea-Bissau","Africa","Y2007","31.5","31.5"
"768","Guinea-Bissau","Africa","Y2008","31.1","31.1"
"769","Guinea-Bissau","Africa","Y2009","30.7","30.7"
"770","Guinea-Bissau","Africa","Y2010","30.3","30.3"
"771","Guinea-Bissau","Africa","Y2011","29.8","29.8"
"772","Guinea-Bissau","Africa","Y2012","29.3","29.3"
"773","Guinea-Bissau","Africa","Y2013","29.1","29.1"
"774","Guinea-Bissau","Africa","Y2014","28.9","28.9"
"775","Guinea-Bissau","Africa","Y2015","28.8","28.8"
"776","Guinea-Bissau","Africa","Y2016","28.8","28.8"
"777","Guinea-Bissau","Africa","Y2017","28.7","28.7"
"778","Guinea-Bissau","Africa","Y2018","28.7","28.7"
"779","Guinea-Bissau","Africa","Y2019","28.5","28.5"
"780","Guinea-Bissau","Africa","Y2020","28.2","28.2"
"781","Guinea-Bissau","Africa","Y2021","27.9","27.9"
"782","Guinea-Bissau","Africa","Y2022","27.7","27.7"
"783","Kenya","Africa","Y2000","38.5","38.5"
"784","Kenya","Africa","Y2001","38.5","38.5"
"785","Kenya","Africa","Y2002","38.4","38.4"
"786","Kenya","Africa","Y2003","38.1","38.1"
"787","Kenya","Africa","Y2004","37.7","37.7"
"788","Kenya","Africa","Y2005","37.3","37.3"
"789","Kenya","Africa","Y2006","36.7","36.7"
"790","Kenya","Africa","Y2007","35.8","35.8"
"791","Kenya","Africa","Y2008","34.6","34.6"
"792","Kenya","Africa","Y2009","33.3","33.3"
"793","Kenya","Africa","Y2010","31.7","31.7"
"794","Kenya","Africa","Y2011","30.1","30.1"
"795","Kenya","Africa","Y2012","28.6","28.6"
"796","Kenya","Africa","Y2013","27.2","27.2"
"797","Kenya","Africa","Y2014","26","26"
"798","Kenya","Africa","Y2015","24.9","24.9"
"799","Kenya","Africa","Y2016","23.9","23.9"
"800","Kenya","Africa","Y2017","23","23"
"801","Kenya","Africa","Y2018","22","22"
"802","Kenya","Africa","Y2019","21.1","21.1"
"803","Kenya","Africa","Y2020","20.1","20.1"
"804","Kenya","Africa","Y2021","19.2","19.2"
"805","Kenya","Africa","Y2022","18.4","18.4"
"806","Latvia","Europe","Y2000","3.9","3.9"
"807","Latvia","Europe","Y2001","3.8","3.8"
"808","Latvia","Europe","Y2002","3.6","3.6"
"809","Latvia","Europe","Y2003","3.5","3.5"
"810","Latvia","Europe","Y2004","3.4","3.4"
"811","Latvia","Europe","Y2005","3.2","3.2"
"812","Latvia","Europe","Y2006","3.1","3.1"
"813","Latvia","Europe","Y2007","3","3"
"814","Latvia","Europe","Y2008","2.9","2.9"
"815","Latvia","Europe","Y2009","2.7","2.7"
"816","Latvia","Europe","Y2010","2.6","2.6"
"817","Latvia","Europe","Y2011","2.5","2.5"
"818","Latvia","Europe","Y2012","2.4","2.4"
"819","Latvia","Europe","Y2013","2.4","2.4"
"820","Latvia","Europe","Y2014","2.3","2.3"
"821","Latvia","Europe","Y2015","2.2","2.2"
"822","Latvia","Europe","Y2016","2.2","2.2"
"823","Latvia","Europe","Y2017","2.1","2.1"
"824","Latvia","Europe","Y2018","2","2"
"825","Latvia","Europe","Y2019","2","2"
"826","Latvia","Europe","Y2020","1.9","1.9"
"827","Latvia","Europe","Y2021","1.8","1.8"
"828","Latvia","Europe","Y2022","1.8","1.8"
"829","Lesotho","Africa","Y2000","41.6","41.6"
"830","Lesotho","Africa","Y2001","41.8","41.8"
"831","Lesotho","Africa","Y2002","41.9","41.9"
"832","Lesotho","Africa","Y2003","42.1","42.1"
"833","Lesotho","Africa","Y2004","42.1","42.1"
"834","Lesotho","Africa","Y2005","42.2","42.2"
"835","Lesotho","Africa","Y2006","42.2","42.2"
"836","Lesotho","Africa","Y2007","41.8","41.8"
"837","Lesotho","Africa","Y2008","41.2","41.2"
"838","Lesotho","Africa","Y2009","40.5","40.5"
"839","Lesotho","Africa","Y2010","39.6","39.6"
"840","Lesotho","Africa","Y2011","38.6","38.6"
"841","Lesotho","Africa","Y2012","37.5","37.5"
"842","Lesotho","Africa","Y2013","36.5","36.5"
"843","Lesotho","Africa","Y2014","35.5","35.5"
"844","Lesotho","Africa","Y2015","34.6","34.6"
"845","Lesotho","Africa","Y2016","33.9","33.9"
"846","Lesotho","Africa","Y2017","33.4","33.4"
"847","Lesotho","Africa","Y2018","32.9","32.9"
"848","Lesotho","Africa","Y2019","32.6","32.6"
"849","Lesotho","Africa","Y2020","32.3","32.3"
"850","Lesotho","Africa","Y2021","32","32"
"851","Lesotho","Africa","Y2022","31.8","31.8"
"852","Liberia","Africa","Y2000","44.9","44.9"
"853","Liberia","Africa","Y2001","44","44"
"854","Liberia","Africa","Y2002","43","43"
"855","Liberia","Africa","Y2003","42.4","42.4"
"856","Liberia","Africa","Y2004","41.9","41.9"
"857","Liberia","Africa","Y2005","41.3","41.3"
"858","Liberia","Africa","Y2006","40.7","40.7"
"859","Liberia","Africa","Y2007","40","40"
"860","Liberia","Africa","Y2008","39.1","39.1"
"861","Liberia","Africa","Y2009","38","38"
"862","Liberia","Africa","Y2010","37","37"
"863","Liberia","Africa","Y2011","36","36"
"864","Liberia","Africa","Y2012","35","35"
"865","Liberia","Africa","Y2013","34","34"
"866","Liberia","Africa","Y2014","33.1","33.1"
"867","Liberia","Africa","Y2015","32.6","32.6"
"868","Liberia","Africa","Y2016","31.8","31.8"
"869","Liberia","Africa","Y2017","31","31"
"870","Liberia","Africa","Y2018","30.1","30.1"
"871","Liberia","Africa","Y2019","29.2","29.2"
"872","Liberia","Africa","Y2020","28","28"
"873","Liberia","Africa","Y2021","27.2","27.2"
"874","Liberia","Africa","Y2022","26.6","26.6"
"875","Libya","Africa","Y2000","18.4","18.4"
"876","Libya","Africa","Y2001","18.7","18.7"
"877","Libya","Africa","Y2002","19.1","19.1"
"878","Libya","Africa","Y2003","19.7","19.7"
"879","Libya","Africa","Y2004","20.4","20.4"
"880","Libya","Africa","Y2005","21.2","21.2"
"881","Libya","Africa","Y2006","22","22"
"882","Libya","Africa","Y2007","23","23"
"883","Libya","Africa","Y2008","23.9","23.9"
"884","Libya","Africa","Y2009","25","25"
"885","Libya","Africa","Y2010","26.3","26.3"
"886","Libya","Africa","Y2011","27.9","27.9"
"887","Libya","Africa","Y2012","30","30"
"888","Libya","Africa","Y2013","32.2","32.2"
"889","Libya","Africa","Y2014","34.7","34.7"
"890","Libya","Africa","Y2015","37.7","37.7"
"891","Libya","Africa","Y2016","40.7","40.7"
"892","Libya","Africa","Y2017","43.1","43.1"
"893","Libya","Africa","Y2018","45.6","45.6"
"894","Libya","Africa","Y2019","47.9","47.9"
"895","Libya","Africa","Y2020","49.6","49.6"
"896","Libya","Africa","Y2021","51","51"
"897","Libya","Africa","Y2022","52.2","52.2"
"898","Lithuania","Europe","Y2000","7.6","7.6"
"899","Lithuania","Europe","Y2001","7.4","7.4"
"900","Lithuania","Europe","Y2002","7.3","7.3"
"901","Lithuania","Europe","Y2003","7.1","7.1"
"902","Lithuania","Europe","Y2004","7","7"
"903","Lithuania","Europe","Y2005","6.8","6.8"
"904","Lithuania","Europe","Y2006","6.7","6.7"
"905","Lithuania","Europe","Y2007","6.5","6.5"
"906","Lithuania","Europe","Y2008","6.3","6.3"
"907","Lithuania","Europe","Y2009","6.1","6.1"
"908","Lithuania","Europe","Y2010","5.8","5.8"
"909","Lithuania","Europe","Y2011","5.6","5.6"
"910","Lithuania","Europe","Y2012","5.4","5.4"
"911","Lithuania","Europe","Y2013","5.3","5.3"
"912","Lithuania","Europe","Y2014","5.3","5.3"
"913","Lithuania","Europe","Y2015","5.2","5.2"
"914","Lithuania","Europe","Y2016","5.1","5.1"
"915","Lithuania","Europe","Y2017","5","5"
"916","Lithuania","Europe","Y2018","4.9","4.9"
"917","Lithuania","Europe","Y2019","4.8","4.8"
"918","Lithuania","Europe","Y2020","4.7","4.7"
"919","Lithuania","Europe","Y2021","4.6","4.6"
"920","Lithuania","Europe","Y2022","4.5","4.5"
"921","Madagascar","Africa","Y2000","55.2","55.2"
"922","Madagascar","Africa","Y2001","54.8","54.8"
"923","Madagascar","Africa","Y2002","54.5","54.5"
"924","Madagascar","Africa","Y2003","54.1","54.1"
"925","Madagascar","Africa","Y2004","53.6","53.6"
"926","Madagascar","Africa","Y2005","53.1","53.1"
"927","Madagascar","Africa","Y2006","52.5","52.5"
"928","Madagascar","Africa","Y2007","51.8","51.8"
"929","Madagascar","Africa","Y2008","50.9","50.9"
"930","Madagascar","Africa","Y2009","50.1","50.1"
"931","Madagascar","Africa","Y2010","49.2","49.2"
"932","Madagascar","Africa","Y2011","48.2","48.2"
"933","Madagascar","Africa","Y2012","47.3","47.3"
"934","Madagascar","Africa","Y2013","46.5","46.5"
"935","Madagascar","Africa","Y2014","45.7","45.7"
"936","Madagascar","Africa","Y2015","45","45"
"937","Madagascar","Africa","Y2016","44.2","44.2"
"938","Madagascar","Africa","Y2017","43.4","43.4"
"939","Madagascar","Africa","Y2018","42.4","42.4"
"940","Madagascar","Africa","Y2019","41.4","41.4"
"941","Madagascar","Africa","Y2020","40.4","40.4"
"942","Madagascar","Africa","Y2021","39.4","39.4"
"943","Madagascar","Africa","Y2022","38.6","38.6"
"944","Malawi","Africa","Y2000","56","56"
"945","Malawi","Africa","Y2001","55.7","55.7"
"946","Malawi","Africa","Y2002","55.3","55.3"
"947","Malawi","Africa","Y2003","54.7","54.7"
"948","Malawi","Africa","Y2004","54.1","54.1"
"949","Malawi","Africa","Y2005","53.4","53.4"
"950","Malawi","Africa","Y2006","52.6","52.6"
"951","Malawi","Africa","Y2007","51.5","51.5"
"952","Malawi","Africa","Y2008","50.2","50.2"
"953","Malawi","Africa","Y2009","48.7","48.7"
"954","Malawi","Africa","Y2010","47","47"
"955","Malawi","Africa","Y2011","45.3","45.3"
"956","Malawi","Africa","Y2012","43.6","43.6"
"957","Malawi","Africa","Y2013","42.1","42.1"
"958","Malawi","Africa","Y2014","40.7","40.7"
"959","Malawi","Africa","Y2015","39.4","39.4"
"960","Malawi","Africa","Y2016","38.4","38.4"
"961","Malawi","Africa","Y2017","37.7","37.7"
"962","Malawi","Africa","Y2018","36.9","36.9"
"963","Malawi","Africa","Y2019","36.1","36.1"
"964","Malawi","Africa","Y2020","35.3","35.3"
"965","Malawi","Africa","Y2021","34.6","34.6"
"966","Malawi","Africa","Y2022","34","34"
"967","Mali","Africa","Y2000","39.5","39.5"
"968","Mali","Africa","Y2001","39","39"
"969","Mali","Africa","Y2002","38.6","38.6"
"970","Mali","Africa","Y2003","38.1","38.1"
"971","Mali","Africa","Y2004","37.6","37.6"
"972","Mali","Africa","Y2005","37","37"
"973","Mali","Africa","Y2006","36.4","36.4"
"974","Mali","Africa","Y2007","35.7","35.7"
"975","Mali","Africa","Y2008","34.8","34.8"
"976","Mali","Africa","Y2009","33.8","33.8"
"977","Mali","Africa","Y2010","32.7","32.7"
"978","Mali","Africa","Y2011","31.7","31.7"
"979","Mali","Africa","Y2012","30.7","30.7"
"980","Mali","Africa","Y2013","29.9","29.9"
"981","Mali","Africa","Y2014","29.3","29.3"
"982","Mali","Africa","Y2015","28.6","28.6"
"983","Mali","Africa","Y2016","27.9","27.9"
"984","Mali","Africa","Y2017","27.2","27.2"
"985","Mali","Africa","Y2018","26.4","26.4"
"986","Mali","Africa","Y2019","25.6","25.6"
"987","Mali","Africa","Y2020","24.9","24.9"
"988","Mali","Africa","Y2021","24.3","24.3"
"989","Mali","Africa","Y2022","23.8","23.8"
"990","Mauritania","Africa","Y2000","39.3","39.3"
"991","Mauritania","Africa","Y2001","37.7","37.7"
"992","Mauritania","Africa","Y2002","36.2","36.2"
"993","Mauritania","Africa","Y2003","34.7","34.7"
"994","Mauritania","Africa","Y2004","33.3","33.3"
"995","Mauritania","Africa","Y2005","32.1","32.1"
"996","Mauritania","Africa","Y2006","30.9","30.9"
"997","Mauritania","Africa","Y2007","29.9","29.9"
"998","Mauritania","Africa","Y2008","29","29"
"999","Mauritania","Africa","Y2009","28.1","28.1"
"1000","Mauritania","Africa","Y2010","27.3","27.3"
"1001","Mauritania","Africa","Y2011","26.6","26.6"
"1002","Mauritania","Africa","Y2012","26","26"
"1003","Mauritania","Africa","Y2013","25.6","25.6"
"1004","Mauritania","Africa","Y2014","25.3","25.3"
"1005","Mauritania","Africa","Y2015","25.1","25.1"
"1006","Mauritania","Africa","Y2016","24.9","24.9"
"1007","Mauritania","Africa","Y2017","24.6","24.6"
"1008","Mauritania","Africa","Y2018","24.3","24.3"
"1009","Mauritania","Africa","Y2019","23.8","23.8"
"1010","Mauritania","Africa","Y2020","23.3","23.3"
"1011","Mauritania","Africa","Y2021","22.7","22.7"
"1012","Mauritania","Africa","Y2022","22.1","22.1"
"1013","Mauritius","Africa","Y2000","12.6","12.6"
"1014","Mauritius","Africa","Y2001","12.4","12.4"
"1015","Mauritius","Africa","Y2002","12.1","12.1"
"1016","Mauritius","Africa","Y2003","11.6","11.6"
"1017","Mauritius","Africa","Y2004","11.2","11.2"
"1018","Mauritius","Africa","Y2005","10.7","10.7"
"1019","Mauritius","Africa","Y2006","10.4","10.4"
"1020","Mauritius","Africa","Y2007","10.1","10.1"
"1021","Mauritius","Africa","Y2008","9.9","9.9"
"1022","Mauritius","Africa","Y2009","9.6","9.6"
"1023","Mauritius","Africa","Y2010","9.4","9.4"
"1024","Mauritius","Africa","Y2011","9.2","9.2"
"1025","Mauritius","Africa","Y2012","9","9"
"1026","Mauritius","Africa","Y2013","8.9","8.9"
"1027","Mauritius","Africa","Y2014","8.8","8.8"
"1028","Mauritius","Africa","Y2015","8.8","8.8"
"1029","Mauritius","Africa","Y2016","8.9","8.9"
"1030","Mauritius","Africa","Y2017","8.9","8.9"
"1031","Mauritius","Africa","Y2018","8.9","8.9"
"1032","Mauritius","Africa","Y2019","8.9","8.9"
"1033","Mauritius","Africa","Y2020","8.8","8.8"
"1034","Mauritius","Africa","Y2021","8.7","8.7"
"1035","Mauritius","Africa","Y2022","8.6","8.6"
"1036","Montenegro","Europe","Y2000","7.4","7.4"
"1037","Montenegro","Europe","Y2001","7.6","7.6"
"1038","Montenegro","Europe","Y2002","7.8","7.8"
"1039","Montenegro","Europe","Y2003","8","8"
"1040","Montenegro","Europe","Y2004","8.2","8.2"
"1041","Montenegro","Europe","Y2005","8.4","8.4"
"1042","Montenegro","Europe","Y2006","8.5","8.5"
"1043","Montenegro","Europe","Y2007","8.6","8.6"
"1044","Montenegro","Europe","Y2008","8.6","8.6"
"1045","Montenegro","Europe","Y2009","8.6","8.6"
"1046","Montenegro","Europe","Y2010","8.6","8.6"
"1047","Montenegro","Europe","Y2011","8.5","8.5"
"1048","Montenegro","Europe","Y2012","8.4","8.4"
"1049","Montenegro","Europe","Y2013","8.3","8.3"
"1050","Montenegro","Europe","Y2014","8.2","8.2"
"1051","Montenegro","Europe","Y2015","8.2","8.2"
"1052","Montenegro","Europe","Y2016","8.2","8.2"
"1053","Montenegro","Europe","Y2017","8.2","8.2"
"1054","Montenegro","Europe","Y2018","8.2","8.2"
"1055","Montenegro","Europe","Y2019","8.3","8.3"
"1056","Montenegro","Europe","Y2020","8.3","8.3"
"1057","Montenegro","Europe","Y2021","8.3","8.3"
"1058","Montenegro","Europe","Y2022","8.2","8.2"
"1059","Morocco","Africa","Y2000","25.2","25.2"
"1060","Morocco","Africa","Y2001","24.1","24.1"
"1061","Morocco","Africa","Y2002","23","23"
"1062","Morocco","Africa","Y2003","22","22"
"1063","Morocco","Africa","Y2004","21.1","21.1"
"1064","Morocco","Africa","Y2005","20.3","20.3"
"1065","Morocco","Africa","Y2006","19.5","19.5"
"1066","Morocco","Africa","Y2007","18.8","18.8"
"1067","Morocco","Africa","Y2008","18.1","18.1"
"1068","Morocco","Africa","Y2009","17.5","17.5"
"1069","Morocco","Africa","Y2010","16.8","16.8"
"1070","Morocco","Africa","Y2011","16.3","16.3"
"1071","Morocco","Africa","Y2012","15.8","15.8"
"1072","Morocco","Africa","Y2013","15.4","15.4"
"1073","Morocco","Africa","Y2014","15.1","15.1"
"1074","Morocco","Africa","Y2015","14.8","14.8"
"1075","Morocco","Africa","Y2016","14.6","14.6"
"1076","Morocco","Africa","Y2017","14.3","14.3"
"1077","Morocco","Africa","Y2018","14.1","14.1"
"1078","Morocco","Africa","Y2019","13.8","13.8"
"1079","Morocco","Africa","Y2020","13.4","13.4"
"1080","Morocco","Africa","Y2021","13.1","13.1"
"1081","Morocco","Africa","Y2022","12.8","12.8"
"1082","Mozambique","Africa","Y2000","48.6","48.6"
"1083","Mozambique","Africa","Y2001","48.1","48.1"
"1084","Mozambique","Africa","Y2002","47.6","47.6"
"1085","Mozambique","Africa","Y2003","47.1","47.1"
"1086","Mozambique","Africa","Y2004","46.7","46.7"
"1087","Mozambique","Africa","Y2005","46.3","46.3"
"1088","Mozambique","Africa","Y2006","46","46"
"1089","Mozambique","Africa","Y2007","45.5","45.5"
"1090","Mozambique","Africa","Y2008","44.9","44.9"
"1091","Mozambique","Africa","Y2009","44.2","44.2"
"1092","Mozambique","Africa","Y2010","43.6","43.6"
"1093","Mozambique","Africa","Y2011","43","43"
"1094","Mozambique","Africa","Y2012","42.6","42.6"
"1095","Mozambique","Africa","Y2013","42.2","42.2"
"1096","Mozambique","Africa","Y2014","41.8","41.8"
"1097","Mozambique","Africa","Y2015","41.4","41.4"
"1098","Mozambique","Africa","Y2016","40.8","40.8"
"1099","Mozambique","Africa","Y2017","40.1","40.1"
"1100","Mozambique","Africa","Y2018","39.3","39.3"
"1101","Mozambique","Africa","Y2019","38.5","38.5"
"1102","Mozambique","Africa","Y2020","37.7","37.7"
"1103","Mozambique","Africa","Y2021","37","37"
"1104","Mozambique","Africa","Y2022","36.4","36.4"
"1105","Namibia","Africa","Y2000","29.7","29.7"
"1106","Namibia","Africa","Y2001","29.8","29.8"
"1107","Namibia","Africa","Y2002","29.8","29.8"
"1108","Namibia","Africa","Y2003","29.8","29.8"
"1109","Namibia","Africa","Y2004","29.6","29.6"
"1110","Namibia","Africa","Y2005","29.4","29.4"
"1111","Namibia","Africa","Y2006","28.9","28.9"
"1112","Namibia","Africa","Y2007","28.5","28.5"
"1113","Namibia","Africa","Y2008","27.8","27.8"
"1114","Namibia","Africa","Y2009","27","27"
"1115","Namibia","Africa","Y2010","26.1","26.1"
"1116","Namibia","Africa","Y2011","25.1","25.1"
"1117","Namibia","Africa","Y2012","24","24"
"1118","Namibia","Africa","Y2013","23","23"
"1119","Namibia","Africa","Y2014","22.1","22.1"
"1120","Namibia","Africa","Y2015","21.2","21.2"
"1121","Namibia","Africa","Y2016","20.4","20.4"
"1122","Namibia","Africa","Y2017","19.7","19.7"
"1123","Namibia","Africa","Y2018","19","19"
"1124","Namibia","Africa","Y2019","18.3","18.3"
"1125","Namibia","Africa","Y2020","17.8","17.8"
"1126","Namibia","Africa","Y2021","17.2","17.2"
"1127","Namibia","Africa","Y2022","16.8","16.8"
"1128","Netherlands (Kingdom of the)","Europe","Y2000","1.3","1.3"
"1129","Netherlands (Kingdom of the)","Europe","Y2001","1.3","1.3"
"1130","Netherlands (Kingdom of the)","Europe","Y2002","1.3","1.3"
"1131","Netherlands (Kingdom of the)","Europe","Y2003","1.3","1.3"
"1132","Netherlands (Kingdom of the)","Europe","Y2004","1.4","1.4"
"1133","Netherlands (Kingdom of the)","Europe","Y2005","1.4","1.4"
"1134","Netherlands (Kingdom of the)","Europe","Y2006","1.4","1.4"
"1135","Netherlands (Kingdom of the)","Europe","Y2007","1.5","1.5"
"1136","Netherlands (Kingdom of the)","Europe","Y2008","1.5","1.5"
"1137","Netherlands (Kingdom of the)","Europe","Y2009","1.5","1.5"
"1138","Netherlands (Kingdom of the)","Europe","Y2010","1.5","1.5"
"1139","Netherlands (Kingdom of the)","Europe","Y2011","1.5","1.5"
"1140","Netherlands (Kingdom of the)","Europe","Y2012","1.5","1.5"
"1141","Netherlands (Kingdom of the)","Europe","Y2013","1.5","1.5"
"1142","Netherlands (Kingdom of the)","Europe","Y2014","1.5","1.5"
"1143","Netherlands (Kingdom of the)","Europe","Y2015","1.5","1.5"
"1144","Netherlands (Kingdom of the)","Europe","Y2016","1.5","1.5"
"1145","Netherlands (Kingdom of the)","Europe","Y2017","1.5","1.5"
"1146","Netherlands (Kingdom of the)","Europe","Y2018","1.6","1.6"
"1147","Netherlands (Kingdom of the)","Europe","Y2019","1.6","1.6"
"1148","Netherlands (Kingdom of the)","Europe","Y2020","1.6","1.6"
"1149","Netherlands (Kingdom of the)","Europe","Y2021","1.6","1.6"
"1150","Netherlands (Kingdom of the)","Europe","Y2022","1.6","1.6"
"1151","Niger","Africa","Y2000","53.2","53.2"
"1152","Niger","Africa","Y2001","53","53"
"1153","Niger","Africa","Y2002","52.6","52.6"
"1154","Niger","Africa","Y2003","52.1","52.1"
"1155","Niger","Africa","Y2004","51.6","51.6"
"1156","Niger","Africa","Y2005","51","51"
"1157","Niger","Africa","Y2006","50.5","50.5"
"1158","Niger","Africa","Y2007","49.9","49.9"
"1159","Niger","Africa","Y2008","49.2","49.2"
"1160","Niger","Africa","Y2009","48.5","48.5"
"1161","Niger","Africa","Y2010","47.8","47.8"
"1162","Niger","Africa","Y2011","47.1","47.1"
"1163","Niger","Africa","Y2012","46.6","46.6"
"1164","Niger","Africa","Y2013","46.1","46.1"
"1165","Niger","Africa","Y2014","46","46"
"1166","Niger","Africa","Y2015","46","46"
"1167","Niger","Africa","Y2016","46.1","46.1"
"1168","Niger","Africa","Y2017","46.3","46.3"
"1169","Niger","Africa","Y2018","46.4","46.4"
"1170","Niger","Africa","Y2019","46.6","46.6"
"1171","Niger","Africa","Y2020","46.8","46.8"
"1172","Niger","Africa","Y2021","47","47"
"1173","Niger","Africa","Y2022","47.4","47.4"
"1174","Nigeria","Africa","Y2000","41.7","41.7"
"1175","Nigeria","Africa","Y2001","41.6","41.6"
"1176","Nigeria","Africa","Y2002","41.4","41.4"
"1177","Nigeria","Africa","Y2003","41.3","41.3"
"1178","Nigeria","Africa","Y2004","41.1","41.1"
"1179","Nigeria","Africa","Y2005","40.9","40.9"
"1180","Nigeria","Africa","Y2006","40.7","40.7"
"1181","Nigeria","Africa","Y2007","40.4","40.4"
"1182","Nigeria","Africa","Y2008","40","40"
"1183","Nigeria","Africa","Y2009","39.4","39.4"
"1184","Nigeria","Africa","Y2010","38.8","38.8"
"1185","Nigeria","Africa","Y2011","38.2","38.2"
"1186","Nigeria","Africa","Y2012","37.7","37.7"
"1187","Nigeria","Africa","Y2013","37.3","37.3"
"1188","Nigeria","Africa","Y2014","36.9","36.9"
"1189","Nigeria","Africa","Y2015","36.7","36.7"
"1190","Nigeria","Africa","Y2016","36.4","36.4"
"1191","Nigeria","Africa","Y2017","36.2","36.2"
"1192","Nigeria","Africa","Y2018","35.8","35.8"
"1193","Nigeria","Africa","Y2019","35.4","35.4"
"1194","Nigeria","Africa","Y2020","35","35"
"1195","Nigeria","Africa","Y2021","34.5","34.5"
"1196","Nigeria","Africa","Y2022","34.2","34.2"
"1197","North Macedonia","Europe","Y2000","8.4","8.4"
"1198","North Macedonia","Europe","Y2001","8.5","8.5"
"1199","North Macedonia","Europe","Y2002","8.6","8.6"
"1200","North Macedonia","Europe","Y2003","8.7","8.7"
"1201","North Macedonia","Europe","Y2004","8.7","8.7"
"1202","North Macedonia","Europe","Y2005","8.7","8.7"
"1203","North Macedonia","Europe","Y2006","8.6","8.6"
"1204","North Macedonia","Europe","Y2007","8.3","8.3"
"1205","North Macedonia","Europe","Y2008","7.9","7.9"
"1206","North Macedonia","Europe","Y2009","7.4","7.4"
"1207","North Macedonia","Europe","Y2010","6.8","6.8"
"1208","North Macedonia","Europe","Y2011","6.2","6.2"
"1209","North Macedonia","Europe","Y2012","5.8","5.8"
"1210","North Macedonia","Europe","Y2013","5.4","5.4"
"1211","North Macedonia","Europe","Y2014","5.1","5.1"
"1212","North Macedonia","Europe","Y2015","4.8","4.8"
"1213","North Macedonia","Europe","Y2016","4.6","4.6"
"1214","North Macedonia","Europe","Y2017","4.4","4.4"
"1215","North Macedonia","Europe","Y2018","4.2","4.2"
"1216","North Macedonia","Europe","Y2019","4.1","4.1"
"1217","North Macedonia","Europe","Y2020","3.9","3.9"
"1218","North Macedonia","Europe","Y2021","3.8","3.8"
"1219","North Macedonia","Europe","Y2022","3.7","3.7"
"1220","Poland","Europe","Y2000","2.9","2.9"
"1221","Poland","Europe","Y2001","2.8","2.8"
"1222","Poland","Europe","Y2002","2.7","2.7"
"1223","Poland","Europe","Y2003","2.6","2.6"
"1224","Poland","Europe","Y2004","2.5","2.5"
"1225","Poland","Europe","Y2005","2.4","2.4"
"1226","Poland","Europe","Y2006","2.4","2.4"
"1227","Poland","Europe","Y2007","2.3","2.3"
"1228","Poland","Europe","Y2008","2.3","2.3"
"1229","Poland","Europe","Y2009","2.2","2.2"
"1230","Poland","Europe","Y2010","2.2","2.2"
"1231","Poland","Europe","Y2011","2.1","2.1"
"1232","Poland","Europe","Y2012","2.1","2.1"
"1233","Poland","Europe","Y2013","2.1","2.1"
"1234","Poland","Europe","Y2014","2.1","2.1"
"1235","Poland","Europe","Y2015","2.1","2.1"
"1236","Poland","Europe","Y2016","2.1","2.1"
"1237","Poland","Europe","Y2017","2.2","2.2"
"1238","Poland","Europe","Y2018","2.2","2.2"
"1239","Poland","Europe","Y2019","2.2","2.2"
"1240","Poland","Europe","Y2020","2.3","2.3"
"1241","Poland","Europe","Y2021","2.3","2.3"
"1242","Poland","Europe","Y2022","2.3","2.3"
"1243","Portugal","Europe","Y2000","4.7","4.7"
"1244","Portugal","Europe","Y2001","4.7","4.7"
"1245","Portugal","Europe","Y2002","4.7","4.7"
"1246","Portugal","Europe","Y2003","4.7","4.7"
"1247","Portugal","Europe","Y2004","4.6","4.6"
"1248","Portugal","Europe","Y2005","4.6","4.6"
"1249","Portugal","Europe","Y2006","4.6","4.6"
"1250","Portugal","Europe","Y2007","4.5","4.5"
"1251","Portugal","Europe","Y2008","4.3","4.3"
"1252","Portugal","Europe","Y2009","4.2","4.2"
"1253","Portugal","Europe","Y2010","4","4"
"1254","Portugal","Europe","Y2011","3.9","3.9"
"1255","Portugal","Europe","Y2012","3.8","3.8"
"1256","Portugal","Europe","Y2013","3.7","3.7"
"1257","Portugal","Europe","Y2014","3.6","3.6"
"1258","Portugal","Europe","Y2015","3.5","3.5"
"1259","Portugal","Europe","Y2016","3.5","3.5"
"1260","Portugal","Europe","Y2017","3.4","3.4"
"1261","Portugal","Europe","Y2018","3.4","3.4"
"1262","Portugal","Europe","Y2019","3.3","3.3"
"1263","Portugal","Europe","Y2020","3.2","3.2"
"1264","Portugal","Europe","Y2021","3.2","3.2"
"1265","Portugal","Europe","Y2022","3.1","3.1"
"1266","Republic of Moldova","Europe","Y2000","12.7","12.7"
"1267","Republic of Moldova","Europe","Y2001","12.2","12.2"
"1268","Republic of Moldova","Europe","Y2002","11.8","11.8"
"1269","Republic of Moldova","Europe","Y2003","11.3","11.3"
"1270","Republic of Moldova","Europe","Y2004","10.8","10.8"
"1271","Republic of Moldova","Europe","Y2005","10.2","10.2"
"1272","Republic of Moldova","Europe","Y2006","9.7","9.7"
"1273","Republic of Moldova","Europe","Y2007","9.2","9.2"
"1274","Republic of Moldova","Europe","Y2008","8.6","8.6"
"1275","Republic of Moldova","Europe","Y2009","8.1","8.1"
"1276","Republic of Moldova","Europe","Y2010","7.6","7.6"
"1277","Republic of Moldova","Europe","Y2011","7.2","7.2"
"1278","Republic of Moldova","Europe","Y2012","6.8","6.8"
"1279","Republic of Moldova","Europe","Y2013","6.4","6.4"
"1280","Republic of Moldova","Europe","Y2014","6.1","6.1"
"1281","Republic of Moldova","Europe","Y2015","5.8","5.8"
"1282","Republic of Moldova","Europe","Y2016","5.5","5.5"
"1283","Republic of Moldova","Europe","Y2017","5.2","5.2"
"1284","Republic of Moldova","Europe","Y2018","4.9","4.9"
"1285","Republic of Moldova","Europe","Y2019","4.6","4.6"
"1286","Republic of Moldova","Europe","Y2020","4.4","4.4"
"1287","Republic of Moldova","Europe","Y2021","4.1","4.1"
"1288","Republic of Moldova","Europe","Y2022","3.9","3.9"
"1289","Romania","Europe","Y2000","13.5","13.5"
"1290","Romania","Europe","Y2001","13.4","13.4"
"1291","Romania","Europe","Y2002","13.2","13.2"
"1292","Romania","Europe","Y2003","12.9","12.9"
"1293","Romania","Europe","Y2004","12.5","12.5"
"1294","Romania","Europe","Y2005","12.2","12.2"
"1295","Romania","Europe","Y2006","11.9","11.9"
"1296","Romania","Europe","Y2007","11.5","11.5"
"1297","Romania","Europe","Y2008","11","11"
"1298","Romania","Europe","Y2009","10.5","10.5"
"1299","Romania","Europe","Y2010","10.1","10.1"
"1300","Romania","Europe","Y2011","9.6","9.6"
"1301","Romania","Europe","Y2012","9.3","9.3"
"1302","Romania","Europe","Y2013","9","9"
"1303","Romania","Europe","Y2014","8.8","8.8"
"1304","Romania","Europe","Y2015","8.7","8.7"
"1305","Romania","Europe","Y2016","8.6","8.6"
"1306","Romania","Europe","Y2017","8.4","8.4"
"1307","Romania","Europe","Y2018","8.3","8.3"
"1308","Romania","Europe","Y2019","8.2","8.2"
"1309","Romania","Europe","Y2020","8","8"
"1310","Romania","Europe","Y2021","7.8","7.8"
"1311","Romania","Europe","Y2022","7.7","7.7"
"1312","Rwanda","Africa","Y2000","48.5","48.5"
"1313","Rwanda","Africa","Y2001","48.6","48.6"
"1314","Rwanda","Africa","Y2002","48.8","48.8"
"1315","Rwanda","Africa","Y2003","48.9","48.9"
"1316","Rwanda","Africa","Y2004","49","49"
"1317","Rwanda","Africa","Y2005","49.1","49.1"
"1318","Rwanda","Africa","Y2006","49","49"
"1319","Rwanda","Africa","Y2007","48.5","48.5"
"1320","Rwanda","Africa","Y2008","47.6","47.6"
"1321","Rwanda","Africa","Y2009","46.4","46.4"
"1322","Rwanda","Africa","Y2010","44.8","44.8"
"1323","Rwanda","Africa","Y2011","43.1","43.1"
"1324","Rwanda","Africa","Y2012","41.2","41.2"
"1325","Rwanda","Africa","Y2013","39.6","39.6"
"1326","Rwanda","Africa","Y2014","38.1","38.1"
"1327","Rwanda","Africa","Y2015","36.7","36.7"
"1328","Rwanda","Africa","Y2016","35.6","35.6"
"1329","Rwanda","Africa","Y2017","34.6","34.6"
"1330","Rwanda","Africa","Y2018","33.6","33.6"
"1331","Rwanda","Africa","Y2019","32.6","32.6"
"1332","Rwanda","Africa","Y2020","31.6","31.6"
"1333","Rwanda","Africa","Y2021","30.7","30.7"
"1334","Rwanda","Africa","Y2022","29.8","29.8"
"1335","Sao Tome and Principe","Africa","Y2000","31.3","31.3"
"1336","Sao Tome and Principe","Africa","Y2001","30.8","30.8"
"1337","Sao Tome and Principe","Africa","Y2002","30.1","30.1"
"1338","Sao Tome and Principe","Africa","Y2003","29.2","29.2"
"1339","Sao Tome and Principe","Africa","Y2004","28.1","28.1"
"1340","Sao Tome and Principe","Africa","Y2005","27.1","27.1"
"1341","Sao Tome and Principe","Africa","Y2006","25.9","25.9"
"1342","Sao Tome and Principe","Africa","Y2007","24.8","24.8"
"1343","Sao Tome and Principe","Africa","Y2008","23.6","23.6"
"1344","Sao Tome and Principe","Africa","Y2009","22.5","22.5"
"1345","Sao Tome and Principe","Africa","Y2010","21.2","21.2"
"1346","Sao Tome and Principe","Africa","Y2011","20","20"
"1347","Sao Tome and Principe","Africa","Y2012","18.8","18.8"
"1348","Sao Tome and Principe","Africa","Y2013","17.7","17.7"
"1349","Sao Tome and Principe","Africa","Y2014","16.6","16.6"
"1350","Sao Tome and Principe","Africa","Y2015","15.6","15.6"
"1351","Sao Tome and Principe","Africa","Y2016","14.6","14.6"
"1352","Sao Tome and Principe","Africa","Y2017","13.7","13.7"
"1353","Sao Tome and Principe","Africa","Y2018","12.8","12.8"
"1354","Sao Tome and Principe","Africa","Y2019","12","12"
"1355","Sao Tome and Principe","Africa","Y2020","11.3","11.3"
"1356","Sao Tome and Principe","Africa","Y2021","10.6","10.6"
"1357","Sao Tome and Principe","Africa","Y2022","10","10"
"1358","Senegal","Africa","Y2000","24.7","24.7"
"1359","Senegal","Africa","Y2001","23.9","23.9"
"1360","Senegal","Africa","Y2002","23.2","23.2"
"1361","Senegal","Africa","Y2003","22.5","22.5"
"1362","Senegal","Africa","Y2004","21.8","21.8"
"1363","Senegal","Africa","Y2005","21.3","21.3"
"1364","Senegal","Africa","Y2006","20.8","20.8"
"1365","Senegal","Africa","Y2007","20.3","20.3"
"1366","Senegal","Africa","Y2008","19.9","19.9"
"1367","Senegal","Africa","Y2009","19.4","19.4"
"1368","Senegal","Africa","Y2010","19","19"
"1369","Senegal","Africa","Y2011","18.7","18.7"
"1370","Senegal","Africa","Y2012","18.5","18.5"
"1371","Senegal","Africa","Y2013","18.5","18.5"
"1372","Senegal","Africa","Y2014","18.5","18.5"
"1373","Senegal","Africa","Y2015","18.6","18.6"
"1374","Senegal","Africa","Y2016","18.6","18.6"
"1375","Senegal","Africa","Y2017","18.5","18.5"
"1376","Senegal","Africa","Y2018","18.3","18.3"
"1377","Senegal","Africa","Y2019","18","18"
"1378","Senegal","Africa","Y2020","17.7","17.7"
"1379","Senegal","Africa","Y2021","17.3","17.3"
"1380","Senegal","Africa","Y2022","17","17"
"1381","Serbia","Europe","Y2000","8.8","8.8"
"1382","Serbia","Europe","Y2001","8.8","8.8"
"1383","Serbia","Europe","Y2002","8.7","8.7"
"1384","Serbia","Europe","Y2003","8.6","8.6"
"1385","Serbia","Europe","Y2004","8.5","8.5"
"1386","Serbia","Europe","Y2005","8.2","8.2"
"1387","Serbia","Europe","Y2006","8","8"
"1388","Serbia","Europe","Y2007","7.7","7.7"
"1389","Serbia","Europe","Y2008","7.4","7.4"
"1390","Serbia","Europe","Y2009","7","7"
"1391","Serbia","Europe","Y2010","6.5","6.5"
"1392","Serbia","Europe","Y2011","6.2","6.2"
"1393","Serbia","Europe","Y2012","5.9","5.9"
"1394","Serbia","Europe","Y2013","5.7","5.7"
"1395","Serbia","Europe","Y2014","5.6","5.6"
"1396","Serbia","Europe","Y2015","5.5","5.5"
"1397","Serbia","Europe","Y2016","5.5","5.5"
"1398","Serbia","Europe","Y2017","5.4","5.4"
"1399","Serbia","Europe","Y2018","5.3","5.3"
"1400","Serbia","Europe","Y2019","5.1","5.1"
"1401","Serbia","Europe","Y2020","4.9","4.9"
"1402","Serbia","Europe","Y2021","4.7","4.7"
"1403","Serbia","Europe","Y2022","4.6","4.6"
"1404","Seychelles","Africa","Y2000","10.6","10.6"
"1405","Seychelles","Africa","Y2001","10.2","10.2"
"1406","Seychelles","Africa","Y2002","9.9","9.9"
"1407","Seychelles","Africa","Y2003","9.5","9.5"
"1408","Seychelles","Africa","Y2004","9.2","9.2"
"1409","Seychelles","Africa","Y2005","9","9"
"1410","Seychelles","Africa","Y2006","8.8","8.8"
"1411","Seychelles","Africa","Y2007","8.6","8.6"
"1412","Seychelles","Africa","Y2008","8.5","8.5"
"1413","Seychelles","Africa","Y2009","8.3","8.3"
"1414","Seychelles","Africa","Y2010","8.2","8.2"
"1415","Seychelles","Africa","Y2011","8","8"
"1416","Seychelles","Africa","Y2012","7.9","7.9"
"1417","Seychelles","Africa","Y2013","7.8","7.8"
"1418","Seychelles","Africa","Y2014","7.8","7.8"
"1419","Seychelles","Africa","Y2015","7.8","7.8"
"1420","Seychelles","Africa","Y2016","7.8","7.8"
"1421","Seychelles","Africa","Y2017","7.8","7.8"
"1422","Seychelles","Africa","Y2018","7.7","7.7"
"1423","Seychelles","Africa","Y2019","7.6","7.6"
"1424","Seychelles","Africa","Y2020","7.5","7.5"
"1425","Seychelles","Africa","Y2021","7.3","7.3"
"1426","Seychelles","Africa","Y2022","7.2","7.2"
"1427","Sierra Leone","Africa","Y2000","38.1","38.1"
"1428","Sierra Leone","Africa","Y2001","38.5","38.5"
"1429","Sierra Leone","Africa","Y2002","38.7","38.7"
"1430","Sierra Leone","Africa","Y2003","38.9","38.9"
"1431","Sierra Leone","Africa","Y2004","39","39"
"1432","Sierra Leone","Africa","Y2005","39","39"
"1433","Sierra Leone","Africa","Y2006","39","39"
"1434","Sierra Leone","Africa","Y2007","38.8","38.8"
"1435","Sierra Leone","Africa","Y2008","38.3","38.3"
"1436","Sierra Leone","Africa","Y2009","37.7","37.7"
"1437","Sierra Leone","Africa","Y2010","36.9","36.9"
"1438","Sierra Leone","Africa","Y2011","35.9","35.9"
"1439","Sierra Leone","Africa","Y2012","34.9","34.9"
"1440","Sierra Leone","Africa","Y2013","33.8","33.8"
"1441","Sierra Leone","Africa","Y2014","32.9","32.9"
"1442","Sierra Leone","Africa","Y2015","32.3","32.3"
"1443","Sierra Leone","Africa","Y2016","31.6","31.6"
"1444","Sierra Leone","Africa","Y2017","30.5","30.5"
"1445","Sierra Leone","Africa","Y2018","28.8","28.8"
"1446","Sierra Leone","Africa","Y2019","28.1","28.1"
"1447","Sierra Leone","Africa","Y2020","27.4","27.4"
"1448","Sierra Leone","Africa","Y2021","26.6","26.6"
"1449","Sierra Leone","Africa","Y2022","26","26"
"1450","Somalia","Africa","Y2000","33","33"
"1451","Somalia","Africa","Y2001","33.4","33.4"
"1452","Somalia","Africa","Y2002","33.7","33.7"
"1453","Somalia","Africa","Y2003","33.9","33.9"
"1454","Somalia","Africa","Y2004","34","34"
"1455","Somalia","Africa","Y2005","33.9","33.9"
"1456","Somalia","Africa","Y2006","33.7","33.7"
"1457","Somalia","Africa","Y2007","33.2","33.2"
"1458","Somalia","Africa","Y2008","32.4","32.4"
"1459","Somalia","Africa","Y2009","31.3","31.3"
"1460","Somalia","Africa","Y2010","30.1","30.1"
"1461","Somalia","Africa","Y2011","28.9","28.9"
"1462","Somalia","Africa","Y2012","27.6","27.6"
"1463","Somalia","Africa","Y2013","26.4","26.4"
"1464","Somalia","Africa","Y2014","25.3","25.3"
"1465","Somalia","Africa","Y2015","24.2","24.2"
"1466","Somalia","Africa","Y2016","23.2","23.2"
"1467","Somalia","Africa","Y2017","22.2","22.2"
"1468","Somalia","Africa","Y2018","21.2","21.2"
"1469","Somalia","Africa","Y2019","20.3","20.3"
"1470","Somalia","Africa","Y2020","19.4","19.4"
"1471","Somalia","Africa","Y2021","18.7","18.7"
"1472","Somalia","Africa","Y2022","18","18"
"1473","South Africa","Africa","Y2000","26.6","26.6"
"1474","South Africa","Africa","Y2001","26.3","26.3"
"1475","South Africa","Africa","Y2002","26.2","26.2"
"1476","South Africa","Africa","Y2003","26.2","26.2"
"1477","South Africa","Africa","Y2004","26.2","26.2"
"1478","South Africa","Africa","Y2005","26.2","26.2"
"1479","South Africa","Africa","Y2006","26","26"
"1480","South Africa","Africa","Y2007","25.5","25.5"
"1481","South Africa","Africa","Y2008","24.8","24.8"
"1482","South Africa","Africa","Y2009","24.1","24.1"
"1483","South Africa","Africa","Y2010","23.4","23.4"
"1484","South Africa","Africa","Y2011","22.9","22.9"
"1485","South Africa","Africa","Y2012","22.5","22.5"
"1486","South Africa","Africa","Y2013","22.4","22.4"
"1487","South Africa","Africa","Y2014","22.3","22.3"
"1488","South Africa","Africa","Y2015","22.3","22.3"
"1489","South Africa","Africa","Y2016","22.4","22.4"
"1490","South Africa","Africa","Y2017","22.4","22.4"
"1491","South Africa","Africa","Y2018","22.4","22.4"
"1492","South Africa","Africa","Y2019","22.5","22.5"
"1493","South Africa","Africa","Y2020","22.6","22.6"
"1494","South Africa","Africa","Y2021","22.8","22.8"
"1495","South Africa","Africa","Y2022","22.8","22.8"
"1496","South Sudan","Africa","Y2000","39","39"
"1497","South Sudan","Africa","Y2001","38.3","38.3"
"1498","South Sudan","Africa","Y2002","37.7","37.7"
"1499","South Sudan","Africa","Y2003","37.1","37.1"
"1500","South Sudan","Africa","Y2004","36.5","36.5"
"1501","South Sudan","Africa","Y2005","35.9","35.9"
"1502","South Sudan","Africa","Y2006","35.3","35.3"
"1503","South Sudan","Africa","Y2007","34.6","34.6"
"1504","South Sudan","Africa","Y2008","33.8","33.8"
"1505","South Sudan","Africa","Y2009","33","33"
"1506","South Sudan","Africa","Y2010","32.1","32.1"
"1507","South Sudan","Africa","Y2011","31.3","31.3"
"1508","South Sudan","Africa","Y2012","30.8","30.8"
"1509","South Sudan","Africa","Y2013","30.3","30.3"
"1510","South Sudan","Africa","Y2014","30.1","30.1"
"1511","South Sudan","Africa","Y2015","29.9","29.9"
"1512","South Sudan","Africa","Y2016","29.8","29.8"
"1513","South Sudan","Africa","Y2017","29.6","29.6"
"1514","South Sudan","Africa","Y2018","29.3","29.3"
"1515","South Sudan","Africa","Y2019","29.1","29.1"
"1516","South Sudan","Africa","Y2020","28.7","28.7"
"1517","South Sudan","Africa","Y2021","28.3","28.3"
"1518","South Sudan","Africa","Y2022","27.9","27.9"
"1519","Sudan","Africa","Y2000","39.3","39.3"
"1520","Sudan","Africa","Y2001","38.8","38.8"
"1521","Sudan","Africa","Y2002","38.5","38.5"
"1522","Sudan","Africa","Y2003","38.2","38.2"
"1523","Sudan","Africa","Y2004","37.9","37.9"
"1524","Sudan","Africa","Y2005","37.8","37.8"
"1525","Sudan","Africa","Y2006","37.6","37.6"
"1526","Sudan","Africa","Y2007","37.4","37.4"
"1527","Sudan","Africa","Y2008","37.2","37.2"
"1528","Sudan","Africa","Y2009","36.9","36.9"
"1529","Sudan","Africa","Y2010","36.5","36.5"
"1530","Sudan","Africa","Y2011","36.2","36.2"
"1531","Sudan","Africa","Y2012","36","36"
"1532","Sudan","Africa","Y2013","36","36"
"1533","Sudan","Africa","Y2014","36.1","36.1"
"1534","Sudan","Africa","Y2015","36.2","36.2"
"1535","Sudan","Africa","Y2016","36.4","36.4"
"1536","Sudan","Africa","Y2017","36.5","36.5"
"1537","Sudan","Africa","Y2018","36.5","36.5"
"1538","Sudan","Africa","Y2019","36.5","36.5"
"1539","Sudan","Africa","Y2020","36.4","36.4"
"1540","Sudan","Africa","Y2021","36.2","36.2"
"1541","Sudan","Africa","Y2022","36","36"
"1542","Togo","Africa","Y2000","32.1","32.1"
"1543","Togo","Africa","Y2001","31.8","31.8"
"1544","Togo","Africa","Y2002","31.6","31.6"
"1545","Togo","Africa","Y2003","31.3","31.3"
"1546","Togo","Africa","Y2004","31.1","31.1"
"1547","Togo","Africa","Y2005","31","31"
"1548","Togo","Africa","Y2006","30.8","30.8"
"1549","Togo","Africa","Y2007","30.4","30.4"
"1550","Togo","Africa","Y2008","30","30"
"1551","Togo","Africa","Y2009","29.4","29.4"
"1552","Togo","Africa","Y2010","28.7","28.7"
"1553","Togo","Africa","Y2011","27.8","27.8"
"1554","Togo","Africa","Y2012","27.3","27.3"
"1555","Togo","Africa","Y2013","26.8","26.8"
"1556","Togo","Africa","Y2014","26.4","26.4"
"1557","Togo","Africa","Y2015","26","26"
"1558","Togo","Africa","Y2016","25.6","25.6"
"1559","Togo","Africa","Y2017","25.1","25.1"
"1560","Togo","Africa","Y2018","24.6","24.6"
"1561","Togo","Africa","Y2019","24.1","24.1"
"1562","Togo","Africa","Y2020","23.5","23.5"
"1563","Togo","Africa","Y2021","22.9","22.9"
"1564","Togo","Africa","Y2022","22.3","22.3"
"1565","Tunisia","Africa","Y2000","12.6","12.6"
"1566","Tunisia","Africa","Y2001","12.2","12.2"
"1567","Tunisia","Africa","Y2002","11.8","11.8"
"1568","Tunisia","Africa","Y2003","11.5","11.5"
"1569","Tunisia","Africa","Y2004","11.2","11.2"
"1570","Tunisia","Africa","Y2005","10.9","10.9"
"1571","Tunisia","Africa","Y2006","10.7","10.7"
"1572","Tunisia","Africa","Y2007","10.3","10.3"
"1573","Tunisia","Africa","Y2008","10","10"
"1574","Tunisia","Africa","Y2009","9.6","9.6"
"1575","Tunisia","Africa","Y2010","9.3","9.3"
"1576","Tunisia","Africa","Y2011","9","9"
"1577","Tunisia","Africa","Y2012","8.8","8.8"
"1578","Tunisia","Africa","Y2013","8.7","8.7"
"1579","Tunisia","Africa","Y2014","8.6","8.6"
"1580","Tunisia","Africa","Y2015","8.6","8.6"
"1581","Tunisia","Africa","Y2016","8.7","8.7"
"1582","Tunisia","Africa","Y2017","8.7","8.7"
"1583","Tunisia","Africa","Y2018","8.8","8.8"
"1584","Tunisia","Africa","Y2019","8.8","8.8"
"1585","Tunisia","Africa","Y2020","8.8","8.8"
"1586","Tunisia","Africa","Y2021","8.7","8.7"
"1587","Tunisia","Africa","Y2022","8.6","8.6"
"1588","Uganda","Africa","Y2000","44","44"
"1589","Uganda","Africa","Y2001","43.6","43.6"
"1590","Uganda","Africa","Y2002","43.1","43.1"
"1591","Uganda","Africa","Y2003","42.6","42.6"
"1592","Uganda","Africa","Y2004","42","42"
"1593","Uganda","Africa","Y2005","41.3","41.3"
"1594","Uganda","Africa","Y2006","40.6","40.6"
"1595","Uganda","Africa","Y2007","39.7","39.7"
"1596","Uganda","Africa","Y2008","38.6","38.6"
"1597","Uganda","Africa","Y2009","37.4","37.4"
"1598","Uganda","Africa","Y2010","36","36"
"1599","Uganda","Africa","Y2011","34.6","34.6"
"1600","Uganda","Africa","Y2012","33.3","33.3"
"1601","Uganda","Africa","Y2013","32.1","32.1"
"1602","Uganda","Africa","Y2014","30.8","30.8"
"1603","Uganda","Africa","Y2015","29.6","29.6"
"1604","Uganda","Africa","Y2016","28.4","28.4"
"1605","Uganda","Africa","Y2017","27.3","27.3"
"1606","Uganda","Africa","Y2018","26.3","26.3"
"1607","Uganda","Africa","Y2019","25.5","25.5"
"1608","Uganda","Africa","Y2020","24.7","24.7"
"1609","Uganda","Africa","Y2021","24","24"
"1610","Uganda","Africa","Y2022","23.4","23.4"
"1611","Ukraine","Europe","Y2000","22.6","22.6"
"1612","Ukraine","Europe","Y2001","22.5","22.5"
"1613","Ukraine","Europe","Y2002","22.3","22.3"
"1614","Ukraine","Europe","Y2003","22","22"
"1615","Ukraine","Europe","Y2004","21.6","21.6"
"1616","Ukraine","Europe","Y2005","21.2","21.2"
"1617","Ukraine","Europe","Y2006","20.7","20.7"
"1618","Ukraine","Europe","Y2007","20.2","20.2"
"1619","Ukraine","Europe","Y2008","19.6","19.6"
"1620","Ukraine","Europe","Y2009","19.1","19.1"
"1621","Ukraine","Europe","Y2010","18.6","18.6"
"1622","Ukraine","Europe","Y2011","18.2","18.2"
"1623","Ukraine","Europe","Y2012","18.2","18.2"
"1624","Ukraine","Europe","Y2013","17.5","17.5"
"1625","Ukraine","Europe","Y2014","16.9","16.9"
"1626","Ukraine","Europe","Y2015","16.5","16.5"
"1627","Ukraine","Europe","Y2016","16.7","16.7"
"1628","Ukraine","Europe","Y2017","16.6","16.6"
"1629","Ukraine","Europe","Y2018","16.2","16.2"
"1630","Ukraine","Europe","Y2019","15.6","15.6"
"1631","Ukraine","Europe","Y2020","14.8","14.8"
"1632","Ukraine","Europe","Y2021","13.5","13.5"
"1633","Ukraine","Europe","Y2022","12.3","12.3"
"1634","United Republic of Tanzania","Africa","Y2000","47.4","47.4"
"1635","United Republic of Tanzania","Africa","Y2001","46.8","46.8"
"1636","United Republic of Tanzania","Africa","Y2002","46.2","46.2"
"1637","United Republic of Tanzania","Africa","Y2003","45.5","45.5"
"1638","United Republic of Tanzania","Africa","Y2004","44.8","44.8"
"1639","United Republic of Tanzania","Africa","Y2005","44.2","44.2"
"1640","United Republic of Tanzania","Africa","Y2006","43.6","43.6"
"1641","United Republic of Tanzania","Africa","Y2007","42.9","42.9"
"1642","United Republic of Tanzania","Africa","Y2008","42.2","42.2"
"1643","United Republic of Tanzania","Africa","Y2009","41.3","41.3"
"1644","United Republic of Tanzania","Africa","Y2010","40.3","40.3"
"1645","United Republic of Tanzania","Africa","Y2011","39.2","39.2"
"1646","United Republic of Tanzania","Africa","Y2012","38.1","38.1"
"1647","United Republic of Tanzania","Africa","Y2013","37.1","37.1"
"1648","United Republic of Tanzania","Africa","Y2014","36.2","36.2"
"1649","United Republic of Tanzania","Africa","Y2015","35.4","35.4"
"1650","United Republic of Tanzania","Africa","Y2016","34.7","34.7"
"1651","United Republic of Tanzania","Africa","Y2017","34.1","34.1"
"1652","United Republic of Tanzania","Africa","Y2018","33.5","33.5"
"1653","United Republic of Tanzania","Africa","Y2019","32.9","32.9"
"1654","United Republic of Tanzania","Africa","Y2020","32.1","32.1"
"1655","United Republic of Tanzania","Africa","Y2021","31.4","31.4"
"1656","United Republic of Tanzania","Africa","Y2022","30.6","30.6"
"1657","Zambia","Africa","Y2000","51.8","51.8"
"1658","Zambia","Africa","Y2001","51.6","51.6"
"1659","Zambia","Africa","Y2002","51.3","51.3"
"1660","Zambia","Africa","Y2003","50.7","50.7"
"1661","Zambia","Africa","Y2004","50.1","50.1"
"1662","Zambia","Africa","Y2005","49.4","49.4"
"1663","Zambia","Africa","Y2006","48.6","48.6"
"1664","Zambia","Africa","Y2007","47.6","47.6"
"1665","Zambia","Africa","Y2008","46.5","46.5"
"1666","Zambia","Africa","Y2009","45.2","45.2"
"1667","Zambia","Africa","Y2010","43.7","43.7"
"1668","Zambia","Africa","Y2011","42.2","42.2"
"1669","Zambia","Africa","Y2012","40.8","40.8"
"1670","Zambia","Africa","Y2013","39.6","39.6"
"1671","Zambia","Africa","Y2014","38.6","38.6"
"1672","Zambia","Africa","Y2015","37.6","37.6"
"1673","Zambia","Africa","Y2016","36.6","36.6"
"1674","Zambia","Africa","Y2017","35.4","35.4"
"1675","Zambia","Africa","Y2018","34.2","34.2"
"1676","Zambia","Africa","Y2019","33.2","33.2"
"1677","Zambia","Africa","Y2020","32.3","32.3"
"1678","Zambia","Africa","Y2021","31.7","31.7"
"1679","Zambia","Africa","Y2022","31.4","31.4"
"1680","Zimbabwe","Africa","Y2000","32.8","32.8"
"1681","Zimbabwe","Africa","Y2001","33.1","33.1"
"1682","Zimbabwe","Africa","Y2002","33.6","33.6"
"1683","Zimbabwe","Africa","Y2003","34.1","34.1"
"1684","Zimbabwe","Africa","Y2004","34.4","34.4"
"1685","Zimbabwe","Africa","Y2005","34.8","34.8"
"1686","Zimbabwe","Africa","Y2006","35","35"
"1687","Zimbabwe","Africa","Y2007","34.9","34.9"
"1688","Zimbabwe","Africa","Y2008","34.7","34.7"
"1689","Zimbabwe","Africa","Y2009","34.2","34.2"
"1690","Zimbabwe","Africa","Y2010","33.5","33.5"
"1691","Zimbabwe","Africa","Y2011","32.4","32.4"
"1692","Zimbabwe","Africa","Y2012","31.1","31.1"
"1693","Zimbabwe","Africa","Y2013","29.6","29.6"
"1694","Zimbabwe","Africa","Y2014","28.1","28.1"
"1695","Zimbabwe","Africa","Y2015","26.8","26.8"
"1696","Zimbabwe","Africa","Y2016","25.6","25.6"
"1697","Zimbabwe","Africa","Y2017","24.6","24.6"
"1698","Zimbabwe","Africa","Y2018","23.8","23.8"
"1699","Zimbabwe","Africa","Y2019","23.1","23.1"
"1700","Zimbabwe","Africa","Y2020","22.5","22.5"
"1701","Zimbabwe","Africa","Y2021","22","22"
"1702","Zimbabwe","Africa","Y2022","21.6","21.6"
