"","Area","Region","YearPeriod","Percent"
"1","Albania","Europe","Y20002002","4.9"
"2","Albania","Europe","Y20012003","6"
"3","Albania","Europe","Y20022004","7.4"
"4","Albania","Europe","Y20032005","8.6"
"5","Albania","Europe","Y20042006","8.9"
"6","Albania","Europe","Y20052007","8.8"
"7","Albania","Europe","Y20062008","8.3"
"8","Albania","Europe","Y20072009","7.4"
"9","Albania","Europe","Y20082010","6.1"
"10","Albania","Europe","Y20092011","5.4"
"11","Albania","Europe","Y20102012","4.8"
"12","Albania","Europe","Y20112013","4.5"
"13","Albania","Europe","Y20122014","4.4"
"14","Albania","Europe","Y20132015","4.4"
"15","Albania","Europe","Y20142016","4.3"
"16","Albania","Europe","Y20152017","4.2"
"17","Albania","Europe","Y20162018","4.2"
"18","Albania","Europe","Y20172019","4.1"
"19","Albania","Europe","Y20182020","4.1"
"20","Albania","Europe","Y20192021","4.1"
"21","Albania","Europe","Y20202022","4.1"
"22","Andorra","Europe","Y20002002",""
"23","Andorra","Europe","Y20012003",""
"24","Andorra","Europe","Y20022004",""
"25","Andorra","Europe","Y20032005",""
"26","Andorra","Europe","Y20042006",""
"27","Andorra","Europe","Y20052007",""
"28","Andorra","Europe","Y20062008",""
"29","Andorra","Europe","Y20072009",""
"30","Andorra","Europe","Y20082010",""
"31","Andorra","Europe","Y20092011",""
"32","Andorra","Europe","Y20102012",""
"33","Andorra","Europe","Y20112013",""
"34","Andorra","Europe","Y20122014",""
"35","Andorra","Europe","Y20132015",""
"36","Andorra","Europe","Y20142016",""
"37","Andorra","Europe","Y20152017",""
"38","Andorra","Europe","Y20162018",""
"39","Andorra","Europe","Y20172019",""
"40","Andorra","Europe","Y20182020",""
"41","Andorra","Europe","Y20192021",""
"42","Andorra","Europe","Y20202022",""
"43","Austria","Europe","Y20002002","<2.5"
"44","Austria","Europe","Y20012003","<2.5"
"45","Austria","Europe","Y20022004","<2.5"
"46","Austria","Europe","Y20032005","<2.5"
"47","Austria","Europe","Y20042006","<2.5"
"48","Austria","Europe","Y20052007","<2.5"
"49","Austria","Europe","Y20062008","<2.5"
"50","Austria","Europe","Y20072009","<2.5"
"51","Austria","Europe","Y20082010","<2.5"
"52","Austria","Europe","Y20092011","<2.5"
"53","Austria","Europe","Y20102012","<2.5"
"54","Austria","Europe","Y20112013","<2.5"
"55","Austria","Europe","Y20122014","<2.5"
"56","Austria","Europe","Y20132015","<2.5"
"57","Austria","Europe","Y20142016","<2.5"
"58","Austria","Europe","Y20152017","<2.5"
"59","Austria","Europe","Y20162018","<2.5"
"60","Austria","Europe","Y20172019","<2.5"
"61","Austria","Europe","Y20182020","<2.5"
"62","Austria","Europe","Y20192021","<2.5"
"63","Austria","Europe","Y20202022","<2.5"
"64","Belarus","Europe","Y20002002","<2.5"
"65","Belarus","Europe","Y20012003","2.7"
"66","Belarus","Europe","Y20022004","3.2"
"67","Belarus","Europe","Y20032005","3.3"
"68","Belarus","Europe","Y20042006","<2.5"
"69","Belarus","Europe","Y20052007","<2.5"
"70","Belarus","Europe","Y20062008","<2.5"
"71","Belarus","Europe","Y20072009","<2.5"
"72","Belarus","Europe","Y20082010","<2.5"
"73","Belarus","Europe","Y20092011","<2.5"
"74","Belarus","Europe","Y20102012","<2.5"
"75","Belarus","Europe","Y20112013","<2.5"
"76","Belarus","Europe","Y20122014","<2.5"
"77","Belarus","Europe","Y20132015","<2.5"
"78","Belarus","Europe","Y20142016","<2.5"
"79","Belarus","Europe","Y20152017","<2.5"
"80","Belarus","Europe","Y20162018","<2.5"
"81","Belarus","Europe","Y20172019","<2.5"
"82","Belarus","Europe","Y20182020","<2.5"
"83","Belarus","Europe","Y20192021","<2.5"
"84","Belarus","Europe","Y20202022","<2.5"
"85","Belgium","Europe","Y20002002","<2.5"
"86","Belgium","Europe","Y20012003","<2.5"
"87","Belgium","Europe","Y20022004","<2.5"
"88","Belgium","Europe","Y20032005","<2.5"
"89","Belgium","Europe","Y20042006","<2.5"
"90","Belgium","Europe","Y20052007","<2.5"
"91","Belgium","Europe","Y20062008","<2.5"
"92","Belgium","Europe","Y20072009","<2.5"
"93","Belgium","Europe","Y20082010","<2.5"
"94","Belgium","Europe","Y20092011","<2.5"
"95","Belgium","Europe","Y20102012","<2.5"
"96","Belgium","Europe","Y20112013","<2.5"
"97","Belgium","Europe","Y20122014","<2.5"
"98","Belgium","Europe","Y20132015","<2.5"
"99","Belgium","Europe","Y20142016","<2.5"
"100","Belgium","Europe","Y20152017","<2.5"
"101","Belgium","Europe","Y20162018","<2.5"
"102","Belgium","Europe","Y20172019","<2.5"
"103","Belgium","Europe","Y20182020","<2.5"
"104","Belgium","Europe","Y20192021","<2.5"
"105","Belgium","Europe","Y20202022","<2.5"
"106","Bosnia and Herzegovina","Europe","Y20002002","3.4"
"107","Bosnia and Herzegovina","Europe","Y20012003","3.2"
"108","Bosnia and Herzegovina","Europe","Y20022004","2.7"
"109","Bosnia and Herzegovina","Europe","Y20032005","<2.5"
"110","Bosnia and Herzegovina","Europe","Y20042006","<2.5"
"111","Bosnia and Herzegovina","Europe","Y20052007","<2.5"
"112","Bosnia and Herzegovina","Europe","Y20062008","<2.5"
"113","Bosnia and Herzegovina","Europe","Y20072009","<2.5"
"114","Bosnia and Herzegovina","Europe","Y20082010","<2.5"
"115","Bosnia and Herzegovina","Europe","Y20092011","2.5"
"116","Bosnia and Herzegovina","Europe","Y20102012","3"
"117","Bosnia and Herzegovina","Europe","Y20112013","2.8"
"118","Bosnia and Herzegovina","Europe","Y20122014","<2.5"
"119","Bosnia and Herzegovina","Europe","Y20132015","<2.5"
"120","Bosnia and Herzegovina","Europe","Y20142016","<2.5"
"121","Bosnia and Herzegovina","Europe","Y20152017","<2.5"
"122","Bosnia and Herzegovina","Europe","Y20162018","<2.5"
"123","Bosnia and Herzegovina","Europe","Y20172019","<2.5"
"124","Bosnia and Herzegovina","Europe","Y20182020","<2.5"
"125","Bosnia and Herzegovina","Europe","Y20192021","<2.5"
"126","Bosnia and Herzegovina","Europe","Y20202022","<2.5"
"127","Bulgaria","Europe","Y20002002","3.9"
"128","Bulgaria","Europe","Y20012003","4.1"
"129","Bulgaria","Europe","Y20022004","4.4"
"130","Bulgaria","Europe","Y20032005","4.8"
"131","Bulgaria","Europe","Y20042006","4.8"
"132","Bulgaria","Europe","Y20052007","5"
"133","Bulgaria","Europe","Y20062008","4.6"
"134","Bulgaria","Europe","Y20072009","4.4"
"135","Bulgaria","Europe","Y20082010","4.4"
"136","Bulgaria","Europe","Y20092011","4.6"
"137","Bulgaria","Europe","Y20102012","4.8"
"138","Bulgaria","Europe","Y20112013","4.3"
"139","Bulgaria","Europe","Y20122014","3.8"
"140","Bulgaria","Europe","Y20132015","3.8"
"141","Bulgaria","Europe","Y20142016","3.7"
"142","Bulgaria","Europe","Y20152017","3.8"
"143","Bulgaria","Europe","Y20162018","3.1"
"144","Bulgaria","Europe","Y20172019","2.8"
"145","Bulgaria","Europe","Y20182020","2.7"
"146","Bulgaria","Europe","Y20192021","2.5"
"147","Bulgaria","Europe","Y20202022","<2.5"
"148","Croatia","Europe","Y20002002","6.9"
"149","Croatia","Europe","Y20012003","4.6"
"150","Croatia","Europe","Y20022004","3.6"
"151","Croatia","Europe","Y20032005","3"
"152","Croatia","Europe","Y20042006","<2.5"
"153","Croatia","Europe","Y20052007","<2.5"
"154","Croatia","Europe","Y20062008","<2.5"
"155","Croatia","Europe","Y20072009","<2.5"
"156","Croatia","Europe","Y20082010","<2.5"
"157","Croatia","Europe","Y20092011","<2.5"
"158","Croatia","Europe","Y20102012","2.7"
"159","Croatia","Europe","Y20112013","<2.5"
"160","Croatia","Europe","Y20122014","<2.5"
"161","Croatia","Europe","Y20132015","<2.5"
"162","Croatia","Europe","Y20142016","<2.5"
"163","Croatia","Europe","Y20152017","<2.5"
"164","Croatia","Europe","Y20162018","<2.5"
"165","Croatia","Europe","Y20172019","<2.5"
"166","Croatia","Europe","Y20182020","<2.5"
"167","Croatia","Europe","Y20192021","<2.5"
"168","Croatia","Europe","Y20202022","<2.5"
"169","Czechia","Europe","Y20002002","<2.5"
"170","Czechia","Europe","Y20012003","<2.5"
"171","Czechia","Europe","Y20022004","<2.5"
"172","Czechia","Europe","Y20032005","<2.5"
"173","Czechia","Europe","Y20042006","<2.5"
"174","Czechia","Europe","Y20052007","<2.5"
"175","Czechia","Europe","Y20062008","<2.5"
"176","Czechia","Europe","Y20072009","<2.5"
"177","Czechia","Europe","Y20082010","<2.5"
"178","Czechia","Europe","Y20092011","<2.5"
"179","Czechia","Europe","Y20102012","<2.5"
"180","Czechia","Europe","Y20112013","<2.5"
"181","Czechia","Europe","Y20122014","<2.5"
"182","Czechia","Europe","Y20132015","<2.5"
"183","Czechia","Europe","Y20142016","<2.5"
"184","Czechia","Europe","Y20152017","<2.5"
"185","Czechia","Europe","Y20162018","<2.5"
"186","Czechia","Europe","Y20172019","<2.5"
"187","Czechia","Europe","Y20182020","<2.5"
"188","Czechia","Europe","Y20192021","<2.5"
"189","Czechia","Europe","Y20202022","<2.5"
"190","Denmark","Europe","Y20002002","<2.5"
"191","Denmark","Europe","Y20012003","<2.5"
"192","Denmark","Europe","Y20022004","<2.5"
"193","Denmark","Europe","Y20032005","<2.5"
"194","Denmark","Europe","Y20042006","<2.5"
"195","Denmark","Europe","Y20052007","<2.5"
"196","Denmark","Europe","Y20062008","<2.5"
"197","Denmark","Europe","Y20072009","<2.5"
"198","Denmark","Europe","Y20082010","<2.5"
"199","Denmark","Europe","Y20092011","<2.5"
"200","Denmark","Europe","Y20102012","<2.5"
"201","Denmark","Europe","Y20112013","<2.5"
"202","Denmark","Europe","Y20122014","<2.5"
"203","Denmark","Europe","Y20132015","<2.5"
"204","Denmark","Europe","Y20142016","<2.5"
"205","Denmark","Europe","Y20152017","<2.5"
"206","Denmark","Europe","Y20162018","<2.5"
"207","Denmark","Europe","Y20172019","<2.5"
"208","Denmark","Europe","Y20182020","<2.5"
"209","Denmark","Europe","Y20192021","<2.5"
"210","Denmark","Europe","Y20202022","<2.5"
"211","Estonia","Europe","Y20002002","3.5"
"212","Estonia","Europe","Y20012003","3.5"
"213","Estonia","Europe","Y20022004","3.3"
"214","Estonia","Europe","Y20032005","2.8"
"215","Estonia","Europe","Y20042006","<2.5"
"216","Estonia","Europe","Y20052007","<2.5"
"217","Estonia","Europe","Y20062008","<2.5"
"218","Estonia","Europe","Y20072009","<2.5"
"219","Estonia","Europe","Y20082010","<2.5"
"220","Estonia","Europe","Y20092011","<2.5"
"221","Estonia","Europe","Y20102012","<2.5"
"222","Estonia","Europe","Y20112013","<2.5"
"223","Estonia","Europe","Y20122014","<2.5"
"224","Estonia","Europe","Y20132015","<2.5"
"225","Estonia","Europe","Y20142016","<2.5"
"226","Estonia","Europe","Y20152017","<2.5"
"227","Estonia","Europe","Y20162018","<2.5"
"228","Estonia","Europe","Y20172019","<2.5"
"229","Estonia","Europe","Y20182020","<2.5"
"230","Estonia","Europe","Y20192021","<2.5"
"231","Estonia","Europe","Y20202022","<2.5"
"232","Finland","Europe","Y20002002","<2.5"
"233","Finland","Europe","Y20012003","<2.5"
"234","Finland","Europe","Y20022004","<2.5"
"235","Finland","Europe","Y20032005","<2.5"
"236","Finland","Europe","Y20042006","<2.5"
"237","Finland","Europe","Y20052007","<2.5"
"238","Finland","Europe","Y20062008","<2.5"
"239","Finland","Europe","Y20072009","<2.5"
"240","Finland","Europe","Y20082010","<2.5"
"241","Finland","Europe","Y20092011","<2.5"
"242","Finland","Europe","Y20102012","<2.5"
"243","Finland","Europe","Y20112013","<2.5"
"244","Finland","Europe","Y20122014","<2.5"
"245","Finland","Europe","Y20132015","<2.5"
"246","Finland","Europe","Y20142016","<2.5"
"247","Finland","Europe","Y20152017","<2.5"
"248","Finland","Europe","Y20162018","<2.5"
"249","Finland","Europe","Y20172019","<2.5"
"250","Finland","Europe","Y20182020","<2.5"
"251","Finland","Europe","Y20192021","<2.5"
"252","Finland","Europe","Y20202022","<2.5"
"253","France","Europe","Y20002002","<2.5"
"254","France","Europe","Y20012003","<2.5"
"255","France","Europe","Y20022004","<2.5"
"256","France","Europe","Y20032005","<2.5"
"257","France","Europe","Y20042006","<2.5"
"258","France","Europe","Y20052007","<2.5"
"259","France","Europe","Y20062008","<2.5"
"260","France","Europe","Y20072009","<2.5"
"261","France","Europe","Y20082010","<2.5"
"262","France","Europe","Y20092011","<2.5"
"263","France","Europe","Y20102012","<2.5"
"264","France","Europe","Y20112013","<2.5"
"265","France","Europe","Y20122014","<2.5"
"266","France","Europe","Y20132015","<2.5"
"267","France","Europe","Y20142016","<2.5"
"268","France","Europe","Y20152017","<2.5"
"269","France","Europe","Y20162018","<2.5"
"270","France","Europe","Y20172019","<2.5"
"271","France","Europe","Y20182020","<2.5"
"272","France","Europe","Y20192021","<2.5"
"273","France","Europe","Y20202022","<2.5"
"274","Germany","Europe","Y20002002","<2.5"
"275","Germany","Europe","Y20012003","<2.5"
"276","Germany","Europe","Y20022004","<2.5"
"277","Germany","Europe","Y20032005","<2.5"
"278","Germany","Europe","Y20042006","<2.5"
"279","Germany","Europe","Y20052007","<2.5"
"280","Germany","Europe","Y20062008","<2.5"
"281","Germany","Europe","Y20072009","<2.5"
"282","Germany","Europe","Y20082010","<2.5"
"283","Germany","Europe","Y20092011","<2.5"
"284","Germany","Europe","Y20102012","<2.5"
"285","Germany","Europe","Y20112013","<2.5"
"286","Germany","Europe","Y20122014","<2.5"
"287","Germany","Europe","Y20132015","<2.5"
"288","Germany","Europe","Y20142016","<2.5"
"289","Germany","Europe","Y20152017","<2.5"
"290","Germany","Europe","Y20162018","<2.5"
"291","Germany","Europe","Y20172019","<2.5"
"292","Germany","Europe","Y20182020","<2.5"
"293","Germany","Europe","Y20192021","<2.5"
"294","Germany","Europe","Y20202022","<2.5"
"295","Greece","Europe","Y20002002","<2.5"
"296","Greece","Europe","Y20012003","<2.5"
"297","Greece","Europe","Y20022004","<2.5"
"298","Greece","Europe","Y20032005","<2.5"
"299","Greece","Europe","Y20042006","<2.5"
"300","Greece","Europe","Y20052007","<2.5"
"301","Greece","Europe","Y20062008","<2.5"
"302","Greece","Europe","Y20072009","<2.5"
"303","Greece","Europe","Y20082010","<2.5"
"304","Greece","Europe","Y20092011","<2.5"
"305","Greece","Europe","Y20102012","<2.5"
"306","Greece","Europe","Y20112013","<2.5"
"307","Greece","Europe","Y20122014","<2.5"
"308","Greece","Europe","Y20132015","<2.5"
"309","Greece","Europe","Y20142016","<2.5"
"310","Greece","Europe","Y20152017","<2.5"
"311","Greece","Europe","Y20162018","<2.5"
"312","Greece","Europe","Y20172019","<2.5"
"313","Greece","Europe","Y20182020","<2.5"
"314","Greece","Europe","Y20192021","<2.5"
"315","Greece","Europe","Y20202022","<2.5"
"316","Hungary","Europe","Y20002002","<2.5"
"317","Hungary","Europe","Y20012003","<2.5"
"318","Hungary","Europe","Y20022004","<2.5"
"319","Hungary","Europe","Y20032005","<2.5"
"320","Hungary","Europe","Y20042006","<2.5"
"321","Hungary","Europe","Y20052007","<2.5"
"322","Hungary","Europe","Y20062008","<2.5"
"323","Hungary","Europe","Y20072009","<2.5"
"324","Hungary","Europe","Y20082010","<2.5"
"325","Hungary","Europe","Y20092011","<2.5"
"326","Hungary","Europe","Y20102012","<2.5"
"327","Hungary","Europe","Y20112013","<2.5"
"328","Hungary","Europe","Y20122014","<2.5"
"329","Hungary","Europe","Y20132015","<2.5"
"330","Hungary","Europe","Y20142016","<2.5"
"331","Hungary","Europe","Y20152017","<2.5"
"332","Hungary","Europe","Y20162018","<2.5"
"333","Hungary","Europe","Y20172019","<2.5"
"334","Hungary","Europe","Y20182020","<2.5"
"335","Hungary","Europe","Y20192021","<2.5"
"336","Hungary","Europe","Y20202022","<2.5"
"337","Iceland","Europe","Y20002002","<2.5"
"338","Iceland","Europe","Y20012003","<2.5"
"339","Iceland","Europe","Y20022004","<2.5"
"340","Iceland","Europe","Y20032005","<2.5"
"341","Iceland","Europe","Y20042006","<2.5"
"342","Iceland","Europe","Y20052007","<2.5"
"343","Iceland","Europe","Y20062008","<2.5"
"344","Iceland","Europe","Y20072009","<2.5"
"345","Iceland","Europe","Y20082010","<2.5"
"346","Iceland","Europe","Y20092011","<2.5"
"347","Iceland","Europe","Y20102012","<2.5"
"348","Iceland","Europe","Y20112013","<2.5"
"349","Iceland","Europe","Y20122014","<2.5"
"350","Iceland","Europe","Y20132015","<2.5"
"351","Iceland","Europe","Y20142016","<2.5"
"352","Iceland","Europe","Y20152017","<2.5"
"353","Iceland","Europe","Y20162018","<2.5"
"354","Iceland","Europe","Y20172019","<2.5"
"355","Iceland","Europe","Y20182020","<2.5"
"356","Iceland","Europe","Y20192021","<2.5"
"357","Iceland","Europe","Y20202022","<2.5"
"358","Ireland","Europe","Y20002002","<2.5"
"359","Ireland","Europe","Y20012003","<2.5"
"360","Ireland","Europe","Y20022004","<2.5"
"361","Ireland","Europe","Y20032005","<2.5"
"362","Ireland","Europe","Y20042006","<2.5"
"363","Ireland","Europe","Y20052007","<2.5"
"364","Ireland","Europe","Y20062008","<2.5"
"365","Ireland","Europe","Y20072009","<2.5"
"366","Ireland","Europe","Y20082010","<2.5"
"367","Ireland","Europe","Y20092011","<2.5"
"368","Ireland","Europe","Y20102012","<2.5"
"369","Ireland","Europe","Y20112013","<2.5"
"370","Ireland","Europe","Y20122014","<2.5"
"371","Ireland","Europe","Y20132015","<2.5"
"372","Ireland","Europe","Y20142016","<2.5"
"373","Ireland","Europe","Y20152017","<2.5"
"374","Ireland","Europe","Y20162018","<2.5"
"375","Ireland","Europe","Y20172019","<2.5"
"376","Ireland","Europe","Y20182020","<2.5"
"377","Ireland","Europe","Y20192021","<2.5"
"378","Ireland","Europe","Y20202022","<2.5"
"379","Italy","Europe","Y20002002","<2.5"
"380","Italy","Europe","Y20012003","<2.5"
"381","Italy","Europe","Y20022004","<2.5"
"382","Italy","Europe","Y20032005","<2.5"
"383","Italy","Europe","Y20042006","<2.5"
"384","Italy","Europe","Y20052007","<2.5"
"385","Italy","Europe","Y20062008","<2.5"
"386","Italy","Europe","Y20072009","<2.5"
"387","Italy","Europe","Y20082010","<2.5"
"388","Italy","Europe","Y20092011","<2.5"
"389","Italy","Europe","Y20102012","<2.5"
"390","Italy","Europe","Y20112013","<2.5"
"391","Italy","Europe","Y20122014","<2.5"
"392","Italy","Europe","Y20132015","<2.5"
"393","Italy","Europe","Y20142016","<2.5"
"394","Italy","Europe","Y20152017","<2.5"
"395","Italy","Europe","Y20162018","<2.5"
"396","Italy","Europe","Y20172019","<2.5"
"397","Italy","Europe","Y20182020","<2.5"
"398","Italy","Europe","Y20192021","<2.5"
"399","Italy","Europe","Y20202022","<2.5"
"400","Latvia","Europe","Y20002002","4.6"
"401","Latvia","Europe","Y20012003","3.4"
"402","Latvia","Europe","Y20022004","2.7"
"403","Latvia","Europe","Y20032005","<2.5"
"404","Latvia","Europe","Y20042006","<2.5"
"405","Latvia","Europe","Y20052007","<2.5"
"406","Latvia","Europe","Y20062008","<2.5"
"407","Latvia","Europe","Y20072009","<2.5"
"408","Latvia","Europe","Y20082010","<2.5"
"409","Latvia","Europe","Y20092011","<2.5"
"410","Latvia","Europe","Y20102012","<2.5"
"411","Latvia","Europe","Y20112013","<2.5"
"412","Latvia","Europe","Y20122014","<2.5"
"413","Latvia","Europe","Y20132015","<2.5"
"414","Latvia","Europe","Y20142016","<2.5"
"415","Latvia","Europe","Y20152017","<2.5"
"416","Latvia","Europe","Y20162018","<2.5"
"417","Latvia","Europe","Y20172019","<2.5"
"418","Latvia","Europe","Y20182020","<2.5"
"419","Latvia","Europe","Y20192021","<2.5"
"420","Latvia","Europe","Y20202022","<2.5"
"421","Lithuania","Europe","Y20002002","<2.5"
"422","Lithuania","Europe","Y20012003","<2.5"
"423","Lithuania","Europe","Y20022004","<2.5"
"424","Lithuania","Europe","Y20032005","<2.5"
"425","Lithuania","Europe","Y20042006","<2.5"
"426","Lithuania","Europe","Y20052007","<2.5"
"427","Lithuania","Europe","Y20062008","<2.5"
"428","Lithuania","Europe","Y20072009","<2.5"
"429","Lithuania","Europe","Y20082010","<2.5"
"430","Lithuania","Europe","Y20092011","<2.5"
"431","Lithuania","Europe","Y20102012","<2.5"
"432","Lithuania","Europe","Y20112013","<2.5"
"433","Lithuania","Europe","Y20122014","<2.5"
"434","Lithuania","Europe","Y20132015","<2.5"
"435","Lithuania","Europe","Y20142016","<2.5"
"436","Lithuania","Europe","Y20152017","<2.5"
"437","Lithuania","Europe","Y20162018","<2.5"
"438","Lithuania","Europe","Y20172019","<2.5"
"439","Lithuania","Europe","Y20182020","<2.5"
"440","Lithuania","Europe","Y20192021","<2.5"
"441","Lithuania","Europe","Y20202022","<2.5"
"442","Luxembourg","Europe","Y20002002","<2.5"
"443","Luxembourg","Europe","Y20012003","<2.5"
"444","Luxembourg","Europe","Y20022004","<2.5"
"445","Luxembourg","Europe","Y20032005","<2.5"
"446","Luxembourg","Europe","Y20042006","<2.5"
"447","Luxembourg","Europe","Y20052007","<2.5"
"448","Luxembourg","Europe","Y20062008","<2.5"
"449","Luxembourg","Europe","Y20072009","<2.5"
"450","Luxembourg","Europe","Y20082010","<2.5"
"451","Luxembourg","Europe","Y20092011","<2.5"
"452","Luxembourg","Europe","Y20102012","<2.5"
"453","Luxembourg","Europe","Y20112013","<2.5"
"454","Luxembourg","Europe","Y20122014","<2.5"
"455","Luxembourg","Europe","Y20132015","<2.5"
"456","Luxembourg","Europe","Y20142016","<2.5"
"457","Luxembourg","Europe","Y20152017","<2.5"
"458","Luxembourg","Europe","Y20162018","<2.5"
"459","Luxembourg","Europe","Y20172019","<2.5"
"460","Luxembourg","Europe","Y20182020","<2.5"
"461","Luxembourg","Europe","Y20192021","<2.5"
"462","Luxembourg","Europe","Y20202022","<2.5"
"463","Malta","Europe","Y20002002","<2.5"
"464","Malta","Europe","Y20012003","<2.5"
"465","Malta","Europe","Y20022004","<2.5"
"466","Malta","Europe","Y20032005","<2.5"
"467","Malta","Europe","Y20042006","<2.5"
"468","Malta","Europe","Y20052007","<2.5"
"469","Malta","Europe","Y20062008","<2.5"
"470","Malta","Europe","Y20072009","<2.5"
"471","Malta","Europe","Y20082010","<2.5"
"472","Malta","Europe","Y20092011","<2.5"
"473","Malta","Europe","Y20102012","<2.5"
"474","Malta","Europe","Y20112013","<2.5"
"475","Malta","Europe","Y20122014","<2.5"
"476","Malta","Europe","Y20132015","<2.5"
"477","Malta","Europe","Y20142016","<2.5"
"478","Malta","Europe","Y20152017","<2.5"
"479","Malta","Europe","Y20162018","<2.5"
"480","Malta","Europe","Y20172019","<2.5"
"481","Malta","Europe","Y20182020","2.8"
"482","Malta","Europe","Y20192021","3.7"
"483","Malta","Europe","Y20202022","4.6"
"484","Montenegro","Europe","Y20002002","9.6"
"485","Montenegro","Europe","Y20012003","9.1"
"486","Montenegro","Europe","Y20022004","8.3"
"487","Montenegro","Europe","Y20032005","7.6"
"488","Montenegro","Europe","Y20042006","5.4"
"489","Montenegro","Europe","Y20052007","3.1"
"490","Montenegro","Europe","Y20062008","<2.5"
"491","Montenegro","Europe","Y20072009","<2.5"
"492","Montenegro","Europe","Y20082010","<2.5"
"493","Montenegro","Europe","Y20092011","<2.5"
"494","Montenegro","Europe","Y20102012","<2.5"
"495","Montenegro","Europe","Y20112013","<2.5"
"496","Montenegro","Europe","Y20122014","<2.5"
"497","Montenegro","Europe","Y20132015","<2.5"
"498","Montenegro","Europe","Y20142016","<2.5"
"499","Montenegro","Europe","Y20152017","<2.5"
"500","Montenegro","Europe","Y20162018","<2.5"
"501","Montenegro","Europe","Y20172019","<2.5"
"502","Montenegro","Europe","Y20182020","<2.5"
"503","Montenegro","Europe","Y20192021","<2.5"
"504","Montenegro","Europe","Y20202022","<2.5"
"505","Netherlands (Kingdom of the)","Europe","Y20002002","<2.5"
"506","Netherlands (Kingdom of the)","Europe","Y20012003","<2.5"
"507","Netherlands (Kingdom of the)","Europe","Y20022004","<2.5"
"508","Netherlands (Kingdom of the)","Europe","Y20032005","<2.5"
"509","Netherlands (Kingdom of the)","Europe","Y20042006","<2.5"
"510","Netherlands (Kingdom of the)","Europe","Y20052007","<2.5"
"511","Netherlands (Kingdom of the)","Europe","Y20062008","<2.5"
"512","Netherlands (Kingdom of the)","Europe","Y20072009","<2.5"
"513","Netherlands (Kingdom of the)","Europe","Y20082010","<2.5"
"514","Netherlands (Kingdom of the)","Europe","Y20092011","<2.5"
"515","Netherlands (Kingdom of the)","Europe","Y20102012","<2.5"
"516","Netherlands (Kingdom of the)","Europe","Y20112013","<2.5"
"517","Netherlands (Kingdom of the)","Europe","Y20122014","<2.5"
"518","Netherlands (Kingdom of the)","Europe","Y20132015","<2.5"
"519","Netherlands (Kingdom of the)","Europe","Y20142016","<2.5"
"520","Netherlands (Kingdom of the)","Europe","Y20152017","<2.5"
"521","Netherlands (Kingdom of the)","Europe","Y20162018","<2.5"
"522","Netherlands (Kingdom of the)","Europe","Y20172019","<2.5"
"523","Netherlands (Kingdom of the)","Europe","Y20182020","<2.5"
"524","Netherlands (Kingdom of the)","Europe","Y20192021","<2.5"
"525","Netherlands (Kingdom of the)","Europe","Y20202022","<2.5"
"526","North Macedonia","Europe","Y20002002","7.4"
"527","North Macedonia","Europe","Y20012003","7.4"
"528","North Macedonia","Europe","Y20022004","5.7"
"529","North Macedonia","Europe","Y20032005","5.4"
"530","North Macedonia","Europe","Y20042006","4.9"
"531","North Macedonia","Europe","Y20052007","4.4"
"532","North Macedonia","Europe","Y20062008","3.5"
"533","North Macedonia","Europe","Y20072009","2.8"
"534","North Macedonia","Europe","Y20082010","3.2"
"535","North Macedonia","Europe","Y20092011","3.5"
"536","North Macedonia","Europe","Y20102012","3.9"
"537","North Macedonia","Europe","Y20112013","3.9"
"538","North Macedonia","Europe","Y20122014","3.9"
"539","North Macedonia","Europe","Y20132015","3.8"
"540","North Macedonia","Europe","Y20142016","3.6"
"541","North Macedonia","Europe","Y20152017","3.3"
"542","North Macedonia","Europe","Y20162018","3.1"
"543","North Macedonia","Europe","Y20172019","2.8"
"544","North Macedonia","Europe","Y20182020","2.9"
"545","North Macedonia","Europe","Y20192021","3.2"
"546","North Macedonia","Europe","Y20202022","3.6"
"547","Norway","Europe","Y20002002","<2.5"
"548","Norway","Europe","Y20012003","<2.5"
"549","Norway","Europe","Y20022004","<2.5"
"550","Norway","Europe","Y20032005","<2.5"
"551","Norway","Europe","Y20042006","<2.5"
"552","Norway","Europe","Y20052007","<2.5"
"553","Norway","Europe","Y20062008","<2.5"
"554","Norway","Europe","Y20072009","<2.5"
"555","Norway","Europe","Y20082010","<2.5"
"556","Norway","Europe","Y20092011","<2.5"
"557","Norway","Europe","Y20102012","<2.5"
"558","Norway","Europe","Y20112013","<2.5"
"559","Norway","Europe","Y20122014","<2.5"
"560","Norway","Europe","Y20132015","<2.5"
"561","Norway","Europe","Y20142016","<2.5"
"562","Norway","Europe","Y20152017","<2.5"
"563","Norway","Europe","Y20162018","<2.5"
"564","Norway","Europe","Y20172019","<2.5"
"565","Norway","Europe","Y20182020","<2.5"
"566","Norway","Europe","Y20192021","<2.5"
"567","Norway","Europe","Y20202022","<2.5"
"568","Poland","Europe","Y20002002","<2.5"
"569","Poland","Europe","Y20012003","<2.5"
"570","Poland","Europe","Y20022004","<2.5"
"571","Poland","Europe","Y20032005","<2.5"
"572","Poland","Europe","Y20042006","<2.5"
"573","Poland","Europe","Y20052007","<2.5"
"574","Poland","Europe","Y20062008","<2.5"
"575","Poland","Europe","Y20072009","<2.5"
"576","Poland","Europe","Y20082010","<2.5"
"577","Poland","Europe","Y20092011","<2.5"
"578","Poland","Europe","Y20102012","<2.5"
"579","Poland","Europe","Y20112013","<2.5"
"580","Poland","Europe","Y20122014","<2.5"
"581","Poland","Europe","Y20132015","<2.5"
"582","Poland","Europe","Y20142016","<2.5"
"583","Poland","Europe","Y20152017","<2.5"
"584","Poland","Europe","Y20162018","<2.5"
"585","Poland","Europe","Y20172019","<2.5"
"586","Poland","Europe","Y20182020","<2.5"
"587","Poland","Europe","Y20192021","<2.5"
"588","Poland","Europe","Y20202022","<2.5"
"589","Portugal","Europe","Y20002002","<2.5"
"590","Portugal","Europe","Y20012003","<2.5"
"591","Portugal","Europe","Y20022004","<2.5"
"592","Portugal","Europe","Y20032005","<2.5"
"593","Portugal","Europe","Y20042006","<2.5"
"594","Portugal","Europe","Y20052007","<2.5"
"595","Portugal","Europe","Y20062008","<2.5"
"596","Portugal","Europe","Y20072009","<2.5"
"597","Portugal","Europe","Y20082010","<2.5"
"598","Portugal","Europe","Y20092011","<2.5"
"599","Portugal","Europe","Y20102012","<2.5"
"600","Portugal","Europe","Y20112013","<2.5"
"601","Portugal","Europe","Y20122014","<2.5"
"602","Portugal","Europe","Y20132015","<2.5"
"603","Portugal","Europe","Y20142016","<2.5"
"604","Portugal","Europe","Y20152017","<2.5"
"605","Portugal","Europe","Y20162018","<2.5"
"606","Portugal","Europe","Y20172019","<2.5"
"607","Portugal","Europe","Y20182020","<2.5"
"608","Portugal","Europe","Y20192021","<2.5"
"609","Portugal","Europe","Y20202022","<2.5"
"610","Republic of Moldova","Europe","Y20002002","24.4"
"611","Republic of Moldova","Europe","Y20012003","27.1"
"612","Republic of Moldova","Europe","Y20022004","29.8"
"613","Republic of Moldova","Europe","Y20032005","32.3"
"614","Republic of Moldova","Europe","Y20042006","33.4"
"615","Republic of Moldova","Europe","Y20052007","32.4"
"616","Republic of Moldova","Europe","Y20062008","29.8"
"617","Republic of Moldova","Europe","Y20072009","27.7"
"618","Republic of Moldova","Europe","Y20082010","19.9"
"619","Republic of Moldova","Europe","Y20092011","12.2"
"620","Republic of Moldova","Europe","Y20102012","3.1"
"621","Republic of Moldova","Europe","Y20112013","<2.5"
"622","Republic of Moldova","Europe","Y20122014","<2.5"
"623","Republic of Moldova","Europe","Y20132015","<2.5"
"624","Republic of Moldova","Europe","Y20142016","<2.5"
"625","Republic of Moldova","Europe","Y20152017","<2.5"
"626","Republic of Moldova","Europe","Y20162018","<2.5"
"627","Republic of Moldova","Europe","Y20172019","<2.5"
"628","Republic of Moldova","Europe","Y20182020","<2.5"
"629","Republic of Moldova","Europe","Y20192021","<2.5"
"630","Republic of Moldova","Europe","Y20202022","<2.5"
"631","Romania","Europe","Y20002002","<2.5"
"632","Romania","Europe","Y20012003","<2.5"
"633","Romania","Europe","Y20022004","<2.5"
"634","Romania","Europe","Y20032005","<2.5"
"635","Romania","Europe","Y20042006","<2.5"
"636","Romania","Europe","Y20052007","<2.5"
"637","Romania","Europe","Y20062008","<2.5"
"638","Romania","Europe","Y20072009","<2.5"
"639","Romania","Europe","Y20082010","<2.5"
"640","Romania","Europe","Y20092011","<2.5"
"641","Romania","Europe","Y20102012","<2.5"
"642","Romania","Europe","Y20112013","<2.5"
"643","Romania","Europe","Y20122014","<2.5"
"644","Romania","Europe","Y20132015","<2.5"
"645","Romania","Europe","Y20142016","<2.5"
"646","Romania","Europe","Y20152017","<2.5"
"647","Romania","Europe","Y20162018","<2.5"
"648","Romania","Europe","Y20172019","<2.5"
"649","Romania","Europe","Y20182020","<2.5"
"650","Romania","Europe","Y20192021","<2.5"
"651","Romania","Europe","Y20202022","<2.5"
"652","Russian Federation","Europe","Y20002002","4"
"653","Russian Federation","Europe","Y20012003","3.3"
"654","Russian Federation","Europe","Y20022004","2.8"
"655","Russian Federation","Europe","Y20032005","<2.5"
"656","Russian Federation","Europe","Y20042006","<2.5"
"657","Russian Federation","Europe","Y20052007","<2.5"
"658","Russian Federation","Europe","Y20062008","<2.5"
"659","Russian Federation","Europe","Y20072009","<2.5"
"660","Russian Federation","Europe","Y20082010","<2.5"
"661","Russian Federation","Europe","Y20092011","<2.5"
"662","Russian Federation","Europe","Y20102012","<2.5"
"663","Russian Federation","Europe","Y20112013","<2.5"
"664","Russian Federation","Europe","Y20122014","<2.5"
"665","Russian Federation","Europe","Y20132015","<2.5"
"666","Russian Federation","Europe","Y20142016","<2.5"
"667","Russian Federation","Europe","Y20152017","<2.5"
"668","Russian Federation","Europe","Y20162018","<2.5"
"669","Russian Federation","Europe","Y20172019","<2.5"
"670","Russian Federation","Europe","Y20182020","<2.5"
"671","Russian Federation","Europe","Y20192021","<2.5"
"672","Russian Federation","Europe","Y20202022","<2.5"
"673","Serbia","Europe","Y20002002","3.5"
"674","Serbia","Europe","Y20012003","3.3"
"675","Serbia","Europe","Y20022004","2.9"
"676","Serbia","Europe","Y20032005","2.6"
"677","Serbia","Europe","Y20042006","<2.5"
"678","Serbia","Europe","Y20052007","<2.5"
"679","Serbia","Europe","Y20062008","<2.5"
"680","Serbia","Europe","Y20072009","<2.5"
"681","Serbia","Europe","Y20082010","<2.5"
"682","Serbia","Europe","Y20092011","<2.5"
"683","Serbia","Europe","Y20102012","<2.5"
"684","Serbia","Europe","Y20112013","<2.5"
"685","Serbia","Europe","Y20122014","<2.5"
"686","Serbia","Europe","Y20132015","<2.5"
"687","Serbia","Europe","Y20142016","<2.5"
"688","Serbia","Europe","Y20152017","<2.5"
"689","Serbia","Europe","Y20162018","<2.5"
"690","Serbia","Europe","Y20172019","<2.5"
"691","Serbia","Europe","Y20182020","<2.5"
"692","Serbia","Europe","Y20192021","<2.5"
"693","Serbia","Europe","Y20202022","<2.5"
"694","Slovakia","Europe","Y20002002","6.1"
"695","Slovakia","Europe","Y20012003","6.1"
"696","Slovakia","Europe","Y20022004","6"
"697","Slovakia","Europe","Y20032005","5.8"
"698","Slovakia","Europe","Y20042006","5.5"
"699","Slovakia","Europe","Y20052007","5.6"
"700","Slovakia","Europe","Y20062008","5.4"
"701","Slovakia","Europe","Y20072009","4.9"
"702","Slovakia","Europe","Y20082010","4.7"
"703","Slovakia","Europe","Y20092011","5.1"
"704","Slovakia","Europe","Y20102012","5.9"
"705","Slovakia","Europe","Y20112013","5.7"
"706","Slovakia","Europe","Y20122014","5.4"
"707","Slovakia","Europe","Y20132015","5.6"
"708","Slovakia","Europe","Y20142016","5.5"
"709","Slovakia","Europe","Y20152017","5.2"
"710","Slovakia","Europe","Y20162018","4"
"711","Slovakia","Europe","Y20172019","3.3"
"712","Slovakia","Europe","Y20182020","2.7"
"713","Slovakia","Europe","Y20192021","<2.5"
"714","Slovakia","Europe","Y20202022","2.8"
"715","Slovenia","Europe","Y20002002","<2.5"
"716","Slovenia","Europe","Y20012003","<2.5"
"717","Slovenia","Europe","Y20022004","<2.5"
"718","Slovenia","Europe","Y20032005","<2.5"
"719","Slovenia","Europe","Y20042006","<2.5"
"720","Slovenia","Europe","Y20052007","<2.5"
"721","Slovenia","Europe","Y20062008","<2.5"
"722","Slovenia","Europe","Y20072009","<2.5"
"723","Slovenia","Europe","Y20082010","<2.5"
"724","Slovenia","Europe","Y20092011","<2.5"
"725","Slovenia","Europe","Y20102012","<2.5"
"726","Slovenia","Europe","Y20112013","<2.5"
"727","Slovenia","Europe","Y20122014","<2.5"
"728","Slovenia","Europe","Y20132015","<2.5"
"729","Slovenia","Europe","Y20142016","<2.5"
"730","Slovenia","Europe","Y20152017","<2.5"
"731","Slovenia","Europe","Y20162018","<2.5"
"732","Slovenia","Europe","Y20172019","<2.5"
"733","Slovenia","Europe","Y20182020","<2.5"
"734","Slovenia","Europe","Y20192021","<2.5"
"735","Slovenia","Europe","Y20202022","<2.5"
"736","Spain","Europe","Y20002002","<2.5"
"737","Spain","Europe","Y20012003","<2.5"
"738","Spain","Europe","Y20022004","<2.5"
"739","Spain","Europe","Y20032005","<2.5"
"740","Spain","Europe","Y20042006","<2.5"
"741","Spain","Europe","Y20052007","<2.5"
"742","Spain","Europe","Y20062008","<2.5"
"743","Spain","Europe","Y20072009","<2.5"
"744","Spain","Europe","Y20082010","<2.5"
"745","Spain","Europe","Y20092011","<2.5"
"746","Spain","Europe","Y20102012","<2.5"
"747","Spain","Europe","Y20112013","<2.5"
"748","Spain","Europe","Y20122014","<2.5"
"749","Spain","Europe","Y20132015","<2.5"
"750","Spain","Europe","Y20142016","<2.5"
"751","Spain","Europe","Y20152017","<2.5"
"752","Spain","Europe","Y20162018","<2.5"
"753","Spain","Europe","Y20172019","<2.5"
"754","Spain","Europe","Y20182020","<2.5"
"755","Spain","Europe","Y20192021","<2.5"
"756","Spain","Europe","Y20202022","<2.5"
"757","Sweden","Europe","Y20002002","<2.5"
"758","Sweden","Europe","Y20012003","<2.5"
"759","Sweden","Europe","Y20022004","<2.5"
"760","Sweden","Europe","Y20032005","<2.5"
"761","Sweden","Europe","Y20042006","<2.5"
"762","Sweden","Europe","Y20052007","<2.5"
"763","Sweden","Europe","Y20062008","<2.5"
"764","Sweden","Europe","Y20072009","<2.5"
"765","Sweden","Europe","Y20082010","<2.5"
"766","Sweden","Europe","Y20092011","<2.5"
"767","Sweden","Europe","Y20102012","<2.5"
"768","Sweden","Europe","Y20112013","<2.5"
"769","Sweden","Europe","Y20122014","<2.5"
"770","Sweden","Europe","Y20132015","<2.5"
"771","Sweden","Europe","Y20142016","<2.5"
"772","Sweden","Europe","Y20152017","<2.5"
"773","Sweden","Europe","Y20162018","<2.5"
"774","Sweden","Europe","Y20172019","<2.5"
"775","Sweden","Europe","Y20182020","<2.5"
"776","Sweden","Europe","Y20192021","<2.5"
"777","Sweden","Europe","Y20202022","<2.5"
"778","Switzerland","Europe","Y20002002","<2.5"
"779","Switzerland","Europe","Y20012003","<2.5"
"780","Switzerland","Europe","Y20022004","<2.5"
"781","Switzerland","Europe","Y20032005","<2.5"
"782","Switzerland","Europe","Y20042006","<2.5"
"783","Switzerland","Europe","Y20052007","<2.5"
"784","Switzerland","Europe","Y20062008","<2.5"
"785","Switzerland","Europe","Y20072009","<2.5"
"786","Switzerland","Europe","Y20082010","<2.5"
"787","Switzerland","Europe","Y20092011","<2.5"
"788","Switzerland","Europe","Y20102012","<2.5"
"789","Switzerland","Europe","Y20112013","<2.5"
"790","Switzerland","Europe","Y20122014","<2.5"
"791","Switzerland","Europe","Y20132015","<2.5"
"792","Switzerland","Europe","Y20142016","<2.5"
"793","Switzerland","Europe","Y20152017","<2.5"
"794","Switzerland","Europe","Y20162018","<2.5"
"795","Switzerland","Europe","Y20172019","<2.5"
"796","Switzerland","Europe","Y20182020","<2.5"
"797","Switzerland","Europe","Y20192021","<2.5"
"798","Switzerland","Europe","Y20202022","<2.5"
"799","Ukraine","Europe","Y20002002","3"
"800","Ukraine","Europe","Y20012003","<2.5"
"801","Ukraine","Europe","Y20022004","<2.5"
"802","Ukraine","Europe","Y20032005","<2.5"
"803","Ukraine","Europe","Y20042006","<2.5"
"804","Ukraine","Europe","Y20052007","<2.5"
"805","Ukraine","Europe","Y20062008","<2.5"
"806","Ukraine","Europe","Y20072009","<2.5"
"807","Ukraine","Europe","Y20082010","<2.5"
"808","Ukraine","Europe","Y20092011","<2.5"
"809","Ukraine","Europe","Y20102012","<2.5"
"810","Ukraine","Europe","Y20112013","<2.5"
"811","Ukraine","Europe","Y20122014","<2.5"
"812","Ukraine","Europe","Y20132015","<2.5"
"813","Ukraine","Europe","Y20142016","<2.5"
"814","Ukraine","Europe","Y20152017","<2.5"
"815","Ukraine","Europe","Y20162018","<2.5"
"816","Ukraine","Europe","Y20172019","2.8"
"817","Ukraine","Europe","Y20182020","3.6"
"818","Ukraine","Europe","Y20192021","4.1"
"819","Ukraine","Europe","Y20202022","4.8"
"820","United Kingdom of Great Britain and Northern Ireland","Europe","Y20002002","<2.5"
"821","United Kingdom of Great Britain and Northern Ireland","Europe","Y20012003","<2.5"
"822","United Kingdom of Great Britain and Northern Ireland","Europe","Y20022004","<2.5"
"823","United Kingdom of Great Britain and Northern Ireland","Europe","Y20032005","<2.5"
"824","United Kingdom of Great Britain and Northern Ireland","Europe","Y20042006","<2.5"
"825","United Kingdom of Great Britain and Northern Ireland","Europe","Y20052007","<2.5"
"826","United Kingdom of Great Britain and Northern Ireland","Europe","Y20062008","<2.5"
"827","United Kingdom of Great Britain and Northern Ireland","Europe","Y20072009","<2.5"
"828","United Kingdom of Great Britain and Northern Ireland","Europe","Y20082010","<2.5"
"829","United Kingdom of Great Britain and Northern Ireland","Europe","Y20092011","<2.5"
"830","United Kingdom of Great Britain and Northern Ireland","Europe","Y20102012","<2.5"
"831","United Kingdom of Great Britain and Northern Ireland","Europe","Y20112013","<2.5"
"832","United Kingdom of Great Britain and Northern Ireland","Europe","Y20122014","<2.5"
"833","United Kingdom of Great Britain and Northern Ireland","Europe","Y20132015","<2.5"
"834","United Kingdom of Great Britain and Northern Ireland","Europe","Y20142016","<2.5"
"835","United Kingdom of Great Britain and Northern Ireland","Europe","Y20152017","<2.5"
"836","United Kingdom of Great Britain and Northern Ireland","Europe","Y20162018","<2.5"
"837","United Kingdom of Great Britain and Northern Ireland","Europe","Y20172019","<2.5"
"838","United Kingdom of Great Britain and Northern Ireland","Europe","Y20182020","<2.5"
"839","United Kingdom of Great Britain and Northern Ireland","Europe","Y20192021","<2.5"
"840","United Kingdom of Great Britain and Northern Ireland","Europe","Y20202022","<2.5"
"841","Algeria","Africa","Y20002002","8.1"
"842","Algeria","Africa","Y20012003","7.4"
"843","Algeria","Africa","Y20022004","7"
"844","Algeria","Africa","Y20032005","7"
"845","Algeria","Africa","Y20042006","6.7"
"846","Algeria","Africa","Y20052007","6.4"
"847","Algeria","Africa","Y20062008","5.9"
"848","Algeria","Africa","Y20072009","5.6"
"849","Algeria","Africa","Y20082010","5.1"
"850","Algeria","Africa","Y20092011","4.3"
"851","Algeria","Africa","Y20102012","3.7"
"852","Algeria","Africa","Y20112013","3.1"
"853","Algeria","Africa","Y20122014","2.9"
"854","Algeria","Africa","Y20132015","2.7"
"855","Algeria","Africa","Y20142016","2.6"
"856","Algeria","Africa","Y20152017","2.6"
"857","Algeria","Africa","Y20162018","2.6"
"858","Algeria","Africa","Y20172019","<2.5"
"859","Algeria","Africa","Y20182020","<2.5"
"860","Algeria","Africa","Y20192021","<2.5"
"861","Algeria","Africa","Y20202022","<2.5"
"862","Angola","Africa","Y20002002","67.8"
"863","Angola","Africa","Y20012003","63.5"
"864","Angola","Africa","Y20022004","59.1"
"865","Angola","Africa","Y20032005","55.4"
"866","Angola","Africa","Y20042006","52.6"
"867","Angola","Africa","Y20052007","49.8"
"868","Angola","Africa","Y20062008","46.7"
"869","Angola","Africa","Y20072009","43.6"
"870","Angola","Africa","Y20082010","32.6"
"871","Angola","Africa","Y20092011","22.6"
"872","Angola","Africa","Y20102012","14.2"
"873","Angola","Africa","Y20112013","13.3"
"874","Angola","Africa","Y20122014","12.7"
"875","Angola","Africa","Y20132015","12.5"
"876","Angola","Africa","Y20142016","13.5"
"877","Angola","Africa","Y20152017","14.4"
"878","Angola","Africa","Y20162018","14.7"
"879","Angola","Africa","Y20172019","15.2"
"880","Angola","Africa","Y20182020","17.5"
"881","Angola","Africa","Y20192021","20.1"
"882","Angola","Africa","Y20202022","21.6"
"883","Benin","Africa","Y20002002","17.3"
"884","Benin","Africa","Y20012003","15.6"
"885","Benin","Africa","Y20022004","13.7"
"886","Benin","Africa","Y20032005","13.2"
"887","Benin","Africa","Y20042006","12"
"888","Benin","Africa","Y20052007","11"
"889","Benin","Africa","Y20062008","10.1"
"890","Benin","Africa","Y20072009","9.1"
"891","Benin","Africa","Y20082010","9.1"
"892","Benin","Africa","Y20092011","8.6"
"893","Benin","Africa","Y20102012","8.6"
"894","Benin","Africa","Y20112013","8.4"
"895","Benin","Africa","Y20122014","8.2"
"896","Benin","Africa","Y20132015","8.2"
"897","Benin","Africa","Y20142016","8.1"
"898","Benin","Africa","Y20152017","8.7"
"899","Benin","Africa","Y20162018","9.5"
"900","Benin","Africa","Y20172019","10.4"
"901","Benin","Africa","Y20182020","10.6"
"902","Benin","Africa","Y20192021","10.2"
"903","Benin","Africa","Y20202022","9.9"
"904","Botswana","Africa","Y20002002","23.8"
"905","Botswana","Africa","Y20012003","24.2"
"906","Botswana","Africa","Y20022004","24.8"
"907","Botswana","Africa","Y20032005","23.9"
"908","Botswana","Africa","Y20042006","22.9"
"909","Botswana","Africa","Y20052007","22.6"
"910","Botswana","Africa","Y20062008","22.5"
"911","Botswana","Africa","Y20072009","22.3"
"912","Botswana","Africa","Y20082010","22.4"
"913","Botswana","Africa","Y20092011","22.5"
"914","Botswana","Africa","Y20102012","22.7"
"915","Botswana","Africa","Y20112013","22.8"
"916","Botswana","Africa","Y20122014","23"
"917","Botswana","Africa","Y20132015","23.3"
"918","Botswana","Africa","Y20142016","24.1"
"919","Botswana","Africa","Y20152017","25"
"920","Botswana","Africa","Y20162018","26.3"
"921","Botswana","Africa","Y20172019","26.4"
"922","Botswana","Africa","Y20182020","26.4"
"923","Botswana","Africa","Y20192021","24.5"
"924","Botswana","Africa","Y20202022","22.9"
"925","Burkina Faso","Africa","Y20002002","22.9"
"926","Burkina Faso","Africa","Y20012003","20.9"
"927","Burkina Faso","Africa","Y20022004","18.9"
"928","Burkina Faso","Africa","Y20032005","18.5"
"929","Burkina Faso","Africa","Y20042006","17.8"
"930","Burkina Faso","Africa","Y20052007","17.4"
"931","Burkina Faso","Africa","Y20062008","16.1"
"932","Burkina Faso","Africa","Y20072009","15.4"
"933","Burkina Faso","Africa","Y20082010","14.6"
"934","Burkina Faso","Africa","Y20092011","14.5"
"935","Burkina Faso","Africa","Y20102012","14.2"
"936","Burkina Faso","Africa","Y20112013","13.7"
"937","Burkina Faso","Africa","Y20122014","13.2"
"938","Burkina Faso","Africa","Y20132015","13.1"
"939","Burkina Faso","Africa","Y20142016","13.3"
"940","Burkina Faso","Africa","Y20152017","13.6"
"941","Burkina Faso","Africa","Y20162018","13.7"
"942","Burkina Faso","Africa","Y20172019","14"
"943","Burkina Faso","Africa","Y20182020","14.6"
"944","Burkina Faso","Africa","Y20192021","15.5"
"945","Burkina Faso","Africa","Y20202022","16.2"
"946","Burundi","Africa","Y20002002",""
"947","Burundi","Africa","Y20012003",""
"948","Burundi","Africa","Y20022004",""
"949","Burundi","Africa","Y20032005",""
"950","Burundi","Africa","Y20042006",""
"951","Burundi","Africa","Y20052007",""
"952","Burundi","Africa","Y20062008",""
"953","Burundi","Africa","Y20072009",""
"954","Burundi","Africa","Y20082010",""
"955","Burundi","Africa","Y20092011",""
"956","Burundi","Africa","Y20102012",""
"957","Burundi","Africa","Y20112013",""
"958","Burundi","Africa","Y20122014",""
"959","Burundi","Africa","Y20132015",""
"960","Burundi","Africa","Y20142016",""
"961","Burundi","Africa","Y20152017",""
"962","Burundi","Africa","Y20162018",""
"963","Burundi","Africa","Y20172019",""
"964","Burundi","Africa","Y20182020",""
"965","Burundi","Africa","Y20192021",""
"966","Burundi","Africa","Y20202022",""
"967","Cabo Verde","Africa","Y20002002","15"
"968","Cabo Verde","Africa","Y20012003","15"
"969","Cabo Verde","Africa","Y20022004","13.6"
"970","Cabo Verde","Africa","Y20032005","11.7"
"971","Cabo Verde","Africa","Y20042006","11.2"
"972","Cabo Verde","Africa","Y20052007","11.5"
"973","Cabo Verde","Africa","Y20062008","12.4"
"974","Cabo Verde","Africa","Y20072009","13.3"
"975","Cabo Verde","Africa","Y20082010","15.7"
"976","Cabo Verde","Africa","Y20092011","17"
"977","Cabo Verde","Africa","Y20102012","18.2"
"978","Cabo Verde","Africa","Y20112013","18.5"
"979","Cabo Verde","Africa","Y20122014","19.4"
"980","Cabo Verde","Africa","Y20132015","20.7"
"981","Cabo Verde","Africa","Y20142016","21.4"
"982","Cabo Verde","Africa","Y20152017","21.7"
"983","Cabo Verde","Africa","Y20162018","20.9"
"984","Cabo Verde","Africa","Y20172019","19.8"
"985","Cabo Verde","Africa","Y20182020","18.5"
"986","Cabo Verde","Africa","Y20192021","18.1"
"987","Cabo Verde","Africa","Y20202022","18.2"
"988","Cameroon","Africa","Y20002002","22.7"
"989","Cameroon","Africa","Y20012003","20.6"
"990","Cameroon","Africa","Y20022004","19.2"
"991","Cameroon","Africa","Y20032005","17.5"
"992","Cameroon","Africa","Y20042006","15.8"
"993","Cameroon","Africa","Y20052007","14"
"994","Cameroon","Africa","Y20062008","12.5"
"995","Cameroon","Africa","Y20072009","11.1"
"996","Cameroon","Africa","Y20082010","8.2"
"997","Cameroon","Africa","Y20092011","5.9"
"998","Cameroon","Africa","Y20102012","4"
"999","Cameroon","Africa","Y20112013","3.7"
"1000","Cameroon","Africa","Y20122014","3.8"
"1001","Cameroon","Africa","Y20132015","4.1"
"1002","Cameroon","Africa","Y20142016","4.4"
"1003","Cameroon","Africa","Y20152017","5"
"1004","Cameroon","Africa","Y20162018","5.6"
"1005","Cameroon","Africa","Y20172019","5.9"
"1006","Cameroon","Africa","Y20182020","5.8"
"1007","Cameroon","Africa","Y20192021","5.6"
"1008","Cameroon","Africa","Y20202022","6.4"
"1009","Central African Republic","Africa","Y20002002","38.5"
"1010","Central African Republic","Africa","Y20012003","39.5"
"1011","Central African Republic","Africa","Y20022004","40"
"1012","Central African Republic","Africa","Y20032005","39.8"
"1013","Central African Republic","Africa","Y20042006","38.9"
"1014","Central African Republic","Africa","Y20052007","37.1"
"1015","Central African Republic","Africa","Y20062008","35"
"1016","Central African Republic","Africa","Y20072009","32.6"
"1017","Central African Republic","Africa","Y20082010","32.8"
"1018","Central African Republic","Africa","Y20092011","33.4"
"1019","Central African Republic","Africa","Y20102012","34.9"
"1020","Central African Republic","Africa","Y20112013","37.4"
"1021","Central African Republic","Africa","Y20122014","42.1"
"1022","Central African Republic","Africa","Y20132015","46.9"
"1023","Central African Republic","Africa","Y20142016","49.1"
"1024","Central African Republic","Africa","Y20152017","48"
"1025","Central African Republic","Africa","Y20162018","46.7"
"1026","Central African Republic","Africa","Y20172019","44.5"
"1027","Central African Republic","Africa","Y20182020","44.8"
"1028","Central African Republic","Africa","Y20192021","45.7"
"1029","Central African Republic","Africa","Y20202022","48.7"
"1030","Chad","Africa","Y20002002","38.6"
"1031","Chad","Africa","Y20012003","37.5"
"1032","Chad","Africa","Y20022004","38"
"1033","Chad","Africa","Y20032005","37.4"
"1034","Chad","Africa","Y20042006","38.1"
"1035","Chad","Africa","Y20052007","38.6"
"1036","Chad","Africa","Y20062008","39.4"
"1037","Chad","Africa","Y20072009","40.2"
"1038","Chad","Africa","Y20082010","35.2"
"1039","Chad","Africa","Y20092011","30.2"
"1040","Chad","Africa","Y20102012","24.2"
"1041","Chad","Africa","Y20112013","23.8"
"1042","Chad","Africa","Y20122014","24.1"
"1043","Chad","Africa","Y20132015","25.5"
"1044","Chad","Africa","Y20142016","26.2"
"1045","Chad","Africa","Y20152017","26.1"
"1046","Chad","Africa","Y20162018","26"
"1047","Chad","Africa","Y20172019","26.8"
"1048","Chad","Africa","Y20182020","28.1"
"1049","Chad","Africa","Y20192021","29.8"
"1050","Chad","Africa","Y20202022","31.4"
"1051","Comoros","Africa","Y20002002","25.2"
"1052","Comoros","Africa","Y20012003","21.1"
"1053","Comoros","Africa","Y20022004","18.2"
"1054","Comoros","Africa","Y20032005","16.8"
"1055","Comoros","Africa","Y20042006","16.8"
"1056","Comoros","Africa","Y20052007","17.5"
"1057","Comoros","Africa","Y20062008","18.7"
"1058","Comoros","Africa","Y20072009","20"
"1059","Comoros","Africa","Y20082010","18.2"
"1060","Comoros","Africa","Y20092011","16.2"
"1061","Comoros","Africa","Y20102012","14"
"1062","Comoros","Africa","Y20112013","13.7"
"1063","Comoros","Africa","Y20122014","13.2"
"1064","Comoros","Africa","Y20132015","12.8"
"1065","Comoros","Africa","Y20142016","12.4"
"1066","Comoros","Africa","Y20152017","11.9"
"1067","Comoros","Africa","Y20162018","11.6"
"1068","Comoros","Africa","Y20172019","11.7"
"1069","Comoros","Africa","Y20182020","11.6"
"1070","Comoros","Africa","Y20192021","11.9"
"1071","Comoros","Africa","Y20202022","13.5"
"1072","Congo","Africa","Y20002002","27"
"1073","Congo","Africa","Y20012003","26.5"
"1074","Congo","Africa","Y20022004","26.7"
"1075","Congo","Africa","Y20032005","32.1"
"1076","Congo","Africa","Y20042006","34.5"
"1077","Congo","Africa","Y20052007","37.2"
"1078","Congo","Africa","Y20062008","36"
"1079","Congo","Africa","Y20072009","36.1"
"1080","Congo","Africa","Y20082010","37.3"
"1081","Congo","Africa","Y20092011","38.7"
"1082","Congo","Africa","Y20102012","38.8"
"1083","Congo","Africa","Y20112013","35.8"
"1084","Congo","Africa","Y20122014","31"
"1085","Congo","Africa","Y20132015","27.9"
"1086","Congo","Africa","Y20142016","27.7"
"1087","Congo","Africa","Y20152017","28.5"
"1088","Congo","Africa","Y20162018","30.2"
"1089","Congo","Africa","Y20172019","30.8"
"1090","Congo","Africa","Y20182020","31.1"
"1091","Congo","Africa","Y20192021","32"
"1092","Congo","Africa","Y20202022","33.3"
"1093","Cte d'Ivoire","Africa","Y20002002","18.2"
"1094","Cte d'Ivoire","Africa","Y20012003","18.2"
"1095","Cte d'Ivoire","Africa","Y20022004","17.7"
"1096","Cte d'Ivoire","Africa","Y20032005","17.2"
"1097","Cte d'Ivoire","Africa","Y20042006","16.9"
"1098","Cte d'Ivoire","Africa","Y20052007","17"
"1099","Cte d'Ivoire","Africa","Y20062008","18"
"1100","Cte d'Ivoire","Africa","Y20072009","18.9"
"1101","Cte d'Ivoire","Africa","Y20082010","18.3"
"1102","Cte d'Ivoire","Africa","Y20092011","16.4"
"1103","Cte d'Ivoire","Africa","Y20102012","14.4"
"1104","Cte d'Ivoire","Africa","Y20112013","13.4"
"1105","Cte d'Ivoire","Africa","Y20122014","13.4"
"1106","Cte d'Ivoire","Africa","Y20132015","12.6"
"1107","Cte d'Ivoire","Africa","Y20142016","11.9"
"1108","Cte d'Ivoire","Africa","Y20152017","10.6"
"1109","Cte d'Ivoire","Africa","Y20162018","9.8"
"1110","Cte d'Ivoire","Africa","Y20172019","9"
"1111","Cte d'Ivoire","Africa","Y20182020","8.4"
"1112","Cte d'Ivoire","Africa","Y20192021","7.9"
"1113","Cte d'Ivoire","Africa","Y20202022","7.7"
"1114","Democratic Republic of the Congo","Africa","Y20002002","27.9"
"1115","Democratic Republic of the Congo","Africa","Y20012003","28.4"
"1116","Democratic Republic of the Congo","Africa","Y20022004","28.4"
"1117","Democratic Republic of the Congo","Africa","Y20032005","28.4"
"1118","Democratic Republic of the Congo","Africa","Y20042006","28.4"
"1119","Democratic Republic of the Congo","Africa","Y20052007","28.4"
"1120","Democratic Republic of the Congo","Africa","Y20062008","28.4"
"1121","Democratic Republic of the Congo","Africa","Y20072009","28.4"
"1122","Democratic Republic of the Congo","Africa","Y20082010","28.4"
"1123","Democratic Republic of the Congo","Africa","Y20092011","28.1"
"1124","Democratic Republic of the Congo","Africa","Y20102012","28.4"
"1125","Democratic Republic of the Congo","Africa","Y20112013","29.2"
"1126","Democratic Republic of the Congo","Africa","Y20122014","29.4"
"1127","Democratic Republic of the Congo","Africa","Y20132015","29.6"
"1128","Democratic Republic of the Congo","Africa","Y20142016","30.2"
"1129","Democratic Republic of the Congo","Africa","Y20152017","30.8"
"1130","Democratic Republic of the Congo","Africa","Y20162018","31.2"
"1131","Democratic Republic of the Congo","Africa","Y20172019","31"
"1132","Democratic Republic of the Congo","Africa","Y20182020","32.5"
"1133","Democratic Republic of the Congo","Africa","Y20192021","33.9"
"1134","Democratic Republic of the Congo","Africa","Y20202022","35.3"
"1135","Djibouti","Africa","Y20002002","42.1"
"1136","Djibouti","Africa","Y20012003","40.7"
"1137","Djibouti","Africa","Y20022004","37.9"
"1138","Djibouti","Africa","Y20032005","34.1"
"1139","Djibouti","Africa","Y20042006","30.2"
"1140","Djibouti","Africa","Y20052007","25.8"
"1141","Djibouti","Africa","Y20062008","23.3"
"1142","Djibouti","Africa","Y20072009","21.3"
"1143","Djibouti","Africa","Y20082010","24.1"
"1144","Djibouti","Africa","Y20092011","26.5"
"1145","Djibouti","Africa","Y20102012","28.5"
"1146","Djibouti","Africa","Y20112013","26.9"
"1147","Djibouti","Africa","Y20122014","25.3"
"1148","Djibouti","Africa","Y20132015","22.9"
"1149","Djibouti","Africa","Y20142016","21.3"
"1150","Djibouti","Africa","Y20152017","20.2"
"1151","Djibouti","Africa","Y20162018","19.9"
"1152","Djibouti","Africa","Y20172019","19.4"
"1153","Djibouti","Africa","Y20182020","19"
"1154","Djibouti","Africa","Y20192021","17.3"
"1155","Djibouti","Africa","Y20202022","16.8"
"1156","Egypt","Africa","Y20002002","5.2"
"1157","Egypt","Africa","Y20012003","5.4"
"1158","Egypt","Africa","Y20022004","6"
"1159","Egypt","Africa","Y20032005","6.3"
"1160","Egypt","Africa","Y20042006","6.4"
"1161","Egypt","Africa","Y20052007","6"
"1162","Egypt","Africa","Y20062008","5.6"
"1163","Egypt","Africa","Y20072009","5.5"
"1164","Egypt","Africa","Y20082010","5.2"
"1165","Egypt","Africa","Y20092011","5.1"
"1166","Egypt","Africa","Y20102012","4.9"
"1167","Egypt","Africa","Y20112013","5.1"
"1168","Egypt","Africa","Y20122014","5.3"
"1169","Egypt","Africa","Y20132015","5.5"
"1170","Egypt","Africa","Y20142016","5.8"
"1171","Egypt","Africa","Y20152017","6"
"1172","Egypt","Africa","Y20162018","6.4"
"1173","Egypt","Africa","Y20172019","6.3"
"1174","Egypt","Africa","Y20182020","6.3"
"1175","Egypt","Africa","Y20192021","6.4"
"1176","Egypt","Africa","Y20202022","7.2"
"1177","Equatorial Guinea","Africa","Y20002002",""
"1178","Equatorial Guinea","Africa","Y20012003",""
"1179","Equatorial Guinea","Africa","Y20022004",""
"1180","Equatorial Guinea","Africa","Y20032005",""
"1181","Equatorial Guinea","Africa","Y20042006",""
"1182","Equatorial Guinea","Africa","Y20052007",""
"1183","Equatorial Guinea","Africa","Y20062008",""
"1184","Equatorial Guinea","Africa","Y20072009",""
"1185","Equatorial Guinea","Africa","Y20082010",""
"1186","Equatorial Guinea","Africa","Y20092011",""
"1187","Equatorial Guinea","Africa","Y20102012",""
"1188","Equatorial Guinea","Africa","Y20112013",""
"1189","Equatorial Guinea","Africa","Y20122014",""
"1190","Equatorial Guinea","Africa","Y20132015",""
"1191","Equatorial Guinea","Africa","Y20142016",""
"1192","Equatorial Guinea","Africa","Y20152017",""
"1193","Equatorial Guinea","Africa","Y20162018",""
"1194","Equatorial Guinea","Africa","Y20172019",""
"1195","Equatorial Guinea","Africa","Y20182020",""
"1196","Equatorial Guinea","Africa","Y20192021",""
"1197","Equatorial Guinea","Africa","Y20202022",""
"1198","Eritrea","Africa","Y20002002",""
"1199","Eritrea","Africa","Y20012003",""
"1200","Eritrea","Africa","Y20022004",""
"1201","Eritrea","Africa","Y20032005",""
"1202","Eritrea","Africa","Y20042006",""
"1203","Eritrea","Africa","Y20052007",""
"1204","Eritrea","Africa","Y20062008",""
"1205","Eritrea","Africa","Y20072009",""
"1206","Eritrea","Africa","Y20082010",""
"1207","Eritrea","Africa","Y20092011",""
"1208","Eritrea","Africa","Y20102012",""
"1209","Eritrea","Africa","Y20112013",""
"1210","Eritrea","Africa","Y20122014",""
"1211","Eritrea","Africa","Y20132015",""
"1212","Eritrea","Africa","Y20142016",""
"1213","Eritrea","Africa","Y20152017",""
"1214","Eritrea","Africa","Y20162018",""
"1215","Eritrea","Africa","Y20172019",""
"1216","Eritrea","Africa","Y20182020",""
"1217","Eritrea","Africa","Y20192021",""
"1218","Eritrea","Africa","Y20202022",""
"1219","Eswatini","Africa","Y20002002","10.5"
"1220","Eswatini","Africa","Y20012003","9.8"
"1221","Eswatini","Africa","Y20022004","8.5"
"1222","Eswatini","Africa","Y20032005","8.7"
"1223","Eswatini","Africa","Y20042006","9.6"
"1224","Eswatini","Africa","Y20052007","10.7"
"1225","Eswatini","Africa","Y20062008","11.3"
"1226","Eswatini","Africa","Y20072009","11.6"
"1227","Eswatini","Africa","Y20082010","16.4"
"1228","Eswatini","Africa","Y20092011","19.7"
"1229","Eswatini","Africa","Y20102012","22"
"1230","Eswatini","Africa","Y20112013","18.5"
"1231","Eswatini","Africa","Y20122014","15.8"
"1232","Eswatini","Africa","Y20132015","14.4"
"1233","Eswatini","Africa","Y20142016","14.4"
"1234","Eswatini","Africa","Y20152017","14.5"
"1235","Eswatini","Africa","Y20162018","13.7"
"1236","Eswatini","Africa","Y20172019","12.9"
"1237","Eswatini","Africa","Y20182020","12.1"
"1238","Eswatini","Africa","Y20192021","11.9"
"1239","Eswatini","Africa","Y20202022","11.6"
"1240","Ethiopia","Africa","Y20002002","46.7"
"1241","Ethiopia","Africa","Y20012003","44.1"
"1242","Ethiopia","Africa","Y20022004","42.5"
"1243","Ethiopia","Africa","Y20032005","39.1"
"1244","Ethiopia","Africa","Y20042006","37.1"
"1245","Ethiopia","Africa","Y20052007","35.6"
"1246","Ethiopia","Africa","Y20062008","35"
"1247","Ethiopia","Africa","Y20072009","33.5"
"1248","Ethiopia","Africa","Y20082010","28.2"
"1249","Ethiopia","Africa","Y20092011","24.2"
"1250","Ethiopia","Africa","Y20102012","20.3"
"1251","Ethiopia","Africa","Y20112013","18.9"
"1252","Ethiopia","Africa","Y20122014","17.3"
"1253","Ethiopia","Africa","Y20132015","15.6"
"1254","Ethiopia","Africa","Y20142016","14.5"
"1255","Ethiopia","Africa","Y20152017","14.1"
"1256","Ethiopia","Africa","Y20162018","15.5"
"1257","Ethiopia","Africa","Y20172019","18"
"1258","Ethiopia","Africa","Y20182020","20.7"
"1259","Ethiopia","Africa","Y20192021","22.3"
"1260","Ethiopia","Africa","Y20202022","21.9"
"1261","Gabon","Africa","Y20002002","10.8"
"1262","Gabon","Africa","Y20012003","12.2"
"1263","Gabon","Africa","Y20022004","13.4"
"1264","Gabon","Africa","Y20032005","13.9"
"1265","Gabon","Africa","Y20042006","14.4"
"1266","Gabon","Africa","Y20052007","14.8"
"1267","Gabon","Africa","Y20062008","16"
"1268","Gabon","Africa","Y20072009","16.8"
"1269","Gabon","Africa","Y20082010","17.3"
"1270","Gabon","Africa","Y20092011","16.6"
"1271","Gabon","Africa","Y20102012","15.9"
"1272","Gabon","Africa","Y20112013","15.4"
"1273","Gabon","Africa","Y20122014","15.4"
"1274","Gabon","Africa","Y20132015","15.7"
"1275","Gabon","Africa","Y20142016","16.3"
"1276","Gabon","Africa","Y20152017","17.4"
"1277","Gabon","Africa","Y20162018","18.4"
"1278","Gabon","Africa","Y20172019","19.5"
"1279","Gabon","Africa","Y20182020","20.9"
"1280","Gabon","Africa","Y20192021","22.1"
"1281","Gabon","Africa","Y20202022","23"
"1282","Gambia","Africa","Y20002002","18"
"1283","Gambia","Africa","Y20012003","19.8"
"1284","Gambia","Africa","Y20022004","20.5"
"1285","Gambia","Africa","Y20032005","20.7"
"1286","Gambia","Africa","Y20042006","21.5"
"1287","Gambia","Africa","Y20052007","20.5"
"1288","Gambia","Africa","Y20062008","18.4"
"1289","Gambia","Africa","Y20072009","15.4"
"1290","Gambia","Africa","Y20082010","14"
"1291","Gambia","Africa","Y20092011","13.1"
"1292","Gambia","Africa","Y20102012","12.9"
"1293","Gambia","Africa","Y20112013","13.6"
"1294","Gambia","Africa","Y20122014","14.4"
"1295","Gambia","Africa","Y20132015","15.4"
"1296","Gambia","Africa","Y20142016","15.9"
"1297","Gambia","Africa","Y20152017","16.7"
"1298","Gambia","Africa","Y20162018","17.6"
"1299","Gambia","Africa","Y20172019","17.8"
"1300","Gambia","Africa","Y20182020","18.3"
"1301","Gambia","Africa","Y20192021","18.7"
"1302","Gambia","Africa","Y20202022","19.6"
"1303","Ghana","Africa","Y20002002","14.9"
"1304","Ghana","Africa","Y20012003","13.5"
"1305","Ghana","Africa","Y20022004","12.7"
"1306","Ghana","Africa","Y20032005","12.1"
"1307","Ghana","Africa","Y20042006","11.1"
"1308","Ghana","Africa","Y20052007","10.4"
"1309","Ghana","Africa","Y20062008","9.2"
"1310","Ghana","Africa","Y20072009","8.1"
"1311","Ghana","Africa","Y20082010","6.6"
"1312","Ghana","Africa","Y20092011","6.2"
"1313","Ghana","Africa","Y20102012","6.3"
"1314","Ghana","Africa","Y20112013","6.6"
"1315","Ghana","Africa","Y20122014","6.9"
"1316","Ghana","Africa","Y20132015","7.5"
"1317","Ghana","Africa","Y20142016","8.2"
"1318","Ghana","Africa","Y20152017","8.3"
"1319","Ghana","Africa","Y20162018","7.6"
"1320","Ghana","Africa","Y20172019","6.5"
"1321","Ghana","Africa","Y20182020","5.7"
"1322","Ghana","Africa","Y20192021","5.1"
"1323","Ghana","Africa","Y20202022","4.9"
"1324","Guinea","Africa","Y20002002","18"
"1325","Guinea","Africa","Y20012003","17.8"
"1326","Guinea","Africa","Y20022004","16.9"
"1327","Guinea","Africa","Y20032005","16"
"1328","Guinea","Africa","Y20042006","14.9"
"1329","Guinea","Africa","Y20052007","14"
"1330","Guinea","Africa","Y20062008","12.9"
"1331","Guinea","Africa","Y20072009","12.2"
"1332","Guinea","Africa","Y20082010","14.1"
"1333","Guinea","Africa","Y20092011","15.4"
"1334","Guinea","Africa","Y20102012","16.4"
"1335","Guinea","Africa","Y20112013","14.7"
"1336","Guinea","Africa","Y20122014","13.5"
"1337","Guinea","Africa","Y20132015","12.9"
"1338","Guinea","Africa","Y20142016","12.9"
"1339","Guinea","Africa","Y20152017","13.3"
"1340","Guinea","Africa","Y20162018","13.3"
"1341","Guinea","Africa","Y20172019","12.7"
"1342","Guinea","Africa","Y20182020","12.5"
"1343","Guinea","Africa","Y20192021","12.4"
"1344","Guinea","Africa","Y20202022","12.9"
"1345","Guinea-Bissau","Africa","Y20002002","15.8"
"1346","Guinea-Bissau","Africa","Y20012003","16.1"
"1347","Guinea-Bissau","Africa","Y20022004","16.4"
"1348","Guinea-Bissau","Africa","Y20032005","16.5"
"1349","Guinea-Bissau","Africa","Y20042006","16.4"
"1350","Guinea-Bissau","Africa","Y20052007","16.3"
"1351","Guinea-Bissau","Africa","Y20062008","16.2"
"1352","Guinea-Bissau","Africa","Y20072009","16.1"
"1353","Guinea-Bissau","Africa","Y20082010","19.8"
"1354","Guinea-Bissau","Africa","Y20092011","23.8"
"1355","Guinea-Bissau","Africa","Y20102012","28.1"
"1356","Guinea-Bissau","Africa","Y20112013","30.4"
"1357","Guinea-Bissau","Africa","Y20122014","33"
"1358","Guinea-Bissau","Africa","Y20132015","34.8"
"1359","Guinea-Bissau","Africa","Y20142016","35.1"
"1360","Guinea-Bissau","Africa","Y20152017","34"
"1361","Guinea-Bissau","Africa","Y20162018","32.9"
"1362","Guinea-Bissau","Africa","Y20172019","33.1"
"1363","Guinea-Bissau","Africa","Y20182020","35.3"
"1364","Guinea-Bissau","Africa","Y20192021","36.8"
"1365","Guinea-Bissau","Africa","Y20202022","37.9"
"1366","Kenya","Africa","Y20002002","32.3"
"1367","Kenya","Africa","Y20012003","33.7"
"1368","Kenya","Africa","Y20022004","35"
"1369","Kenya","Africa","Y20032005","32.1"
"1370","Kenya","Africa","Y20042006","28.4"
"1371","Kenya","Africa","Y20052007","26.1"
"1372","Kenya","Africa","Y20062008","27.1"
"1373","Kenya","Africa","Y20072009","27"
"1374","Kenya","Africa","Y20082010","24.3"
"1375","Kenya","Africa","Y20092011","21.3"
"1376","Kenya","Africa","Y20102012","19.2"
"1377","Kenya","Africa","Y20112013","18.3"
"1378","Kenya","Africa","Y20122014","18.1"
"1379","Kenya","Africa","Y20132015","18.3"
"1380","Kenya","Africa","Y20142016","20"
"1381","Kenya","Africa","Y20152017","21.5"
"1382","Kenya","Africa","Y20162018","22.8"
"1383","Kenya","Africa","Y20172019","22.2"
"1384","Kenya","Africa","Y20182020","23"
"1385","Kenya","Africa","Y20192021","24.7"
"1386","Kenya","Africa","Y20202022","27.8"
"1387","Lesotho","Africa","Y20002002","20.7"
"1388","Lesotho","Africa","Y20012003","19"
"1389","Lesotho","Africa","Y20022004","17.3"
"1390","Lesotho","Africa","Y20032005","15.6"
"1391","Lesotho","Africa","Y20042006","13.9"
"1392","Lesotho","Africa","Y20052007","12.9"
"1393","Lesotho","Africa","Y20062008","12.4"
"1394","Lesotho","Africa","Y20072009","12.3"
"1395","Lesotho","Africa","Y20082010","12"
"1396","Lesotho","Africa","Y20092011","11.8"
"1397","Lesotho","Africa","Y20102012","12.5"
"1398","Lesotho","Africa","Y20112013","15.2"
"1399","Lesotho","Africa","Y20122014","20"
"1400","Lesotho","Africa","Y20132015","27.2"
"1401","Lesotho","Africa","Y20142016","31.9"
"1402","Lesotho","Africa","Y20152017","34"
"1403","Lesotho","Africa","Y20162018","31.6"
"1404","Lesotho","Africa","Y20172019","33"
"1405","Lesotho","Africa","Y20182020","38.1"
"1406","Lesotho","Africa","Y20192021","43.7"
"1407","Lesotho","Africa","Y20202022","46"
"1408","Liberia","Africa","Y20002002","36.3"
"1409","Liberia","Africa","Y20012003","37.5"
"1410","Liberia","Africa","Y20022004","36.5"
"1411","Liberia","Africa","Y20032005","34.8"
"1412","Liberia","Africa","Y20042006","33.5"
"1413","Liberia","Africa","Y20052007","32.5"
"1414","Liberia","Africa","Y20062008","31.3"
"1415","Liberia","Africa","Y20072009","29.5"
"1416","Liberia","Africa","Y20082010","30.6"
"1417","Liberia","Africa","Y20092011","33.2"
"1418","Liberia","Africa","Y20102012","35.8"
"1419","Liberia","Africa","Y20112013","36.7"
"1420","Liberia","Africa","Y20122014","36.6"
"1421","Liberia","Africa","Y20132015","36.8"
"1422","Liberia","Africa","Y20142016","35.9"
"1423","Liberia","Africa","Y20152017","35.3"
"1424","Liberia","Africa","Y20162018","35.1"
"1425","Liberia","Africa","Y20172019","35.6"
"1426","Liberia","Africa","Y20182020","36.9"
"1427","Liberia","Africa","Y20192021","37.8"
"1428","Liberia","Africa","Y20202022","38.4"
"1429","Libya","Africa","Y20002002","3.5"
"1430","Libya","Africa","Y20012003","3.8"
"1431","Libya","Africa","Y20022004","4.1"
"1432","Libya","Africa","Y20032005","4.4"
"1433","Libya","Africa","Y20042006","4.7"
"1434","Libya","Africa","Y20052007","5"
"1435","Libya","Africa","Y20062008","5.3"
"1436","Libya","Africa","Y20072009","5.6"
"1437","Libya","Africa","Y20082010","6.7"
"1438","Libya","Africa","Y20092011","7.1"
"1439","Libya","Africa","Y20102012","6.5"
"1440","Libya","Africa","Y20112013","5.2"
"1441","Libya","Africa","Y20122014","4.8"
"1442","Libya","Africa","Y20132015","5.4"
"1443","Libya","Africa","Y20142016","6.1"
"1444","Libya","Africa","Y20152017","6.6"
"1445","Libya","Africa","Y20162018","6.9"
"1446","Libya","Africa","Y20172019","7.1"
"1447","Libya","Africa","Y20182020","7.7"
"1448","Libya","Africa","Y20192021","7.9"
"1449","Libya","Africa","Y20202022","8.4"
"1450","Madagascar","Africa","Y20002002","34.1"
"1451","Madagascar","Africa","Y20012003","35.6"
"1452","Madagascar","Africa","Y20022004","36.9"
"1453","Madagascar","Africa","Y20032005","35.4"
"1454","Madagascar","Africa","Y20042006","33.7"
"1455","Madagascar","Africa","Y20052007","31.4"
"1456","Madagascar","Africa","Y20062008","30.9"
"1457","Madagascar","Africa","Y20072009","30.7"
"1458","Madagascar","Africa","Y20082010","29.9"
"1459","Madagascar","Africa","Y20092011","28.3"
"1460","Madagascar","Africa","Y20102012","27.2"
"1461","Madagascar","Africa","Y20112013","29.3"
"1462","Madagascar","Africa","Y20122014","33"
"1463","Madagascar","Africa","Y20132015","37.7"
"1464","Madagascar","Africa","Y20142016","40.4"
"1465","Madagascar","Africa","Y20152017","41.9"
"1466","Madagascar","Africa","Y20162018","42.8"
"1467","Madagascar","Africa","Y20172019","44.7"
"1468","Madagascar","Africa","Y20182020","47.1"
"1469","Madagascar","Africa","Y20192021","49.5"
"1470","Madagascar","Africa","Y20202022","51"
"1471","Malawi","Africa","Y20002002","23.4"
"1472","Malawi","Africa","Y20012003","23.6"
"1473","Malawi","Africa","Y20022004","24.2"
"1474","Malawi","Africa","Y20032005","23.5"
"1475","Malawi","Africa","Y20042006","21.9"
"1476","Malawi","Africa","Y20052007","20.1"
"1477","Malawi","Africa","Y20062008","18.6"
"1478","Malawi","Africa","Y20072009","18.3"
"1479","Malawi","Africa","Y20082010","16.1"
"1480","Malawi","Africa","Y20092011","14.2"
"1481","Malawi","Africa","Y20102012","12.1"
"1482","Malawi","Africa","Y20112013","12.4"
"1483","Malawi","Africa","Y20122014","12.9"
"1484","Malawi","Africa","Y20132015","13.3"
"1485","Malawi","Africa","Y20142016","13.9"
"1486","Malawi","Africa","Y20152017","14.3"
"1487","Malawi","Africa","Y20162018","15.1"
"1488","Malawi","Africa","Y20172019","15.7"
"1489","Malawi","Africa","Y20182020","16.5"
"1490","Malawi","Africa","Y20192021","17.2"
"1491","Malawi","Africa","Y20202022","17.8"
"1492","Mali","Africa","Y20002002","16.6"
"1493","Mali","Africa","Y20012003","15.6"
"1494","Mali","Africa","Y20022004","15.4"
"1495","Mali","Africa","Y20032005","14.7"
"1496","Mali","Africa","Y20042006","13.6"
"1497","Mali","Africa","Y20052007","12.1"
"1498","Mali","Africa","Y20062008","10.7"
"1499","Mali","Africa","Y20072009","9.6"
"1500","Mali","Africa","Y20082010","7.8"
"1501","Mali","Africa","Y20092011","6.3"
"1502","Mali","Africa","Y20102012","5"
"1503","Mali","Africa","Y20112013","4.6"
"1504","Mali","Africa","Y20122014","4.4"
"1505","Mali","Africa","Y20132015","4.3"
"1506","Mali","Africa","Y20142016","4.2"
"1507","Mali","Africa","Y20152017","3.8"
"1508","Mali","Africa","Y20162018","3.9"
"1509","Mali","Africa","Y20172019","4.3"
"1510","Mali","Africa","Y20182020","6.6"
"1511","Mali","Africa","Y20192021","9.7"
"1512","Mali","Africa","Y20202022","12.8"
"1513","Mauritania","Africa","Y20002002","8.2"
"1514","Mauritania","Africa","Y20012003","7.7"
"1515","Mauritania","Africa","Y20022004","8.1"
"1516","Mauritania","Africa","Y20032005","8.3"
"1517","Mauritania","Africa","Y20042006","9.1"
"1518","Mauritania","Africa","Y20052007","8.4"
"1519","Mauritania","Africa","Y20062008","7.7"
"1520","Mauritania","Africa","Y20072009","6.9"
"1521","Mauritania","Africa","Y20082010","7"
"1522","Mauritania","Africa","Y20092011","7"
"1523","Mauritania","Africa","Y20102012","6.7"
"1524","Mauritania","Africa","Y20112013","6.3"
"1525","Mauritania","Africa","Y20122014","6.2"
"1526","Mauritania","Africa","Y20132015","6.5"
"1527","Mauritania","Africa","Y20142016","6.8"
"1528","Mauritania","Africa","Y20152017","7"
"1529","Mauritania","Africa","Y20162018","7"
"1530","Mauritania","Africa","Y20172019","6.9"
"1531","Mauritania","Africa","Y20182020","7"
"1532","Mauritania","Africa","Y20192021","7.5"
"1533","Mauritania","Africa","Y20202022","8.7"
"1534","Mauritius","Africa","Y20002002","5.8"
"1535","Mauritius","Africa","Y20012003","5.6"
"1536","Mauritius","Africa","Y20022004","5.4"
"1537","Mauritius","Africa","Y20032005","5.3"
"1538","Mauritius","Africa","Y20042006","5.1"
"1539","Mauritius","Africa","Y20052007","5"
"1540","Mauritius","Africa","Y20062008","5.3"
"1541","Mauritius","Africa","Y20072009","5"
"1542","Mauritius","Africa","Y20082010","5"
"1543","Mauritius","Africa","Y20092011","4.7"
"1544","Mauritius","Africa","Y20102012","5.1"
"1545","Mauritius","Africa","Y20112013","5.4"
"1546","Mauritius","Africa","Y20122014","5.6"
"1547","Mauritius","Africa","Y20132015","5.7"
"1548","Mauritius","Africa","Y20142016","5.9"
"1549","Mauritius","Africa","Y20152017","6.1"
"1550","Mauritius","Africa","Y20162018","6.2"
"1551","Mauritius","Africa","Y20172019","5.9"
"1552","Mauritius","Africa","Y20182020","6.6"
"1553","Mauritius","Africa","Y20192021","6.9"
"1554","Mauritius","Africa","Y20202022","6.8"
"1555","Morocco","Africa","Y20002002","6.3"
"1556","Morocco","Africa","Y20012003","5.9"
"1557","Morocco","Africa","Y20022004","5.6"
"1558","Morocco","Africa","Y20032005","5.6"
"1559","Morocco","Africa","Y20042006","5.5"
"1560","Morocco","Africa","Y20052007","5.8"
"1561","Morocco","Africa","Y20062008","5.6"
"1562","Morocco","Africa","Y20072009","5.7"
"1563","Morocco","Africa","Y20082010","5.5"
"1564","Morocco","Africa","Y20092011","5.1"
"1565","Morocco","Africa","Y20102012","4.6"
"1566","Morocco","Africa","Y20112013","4.4"
"1567","Morocco","Africa","Y20122014","4.1"
"1568","Morocco","Africa","Y20132015","4"
"1569","Morocco","Africa","Y20142016","3.8"
"1570","Morocco","Africa","Y20152017","3.7"
"1571","Morocco","Africa","Y20162018","3.6"
"1572","Morocco","Africa","Y20172019","3.6"
"1573","Morocco","Africa","Y20182020","4.2"
"1574","Morocco","Africa","Y20192021","5.3"
"1575","Morocco","Africa","Y20202022","6.3"
"1576","Mozambique","Africa","Y20002002","36.9"
"1577","Mozambique","Africa","Y20012003","35.4"
"1578","Mozambique","Africa","Y20022004","34.3"
"1579","Mozambique","Africa","Y20032005","34.4"
"1580","Mozambique","Africa","Y20042006","33.8"
"1581","Mozambique","Africa","Y20052007","33"
"1582","Mozambique","Africa","Y20062008","30.5"
"1583","Mozambique","Africa","Y20072009","29.2"
"1584","Mozambique","Africa","Y20082010","23.9"
"1585","Mozambique","Africa","Y20092011","19.7"
"1586","Mozambique","Africa","Y20102012","16"
"1587","Mozambique","Africa","Y20112013","17.2"
"1588","Mozambique","Africa","Y20122014","23.5"
"1589","Mozambique","Africa","Y20132015","31.2"
"1590","Mozambique","Africa","Y20142016","39.5"
"1591","Mozambique","Africa","Y20152017","40.7"
"1592","Mozambique","Africa","Y20162018","35.5"
"1593","Mozambique","Africa","Y20172019","29.5"
"1594","Mozambique","Africa","Y20182020","27"
"1595","Mozambique","Africa","Y20192021","29.5"
"1596","Mozambique","Africa","Y20202022","30.5"
"1597","Namibia","Africa","Y20002002","15.6"
"1598","Namibia","Africa","Y20012003","16.5"
"1599","Namibia","Africa","Y20022004","17.7"
"1600","Namibia","Africa","Y20032005","18.7"
"1601","Namibia","Africa","Y20042006","20.3"
"1602","Namibia","Africa","Y20052007","22.4"
"1603","Namibia","Africa","Y20062008","26.1"
"1604","Namibia","Africa","Y20072009","30.6"
"1605","Namibia","Africa","Y20082010","31.9"
"1606","Namibia","Africa","Y20092011","30.4"
"1607","Namibia","Africa","Y20102012","25.9"
"1608","Namibia","Africa","Y20112013","23.4"
"1609","Namibia","Africa","Y20122014","21.8"
"1610","Namibia","Africa","Y20132015","21"
"1611","Namibia","Africa","Y20142016","20.3"
"1612","Namibia","Africa","Y20152017","19.3"
"1613","Namibia","Africa","Y20162018","18.9"
"1614","Namibia","Africa","Y20172019","18.2"
"1615","Namibia","Africa","Y20182020","17.6"
"1616","Namibia","Africa","Y20192021","17.1"
"1617","Namibia","Africa","Y20202022","17.1"
"1618","Niger","Africa","Y20002002","23.3"
"1619","Niger","Africa","Y20012003","22.4"
"1620","Niger","Africa","Y20022004","21.1"
"1621","Niger","Africa","Y20032005","19.4"
"1622","Niger","Africa","Y20042006","19.1"
"1623","Niger","Africa","Y20052007","19.2"
"1624","Niger","Africa","Y20062008","18.5"
"1625","Niger","Africa","Y20072009","17.8"
"1626","Niger","Africa","Y20082010","15.8"
"1627","Niger","Africa","Y20092011","15.3"
"1628","Niger","Africa","Y20102012","14.4"
"1629","Niger","Africa","Y20112013","14.7"
"1630","Niger","Africa","Y20122014","14.1"
"1631","Niger","Africa","Y20132015","13.3"
"1632","Niger","Africa","Y20142016","12.4"
"1633","Niger","Africa","Y20152017","11.7"
"1634","Niger","Africa","Y20162018","10.9"
"1635","Niger","Africa","Y20172019","11"
"1636","Niger","Africa","Y20182020","11.9"
"1637","Niger","Africa","Y20192021","14.2"
"1638","Niger","Africa","Y20202022","16.1"
"1639","Nigeria","Africa","Y20002002","8.8"
"1640","Nigeria","Africa","Y20012003","8.8"
"1641","Nigeria","Africa","Y20022004","8.5"
"1642","Nigeria","Africa","Y20032005","7.8"
"1643","Nigeria","Africa","Y20042006","7"
"1644","Nigeria","Africa","Y20052007","6.6"
"1645","Nigeria","Africa","Y20062008","6.4"
"1646","Nigeria","Africa","Y20072009","6.7"
"1647","Nigeria","Africa","Y20082010","7.5"
"1648","Nigeria","Africa","Y20092011","8.4"
"1649","Nigeria","Africa","Y20102012","9.2"
"1650","Nigeria","Africa","Y20112013","9.7"
"1651","Nigeria","Africa","Y20122014","9.6"
"1652","Nigeria","Africa","Y20132015","9.5"
"1653","Nigeria","Africa","Y20142016","9.3"
"1654","Nigeria","Africa","Y20152017","9.6"
"1655","Nigeria","Africa","Y20162018","10.1"
"1656","Nigeria","Africa","Y20172019","10.6"
"1657","Nigeria","Africa","Y20182020","12.4"
"1658","Nigeria","Africa","Y20192021","14.2"
"1659","Nigeria","Africa","Y20202022","15.9"
"1660","Rwanda","Africa","Y20002002","38"
"1661","Rwanda","Africa","Y20012003","34.7"
"1662","Rwanda","Africa","Y20022004","34"
"1663","Rwanda","Africa","Y20032005","35"
"1664","Rwanda","Africa","Y20042006","34.3"
"1665","Rwanda","Africa","Y20052007","32.7"
"1666","Rwanda","Africa","Y20062008","31.3"
"1667","Rwanda","Africa","Y20072009","28.6"
"1668","Rwanda","Africa","Y20082010","29"
"1669","Rwanda","Africa","Y20092011","30.3"
"1670","Rwanda","Africa","Y20102012","33"
"1671","Rwanda","Africa","Y20112013","33"
"1672","Rwanda","Africa","Y20122014","33.1"
"1673","Rwanda","Africa","Y20132015","33"
"1674","Rwanda","Africa","Y20142016","32.6"
"1675","Rwanda","Africa","Y20152017","31.5"
"1676","Rwanda","Africa","Y20162018","31.4"
"1677","Rwanda","Africa","Y20172019","31.8"
"1678","Rwanda","Africa","Y20182020","32.7"
"1679","Rwanda","Africa","Y20192021","32.4"
"1680","Rwanda","Africa","Y20202022","31.6"
"1681","Sao Tome and Principe","Africa","Y20002002","15.7"
"1682","Sao Tome and Principe","Africa","Y20012003","13.7"
"1683","Sao Tome and Principe","Africa","Y20022004","12.3"
"1684","Sao Tome and Principe","Africa","Y20032005","11.1"
"1685","Sao Tome and Principe","Africa","Y20042006","10.3"
"1686","Sao Tome and Principe","Africa","Y20052007","10.4"
"1687","Sao Tome and Principe","Africa","Y20062008","11.3"
"1688","Sao Tome and Principe","Africa","Y20072009","12.8"
"1689","Sao Tome and Principe","Africa","Y20082010","14"
"1690","Sao Tome and Principe","Africa","Y20092011","15.4"
"1691","Sao Tome and Principe","Africa","Y20102012","16.2"
"1692","Sao Tome and Principe","Africa","Y20112013","16.1"
"1693","Sao Tome and Principe","Africa","Y20122014","15.9"
"1694","Sao Tome and Principe","Africa","Y20132015","16.2"
"1695","Sao Tome and Principe","Africa","Y20142016","16.1"
"1696","Sao Tome and Principe","Africa","Y20152017","15.8"
"1697","Sao Tome and Principe","Africa","Y20162018","15.3"
"1698","Sao Tome and Principe","Africa","Y20172019","15.3"
"1699","Sao Tome and Principe","Africa","Y20182020","14.9"
"1700","Sao Tome and Principe","Africa","Y20192021","13.5"
"1701","Sao Tome and Principe","Africa","Y20202022","13.1"
"1702","Senegal","Africa","Y20002002","24.5"
"1703","Senegal","Africa","Y20012003","23.2"
"1704","Senegal","Africa","Y20022004","21.7"
"1705","Senegal","Africa","Y20032005","19.8"
"1706","Senegal","Africa","Y20042006","18.1"
"1707","Senegal","Africa","Y20052007","16.5"
"1708","Senegal","Africa","Y20062008","13.6"
"1709","Senegal","Africa","Y20072009","11.8"
"1710","Senegal","Africa","Y20082010","10.7"
"1711","Senegal","Africa","Y20092011","10.8"
"1712","Senegal","Africa","Y20102012","10.7"
"1713","Senegal","Africa","Y20112013","11"
"1714","Senegal","Africa","Y20122014","10.8"
"1715","Senegal","Africa","Y20132015","10.6"
"1716","Senegal","Africa","Y20142016","9.5"
"1717","Senegal","Africa","Y20152017","8.3"
"1718","Senegal","Africa","Y20162018","7.3"
"1719","Senegal","Africa","Y20172019","6.7"
"1720","Senegal","Africa","Y20182020","6.3"
"1721","Senegal","Africa","Y20192021","5.9"
"1722","Senegal","Africa","Y20202022","5.7"
"1723","Seychelles","Africa","Y20002002","2.6"
"1724","Seychelles","Africa","Y20012003","2.6"
"1725","Seychelles","Africa","Y20022004","2.6"
"1726","Seychelles","Africa","Y20032005","2.6"
"1727","Seychelles","Africa","Y20042006","2.6"
"1728","Seychelles","Africa","Y20052007","2.6"
"1729","Seychelles","Africa","Y20062008","2.8"
"1730","Seychelles","Africa","Y20072009","2.6"
"1731","Seychelles","Africa","Y20082010","3.3"
"1732","Seychelles","Africa","Y20092011","4"
"1733","Seychelles","Africa","Y20102012","5"
"1734","Seychelles","Africa","Y20112013","5.6"
"1735","Seychelles","Africa","Y20122014","5.7"
"1736","Seychelles","Africa","Y20132015","5.7"
"1737","Seychelles","Africa","Y20142016","5.2"
"1738","Seychelles","Africa","Y20152017","4.7"
"1739","Seychelles","Africa","Y20162018","4.3"
"1740","Seychelles","Africa","Y20172019","4"
"1741","Seychelles","Africa","Y20182020","4"
"1742","Seychelles","Africa","Y20192021","3.5"
"1743","Seychelles","Africa","Y20202022","4.3"
"1744","Sierra Leone","Africa","Y20002002","50.4"
"1745","Sierra Leone","Africa","Y20012003","49.5"
"1746","Sierra Leone","Africa","Y20022004","49"
"1747","Sierra Leone","Africa","Y20032005","48.5"
"1748","Sierra Leone","Africa","Y20042006","46.5"
"1749","Sierra Leone","Africa","Y20052007","43.5"
"1750","Sierra Leone","Africa","Y20062008","41.5"
"1751","Sierra Leone","Africa","Y20072009","40.1"
"1752","Sierra Leone","Africa","Y20082010","33.5"
"1753","Sierra Leone","Africa","Y20092011","26.7"
"1754","Sierra Leone","Africa","Y20102012","21.1"
"1755","Sierra Leone","Africa","Y20112013","21.4"
"1756","Sierra Leone","Africa","Y20122014","22.7"
"1757","Sierra Leone","Africa","Y20132015","22.6"
"1758","Sierra Leone","Africa","Y20142016","23.7"
"1759","Sierra Leone","Africa","Y20152017","24.2"
"1760","Sierra Leone","Africa","Y20162018","25.7"
"1761","Sierra Leone","Africa","Y20172019","26.8"
"1762","Sierra Leone","Africa","Y20182020","27.5"
"1763","Sierra Leone","Africa","Y20192021","27.3"
"1764","Sierra Leone","Africa","Y20202022","27.8"
"1765","Somalia","Africa","Y20002002","70.6"
"1766","Somalia","Africa","Y20012003","70.6"
"1767","Somalia","Africa","Y20022004","70.5"
"1768","Somalia","Africa","Y20032005","70.4"
"1769","Somalia","Africa","Y20042006","70.4"
"1770","Somalia","Africa","Y20052007","70.4"
"1771","Somalia","Africa","Y20062008","70.4"
"1772","Somalia","Africa","Y20072009","70.5"
"1773","Somalia","Africa","Y20082010","70.9"
"1774","Somalia","Africa","Y20092011","70.1"
"1775","Somalia","Africa","Y20102012","68"
"1776","Somalia","Africa","Y20112013","64.2"
"1777","Somalia","Africa","Y20122014","60.4"
"1778","Somalia","Africa","Y20132015","58.7"
"1779","Somalia","Africa","Y20142016","58.2"
"1780","Somalia","Africa","Y20152017","57.7"
"1781","Somalia","Africa","Y20162018","56.6"
"1782","Somalia","Africa","Y20172019","54"
"1783","Somalia","Africa","Y20182020","51.9"
"1784","Somalia","Africa","Y20192021","49.9"
"1785","Somalia","Africa","Y20202022","48.7"
"1786","South Africa","Africa","Y20002002","3.8"
"1787","South Africa","Africa","Y20012003","3.7"
"1788","South Africa","Africa","Y20022004","3.6"
"1789","South Africa","Africa","Y20032005","3.4"
"1790","South Africa","Africa","Y20042006","3.4"
"1791","South Africa","Africa","Y20052007","3.5"
"1792","South Africa","Africa","Y20062008","3.6"
"1793","South Africa","Africa","Y20072009","3.6"
"1794","South Africa","Africa","Y20082010","4.1"
"1795","South Africa","Africa","Y20092011","4.7"
"1796","South Africa","Africa","Y20102012","5.1"
"1797","South Africa","Africa","Y20112013","5.2"
"1798","South Africa","Africa","Y20122014","5.5"
"1799","South Africa","Africa","Y20132015","6.3"
"1800","South Africa","Africa","Y20142016","6.5"
"1801","South Africa","Africa","Y20152017","6.2"
"1802","South Africa","Africa","Y20162018","5.7"
"1803","South Africa","Africa","Y20172019","5.7"
"1804","South Africa","Africa","Y20182020","6.1"
"1805","South Africa","Africa","Y20192021","6.9"
"1806","South Africa","Africa","Y20202022","7.9"
"1807","South Sudan","Africa","Y20002002",""
"1808","South Sudan","Africa","Y20012003",""
"1809","South Sudan","Africa","Y20022004",""
"1810","South Sudan","Africa","Y20032005",""
"1811","South Sudan","Africa","Y20042006",""
"1812","South Sudan","Africa","Y20052007",""
"1813","South Sudan","Africa","Y20062008",""
"1814","South Sudan","Africa","Y20072009",""
"1815","South Sudan","Africa","Y20082010",""
"1816","South Sudan","Africa","Y20092011",""
"1817","South Sudan","Africa","Y20102012",""
"1818","South Sudan","Africa","Y20112013",""
"1819","South Sudan","Africa","Y20122014",""
"1820","South Sudan","Africa","Y20132015",""
"1821","South Sudan","Africa","Y20142016",""
"1822","South Sudan","Africa","Y20152017",""
"1823","South Sudan","Africa","Y20162018",""
"1824","South Sudan","Africa","Y20172019",""
"1825","South Sudan","Africa","Y20182020",""
"1826","South Sudan","Africa","Y20192021","20.8"
"1827","South Sudan","Africa","Y20202022","21.4"
"1828","Sudan","Africa","Y20002002",""
"1829","Sudan","Africa","Y20012003",""
"1830","Sudan","Africa","Y20022004",""
"1831","Sudan","Africa","Y20032005",""
"1832","Sudan","Africa","Y20042006",""
"1833","Sudan","Africa","Y20052007",""
"1834","Sudan","Africa","Y20062008",""
"1835","Sudan","Africa","Y20072009",""
"1836","Sudan","Africa","Y20082010",""
"1837","Sudan","Africa","Y20092011",""
"1838","Sudan","Africa","Y20102012",""
"1839","Sudan","Africa","Y20112013",""
"1840","Sudan","Africa","Y20122014","9.7"
"1841","Sudan","Africa","Y20132015","9.3"
"1842","Sudan","Africa","Y20142016","9.7"
"1843","Sudan","Africa","Y20152017","10.6"
"1844","Sudan","Africa","Y20162018","11.1"
"1845","Sudan","Africa","Y20172019","11.5"
"1846","Sudan","Africa","Y20182020","11.3"
"1847","Sudan","Africa","Y20192021","11.6"
"1848","Sudan","Africa","Y20202022","11.9"
"1849","Togo","Africa","Y20002002","31.6"
"1850","Togo","Africa","Y20012003","31.6"
"1851","Togo","Africa","Y20022004","30.3"
"1852","Togo","Africa","Y20032005","29.3"
"1853","Togo","Africa","Y20042006","28.3"
"1854","Togo","Africa","Y20052007","27.8"
"1855","Togo","Africa","Y20062008","26.7"
"1856","Togo","Africa","Y20072009","25.8"
"1857","Togo","Africa","Y20082010","23.3"
"1858","Togo","Africa","Y20092011","21.2"
"1859","Togo","Africa","Y20102012","19.6"
"1860","Togo","Africa","Y20112013","19.5"
"1861","Togo","Africa","Y20122014","19.2"
"1862","Togo","Africa","Y20132015","19.7"
"1863","Togo","Africa","Y20142016","19.8"
"1864","Togo","Africa","Y20152017","20.3"
"1865","Togo","Africa","Y20162018","20"
"1866","Togo","Africa","Y20172019","19.7"
"1867","Togo","Africa","Y20182020","18.8"
"1868","Togo","Africa","Y20192021","17.5"
"1869","Togo","Africa","Y20202022","17.4"
"1870","Tunisia","Africa","Y20002002","4.4"
"1871","Tunisia","Africa","Y20012003","4.5"
"1872","Tunisia","Africa","Y20022004","4.5"
"1873","Tunisia","Africa","Y20032005","4.4"
"1874","Tunisia","Africa","Y20042006","4.3"
"1875","Tunisia","Africa","Y20052007","4.3"
"1876","Tunisia","Africa","Y20062008","4"
"1877","Tunisia","Africa","Y20072009","3.8"
"1878","Tunisia","Africa","Y20082010","3.6"
"1879","Tunisia","Africa","Y20092011","3.5"
"1880","Tunisia","Africa","Y20102012","3.4"
"1881","Tunisia","Africa","Y20112013","3.3"
"1882","Tunisia","Africa","Y20122014","3.1"
"1883","Tunisia","Africa","Y20132015","2.9"
"1884","Tunisia","Africa","Y20142016","2.8"
"1885","Tunisia","Africa","Y20152017","2.7"
"1886","Tunisia","Africa","Y20162018","2.6"
"1887","Tunisia","Africa","Y20172019","<2.5"
"1888","Tunisia","Africa","Y20182020","<2.5"
"1889","Tunisia","Africa","Y20192021","2.8"
"1890","Tunisia","Africa","Y20202022","3"
"1891","Uganda","Africa","Y20002002","18.4"
"1892","Uganda","Africa","Y20012003","16.9"
"1893","Uganda","Africa","Y20022004","16"
"1894","Uganda","Africa","Y20032005","15.9"
"1895","Uganda","Africa","Y20042006","16.9"
"1896","Uganda","Africa","Y20052007","18.5"
"1897","Uganda","Africa","Y20062008","20.1"
"1898","Uganda","Africa","Y20072009","20.7"
"1899","Uganda","Africa","Y20082010","19.4"
"1900","Uganda","Africa","Y20092011","18.4"
"1901","Uganda","Africa","Y20102012","18"
"1902","Uganda","Africa","Y20112013","19.3"
"1903","Uganda","Africa","Y20122014","21.3"
"1904","Uganda","Africa","Y20132015","24.7"
"1905","Uganda","Africa","Y20142016","30.2"
"1906","Uganda","Africa","Y20152017","34.2"
"1907","Uganda","Africa","Y20162018","35.5"
"1908","Uganda","Africa","Y20172019","34.1"
"1909","Uganda","Africa","Y20182020","32.5"
"1910","Uganda","Africa","Y20192021","31.5"
"1911","Uganda","Africa","Y20202022","31.6"
"1912","United Republic of Tanzania","Africa","Y20002002","32.8"
"1913","United Republic of Tanzania","Africa","Y20012003","33.7"
"1914","United Republic of Tanzania","Africa","Y20022004","32.2"
"1915","United Republic of Tanzania","Africa","Y20032005","31.3"
"1916","United Republic of Tanzania","Africa","Y20042006","28.1"
"1917","United Republic of Tanzania","Africa","Y20052007","25.6"
"1918","United Republic of Tanzania","Africa","Y20062008","25.4"
"1919","United Republic of Tanzania","Africa","Y20072009","25.6"
"1920","United Republic of Tanzania","Africa","Y20082010","25.6"
"1921","United Republic of Tanzania","Africa","Y20092011","23.8"
"1922","United Republic of Tanzania","Africa","Y20102012","21.7"
"1923","United Republic of Tanzania","Africa","Y20112013","20.7"
"1924","United Republic of Tanzania","Africa","Y20122014","20.3"
"1925","United Republic of Tanzania","Africa","Y20132015","20.2"
"1926","United Republic of Tanzania","Africa","Y20142016","20.5"
"1927","United Republic of Tanzania","Africa","Y20152017","21.1"
"1928","United Republic of Tanzania","Africa","Y20162018","21.8"
"1929","United Republic of Tanzania","Africa","Y20172019","22.2"
"1930","United Republic of Tanzania","Africa","Y20182020","22.3"
"1931","United Republic of Tanzania","Africa","Y20192021","22.2"
"1932","United Republic of Tanzania","Africa","Y20202022","23.5"
"1933","Zambia","Africa","Y20002002","50.4"
"1934","Zambia","Africa","Y20012003","50.2"
"1935","Zambia","Africa","Y20022004","50.1"
"1936","Zambia","Africa","Y20032005","49.9"
"1937","Zambia","Africa","Y20042006","51.4"
"1938","Zambia","Africa","Y20052007","53.3"
"1939","Zambia","Africa","Y20062008","54.9"
"1940","Zambia","Africa","Y20072009","54"
"1941","Zambia","Africa","Y20082010","49.1"
"1942","Zambia","Africa","Y20092011","44.1"
"1943","Zambia","Africa","Y20102012","40.2"
"1944","Zambia","Africa","Y20112013","38.6"
"1945","Zambia","Africa","Y20122014","36.7"
"1946","Zambia","Africa","Y20132015","35"
"1947","Zambia","Africa","Y20142016","33"
"1948","Zambia","Africa","Y20152017","31.2"
"1949","Zambia","Africa","Y20162018","29.4"
"1950","Zambia","Africa","Y20172019","28.8"
"1951","Zambia","Africa","Y20182020","29.2"
"1952","Zambia","Africa","Y20192021","30"
"1953","Zambia","Africa","Y20202022","29.8"
"1954","Zimbabwe","Africa","Y20002002","33"
"1955","Zimbabwe","Africa","Y20012003","32.1"
"1956","Zimbabwe","Africa","Y20022004","31.6"
"1957","Zimbabwe","Africa","Y20032005","31.6"
"1958","Zimbabwe","Africa","Y20042006","30"
"1959","Zimbabwe","Africa","Y20052007","29.3"
"1960","Zimbabwe","Africa","Y20062008","28.7"
"1961","Zimbabwe","Africa","Y20072009","28.7"
"1962","Zimbabwe","Africa","Y20082010","27.8"
"1963","Zimbabwe","Africa","Y20092011","26.3"
"1964","Zimbabwe","Africa","Y20102012","25.1"
"1965","Zimbabwe","Africa","Y20112013","25.1"
"1966","Zimbabwe","Africa","Y20122014","27"
"1967","Zimbabwe","Africa","Y20132015","30"
"1968","Zimbabwe","Africa","Y20142016","32.6"
"1969","Zimbabwe","Africa","Y20152017","35.1"
"1970","Zimbabwe","Africa","Y20162018","36.3"
"1971","Zimbabwe","Africa","Y20172019","38.2"
"1972","Zimbabwe","Africa","Y20182020","38.9"
"1973","Zimbabwe","Africa","Y20192021","39.1"
"1974","Zimbabwe","Africa","Y20202022","38.4"
